Date,Airport,Departure Punctuality %,Arrival Punctuality %,Avg Departure Schedule Delay,Avg Arrival Schedule Delay,Avg Departure - Arrival Schedule Delay,Operated Schedules %,Country,Month,Weekday,Weekday_Name,Is_Weekend,Season,Airport_Size,Delayed
2022-01-06,Paris Orly,79.5,88.72,9.83,5.056752137,4.773247863,90.54,France,1,3,Thursday,0,Winter,Medium,0
2025-01-22,Nice,82.11,85.83,8.415176152,7.734861111,0.680315041,84.67,France,1,2,Wednesday,0,Winter,Medium,0
2023-04-14,Nice,40.93,56.81,31.68713178,22.15438185,9.532749936,91.24,France,4,4,Friday,0,Spring,Medium,1
2025-02-03,Nice,90.97,88.36,6.048611111,5.28630137,0.762309741,89.57,France,2,0,Monday,0,Winter,Medium,0
2025-02-20,Paris Charles de Gaulle,69.83,80.32,17.01579779,13.35238095,3.663416836,93.7,France,2,3,Thursday,0,Winter,Large,1
2024-06-30,Nice,32.49,44.4,48.19133574,35.51125622,12.68007952,85.67,France,6,6,Sunday,1,Summer,Medium,1
2025-04-24,Nice,66.04,80.66,13.56132075,8.289386792,5.271933962,91.91,France,4,3,Thursday,0,Spring,Medium,0
2024-10-18,Paris Charles de Gaulle,55.72,75.46,23.01129272,14.08811222,8.923180499,96.72,France,10,4,Friday,0,Autumn,Large,1
2022-01-09,Nice,73.48,81.6,11.83169192,8.9616,2.870091919,89.47,France,1,6,Sunday,1,Winter,Medium,0
2025-04-06,Paris Orly,75.48,82.22,15.81847134,11.54359788,4.274873454,97.0,France,4,6,Sunday,1,Spring,Medium,1
2025-11-10,Paris Charles de Gaulle,73.64,84.1,14.29392971,11.38117284,2.912756873,97.52,France,11,0,Monday,0,Autumn,Large,0
2022-10-22,Paris Charles de Gaulle,55.17,74.46,18.5862069,12.93785714,5.648349754,98.01,France,10,5,Saturday,1,Autumn,Large,1
2023-09-29,Paris Orly,73.27,84.27,13.65165165,8.263353116,5.388298536,94.63,France,9,4,Friday,0,Autumn,Medium,0
2022-07-22,Paris Orly,36.39,58.33,31.9204893,21.4399177,10.4805716,97.08,France,7,4,Friday,0,Summer,Medium,1
2025-04-15,Paris Orly,72.29,85.93,12.09779116,7.498552894,4.59923827,97.08,France,4,1,Tuesday,0,Spring,Medium,0
2024-03-16,Nice,92.5,91.27,4.816666667,4.748809524,0.067857143,98.39,France,3,5,Saturday,1,Spring,Medium,0
2023-06-21,Paris Charles de Gaulle,40.65,65.78,29.77056946,18.61012346,11.16044601,95.07,France,6,2,Wednesday,0,Summer,Large,1
2025-04-02,Nice,76.5,84.24,10.55737705,8.496648551,2.060728498,93.03,France,4,2,Wednesday,0,Spring,Medium,0
2022-04-21,Paris Charles de Gaulle,56.15,77.93,19.87978047,9.297810858,10.58196962,97.82,France,4,3,Thursday,0,Spring,Large,1
2025-03-04,Nice,88.19,87.3,6.818897638,5.981349206,0.837548431,92.25,France,3,1,Tuesday,0,Spring,Medium,0
2024-04-08,Nice,69.27,72.02,17.00552846,14.45328152,2.552246935,89.36,France,4,0,Monday,0,Spring,Medium,1
2025-04-01,Paris Orly,75.63,84.51,13.58422939,8.063849765,5.520379625,90.65,France,4,1,Tuesday,0,Spring,Medium,0
2022-01-08,Paris Charles de Gaulle,56.58,78.54,20.23647643,12.51939024,7.717086183,95.12,France,1,5,Saturday,1,Winter,Large,1
2025-02-17,Paris Charles de Gaulle,68.55,78.83,15.59193548,14.02472354,1.567211945,96.46,France,2,0,Monday,0,Winter,Large,1
2024-08-02,Paris Charles de Gaulle,42.05,66.57,32.31598687,20.29334258,12.02264429,97.83,France,8,4,Friday,0,Summer,Large,1
2025-03-13,Paris Orly,80.58,89.22,9.935606061,6.372413793,3.563192268,94.55,France,3,3,Thursday,0,Spring,Medium,0
2023-07-25,Paris Orly,47.73,63.38,27.83766234,20.38322718,7.454435161,93.66,France,7,1,Tuesday,0,Summer,Medium,1
2023-09-16,Paris Orly,66.32,77.78,17.09375,13.07732884,4.016421156,94.17,France,9,5,Saturday,1,Autumn,Medium,1
2025-04-23,Paris Orly,62.77,77.98,17.13358974,12.58139653,4.552193209,95.87,France,4,2,Wednesday,0,Spring,Medium,1
2022-01-24,Nice,84.54,90.59,6.257731959,7.092941176,-0.835209218,88.98,France,1,0,Monday,0,Winter,Medium,0
2022-07-09,Paris Orly,41.75,62.68,31.08684211,21.30786385,9.778978255,97.6,France,7,5,Saturday,1,Summer,Medium,1
2024-10-31,Nice,71.71,77.99,15.52631579,14.15377358,1.372542205,93.41,France,10,3,Thursday,0,Autumn,Medium,1
2026-04-24,Paris Orly,77.43,88.48,9.822857143,5.044803371,4.778053772,97.5,France,4,4,Friday,0,Spring,Medium,0
2024-08-22,Nice,59.92,76.69,18.6770428,12.31785714,6.359185659,91.61,France,8,3,Thursday,0,Summer,Medium,1
2026-05-11,Paris Orly,77.09,83.96,11.17337461,8.381132075,2.792242538,96.44,France,5,0,Monday,0,Spring,Medium,0
2026-03-14,Nice,59.5,62.5,27.37190083,19.24947917,8.12242166,80.92,France,3,5,Saturday,1,Spring,Medium,1
2024-04-19,Paris Charles de Gaulle,56.34,69.94,22.75371501,16.99354839,5.760166626,98.21,France,4,4,Friday,0,Spring,Large,1
2024-06-23,Paris Charles de Gaulle,53.54,75.41,22.64490139,11.81566717,10.82923423,96.39,France,6,6,Sunday,1,Summer,Large,1
2022-05-31,Paris Orly,77.58,84.04,9.259786477,8.186229314,1.073557162,97.94,France,5,1,Tuesday,0,Spring,Medium,0
2024-09-21,Paris Orly,70.82,83.15,16.61209964,9.942114695,6.669984949,95.59,France,9,5,Saturday,1,Autumn,Medium,1
2023-07-11,Paris Charles de Gaulle,40.77,61.4,31.6235119,21.09215102,10.53136089,94.92,France,7,1,Tuesday,0,Summer,Large,1
2025-10-21,Paris Charles de Gaulle,66.91,79.67,15.54948301,10.0444362,5.505046812,95.12,France,10,1,Tuesday,0,Autumn,Large,1
2022-12-02,Paris Orly,76.6,80.28,12.39007092,10.394777,1.995293927,96.61,France,12,4,Friday,0,Winter,Medium,0
2025-09-06,Paris Orly,71.25,82.17,14.20766773,9.640233546,4.567434186,93.18,France,9,5,Saturday,1,Autumn,Medium,0
2026-05-06,Paris Orly,79.61,85.95,10.81553398,9.333986928,1.481547052,97.2,France,5,2,Wednesday,0,Spring,Medium,0
2025-01-19,Paris Charles de Gaulle,67.09,80.8,17.13595539,12.66687995,4.469075444,95.86,France,1,6,Sunday,1,Winter,Large,1
2022-05-25,Nice,37.04,55.6,30.86831276,22.65126354,8.217049219,80.76,France,5,2,Wednesday,0,Spring,Medium,1
2022-04-17,Paris Orly,71.53,86.36,12.96271186,8.137470862,4.825241002,98.67,France,4,6,Sunday,1,Spring,Medium,0
2022-04-11,Nice,61.29,76.1,18.5588172,11.11142558,7.447391628,90.45,France,4,0,Monday,0,Spring,Medium,1
2022-06-19,Paris Charles de Gaulle,28.74,51.48,41.00864512,25.69863768,15.31000744,96.76,France,6,6,Sunday,1,Summer,Large,1
2024-06-26,Nice,41.87,66.28,29.75609756,17.25127714,12.50482042,88.58,France,6,2,Wednesday,0,Summer,Medium,1
2026-05-09,Nice,59.62,70.81,15.56730769,12.28644338,3.280864311,88.61,France,5,5,Saturday,1,Spring,Medium,1
2025-06-05,Paris Orly,63.91,75.38,17.29881657,12.47987988,4.818936688,95.24,France,6,3,Thursday,0,Summer,Medium,1
2023-11-05,Paris Charles de Gaulle,58.55,68.9,20.42105263,17.38938127,3.031671361,94.22,France,11,6,Sunday,1,Autumn,Large,1
2025-04-30,Paris Orly,58.57,76.64,18.64485981,11.32642783,7.318431983,95.85,France,4,2,Wednesday,0,Spring,Medium,1
2025-06-11,Paris Orly,71.12,85.2,12.74468085,7.638418933,5.106261919,97.1,France,6,2,Wednesday,0,Summer,Medium,0
2024-02-05,Nice,87.05,90.07,9.519664269,6.380732861,3.138931408,94.08,France,2,0,Monday,0,Winter,Medium,0
2023-04-06,Paris Orly,32.54,42.11,38.07539683,31.60728745,6.468109376,91.37,France,4,3,Thursday,0,Spring,Medium,1
2023-12-26,Paris Orly,71.68,84.27,13.36713287,9.264801865,4.102331002,95.39,France,12,1,Tuesday,0,Winter,Medium,0
2024-10-08,Paris Charles de Gaulle,47.08,65.77,24.15672164,14.97954659,9.177175052,95.38,France,10,1,Tuesday,0,Autumn,Large,1
2026-05-11,Paris Charles de Gaulle,71.01,78.37,15.37869822,11.091582,4.287116222,93.66,France,5,0,Monday,0,Spring,Large,1
2023-03-31,Paris Orly,41.15,53.68,35.01769912,28.04646465,6.971234469,80.84,France,3,4,Friday,0,Spring,Medium,1
2024-12-18,Paris Orly,70.73,84.3,13.78455285,7.035055096,6.749497749,94.05,France,12,2,Wednesday,0,Winter,Medium,0
2025-08-07,Paris Orly,68.79,82.93,15.21212121,9.814278455,5.397842757,96.79,France,8,3,Thursday,0,Summer,Medium,1
2024-08-20,Paris Charles de Gaulle,59.72,75.21,22.397277,13.67479452,8.722482475,96.25,France,8,1,Tuesday,0,Summer,Large,1
2023-11-13,Paris Orly,82.69,87.32,8.964664311,6.699061033,2.265603278,95.61,France,11,0,Monday,0,Autumn,Medium,0
2023-03-21,Paris Orly,52.26,70.53,21.74874372,14.96964573,6.779097986,78.74,France,3,1,Tuesday,0,Spring,Medium,1
2022-02-03,Nice,83.67,85.05,6.918367347,7.109501558,-0.191134211,86.18,France,2,3,Thursday,0,Winter,Medium,0
2024-10-06,Paris Charles de Gaulle,64.35,80.76,17.42672584,9.783358779,7.64336706,96.87,France,10,6,Sunday,1,Autumn,Large,1
2024-10-29,Paris Charles de Gaulle,66.19,78.28,18.21955128,11.96920583,6.250345447,79.9,France,10,1,Tuesday,0,Autumn,Large,1
2025-12-28,Paris Charles de Gaulle,54.86,63.8,23.2460815,21.28920455,1.956876959,97.72,France,12,6,Sunday,1,Winter,Large,1
2025-11-29,Paris Orly,81.57,84.36,13.52534562,10.43017378,3.095171846,96.02,France,11,5,Saturday,1,Autumn,Medium,0
2024-03-01,Paris Orly,68.14,77.85,15.89152542,13.0163311,2.875194328,94.59,France,3,4,Friday,0,Spring,Medium,1
2026-04-26,Paris Charles de Gaulle,76.89,84.6,12.01729607,8.976671851,3.040624222,97.65,France,4,6,Sunday,1,Spring,Large,0
2024-08-11,Paris Charles de Gaulle,54.55,77.79,23.87157287,13.58529412,10.28627875,97.22,France,8,6,Sunday,1,Summer,Large,1
2024-04-11,Paris Charles de Gaulle,65.04,84.39,15.52977099,9.887222222,5.64254877,95.24,France,4,3,Thursday,0,Spring,Large,1
2023-02-01,Paris Orly,77.23,80.73,10.47767857,9.263761468,1.213917104,94.98,France,2,2,Wednesday,0,Winter,Medium,0
2022-11-13,Paris Orly,56.49,69.68,17.86076023,15.21817088,2.642589355,96.64,France,11,6,Sunday,1,Autumn,Medium,1
2025-03-10,Nice,77.27,80.47,11.81818182,10.83076923,0.987412587,83.48,France,3,0,Monday,0,Spring,Medium,0
2025-12-03,Nice,87.39,86.99,7.050420168,6.965718157,0.084702011,85.0,France,12,2,Wednesday,0,Winter,Medium,0
2026-04-01,Nice,73.48,70.74,12.65745856,13.49024823,-0.832789663,86.38,France,4,2,Wednesday,0,Spring,Medium,0
2024-02-14,Paris Orly,84.49,90.71,9.187165775,4.825045537,4.362120238,93.97,France,2,2,Wednesday,0,Winter,Medium,0
2023-01-09,Nice,75.0,87.29,12.375,7.081779661,5.293220339,89.93,France,1,0,Monday,0,Winter,Medium,0
2024-11-09,Paris Orly,60.45,77.42,20.27272727,11.86029186,8.412435414,94.83,France,11,5,Saturday,1,Autumn,Medium,1
2024-10-24,Nice,65.1,76.32,17.48958333,11.52482456,5.964758772,93.75,France,10,3,Thursday,0,Autumn,Medium,1
2025-11-18,Paris Orly,87.73,92.38,8.518181818,6.154110613,2.364071205,96.51,France,11,1,Tuesday,0,Autumn,Medium,0
2024-10-21,Paris Orly,70.0,82.42,18.96666667,10.1390404,8.827626263,95.4,France,10,0,Monday,0,Autumn,Medium,1
2022-07-19,Nice,38.36,58.3,33.45553161,23.23659574,10.21893586,85.42,France,7,1,Tuesday,0,Summer,Medium,1
2023-12-20,Nice,75.97,84.08,15.78571429,14.06464968,1.721064604,90.71,France,12,2,Wednesday,0,Winter,Medium,1
2025-04-15,Nice,73.62,76.22,12.49079755,11.34065041,1.15014714,92.18,France,4,1,Tuesday,0,Spring,Medium,0
2023-09-14,Nice,66.53,72.44,16.6322314,14.1816273,2.450604108,86.15,France,9,3,Thursday,0,Autumn,Medium,1
2024-09-13,Paris Charles de Gaulle,54.7,70.46,22.15484805,15.48731833,6.667529715,98.32,France,9,4,Friday,0,Autumn,Large,1
2023-05-10,Paris Orly,50.66,59.0,24.06953642,21.93505556,2.134480868,97.77,France,5,2,Wednesday,0,Spring,Medium,1
2026-01-01,Paris Orly,65.02,78.87,17.32862191,12.03591549,5.292706415,94.33,France,1,3,Thursday,0,Winter,Medium,1
2024-06-12,Paris Orly,61.73,77.26,18.94135802,12.07159917,6.869758855,96.44,France,6,2,Wednesday,0,Summer,Medium,1
2023-07-10,Nice,46.04,66.15,29.63573141,19.2498703,10.38586112,89.23,France,7,0,Monday,0,Summer,Medium,1
2022-12-17,Nice,56.3,59.5,25.48148148,25.16900826,0.312473217,91.61,France,12,5,Saturday,1,Winter,Medium,1
2022-03-21,Nice,76.52,85.71,10.81060606,6.94887218,3.86173388,86.59,France,3,0,Monday,0,Spring,Medium,0
2023-02-19,Nice,66.22,73.83,15.32432432,12.97729306,2.347031259,89.6,France,2,6,Sunday,1,Winter,Medium,1
2025-06-05,Paris Charles de Gaulle,56.16,75.68,20.5530086,13.25018966,7.302818933,94.41,France,6,3,Thursday,0,Summer,Large,1
2024-03-09,Paris Charles de Gaulle,64.66,78.72,19.35154827,11.36450094,7.987047328,96.7,France,3,5,Saturday,1,Spring,Large,1
2024-09-12,Paris Orly,63.33,70.53,17.11818182,12.93427377,4.183908046,94.32,France,9,3,Thursday,0,Autumn,Medium,1
2024-12-22,Paris Orly,44.21,53.15,26.31578947,21.60961538,4.706174089,93.85,France,12,6,Sunday,1,Winter,Medium,1
2024-01-05,Nice,67.28,79.88,14.22222222,8.829065041,5.393157182,94.77,France,1,4,Friday,0,Winter,Medium,0
2025-07-30,Paris Orly,57.73,77.42,19.59475219,12.80855327,6.786198912,95.81,France,7,2,Wednesday,0,Summer,Medium,1
2022-10-12,Paris Charles de Gaulle,73.99,83.9,12.39555369,7.102853881,5.29269981,97.56,France,10,2,Wednesday,0,Autumn,Large,0
2024-10-17,Nice,52.79,53.96,25.64974619,20.44942244,5.200323751,94.81,France,10,3,Thursday,0,Autumn,Medium,1
2022-09-01,Paris Orly,67.41,76.58,16.14057508,13.64810127,2.492473814,96.64,France,9,3,Thursday,0,Autumn,Medium,1
2022-06-29,Nice,46.02,60.34,29.87610619,22.66278736,7.213318838,85.21,France,6,2,Wednesday,0,Summer,Medium,1
2026-01-31,Nice,86.24,89.0,5.743119266,6.932,-1.188880734,81.88,France,1,5,Saturday,1,Winter,Medium,0
2023-04-30,Paris Orly,65.57,78.03,16.07868852,11.73630573,4.342382792,90.8,France,4,6,Sunday,1,Spring,Medium,1
2023-08-13,Paris Orly,63.16,76.99,16.53560372,11.4309816,5.10462212,96.44,France,8,6,Sunday,1,Summer,Medium,1
2026-01-25,Nice,71.7,76.16,16.8336478,15.03476821,1.798879587,83.59,France,1,6,Sunday,1,Winter,Medium,1
2024-08-31,Paris Charles de Gaulle,48.69,65.47,27.28633721,20.31746747,6.968869742,98.16,France,8,5,Saturday,1,Summer,Large,1
2023-05-01,Nice,29.28,37.71,49.97790055,38.55752381,11.42037674,71.85,France,5,0,Monday,0,Spring,Medium,1
2023-04-18,Paris Charles de Gaulle,43.58,70.49,23.93026941,14.34237108,9.587898334,99.22,France,4,1,Tuesday,0,Spring,Large,1
2023-11-08,Nice,87.5,86.13,6.102941176,5.959367397,0.14357378,90.26,France,11,2,Wednesday,0,Autumn,Medium,0
2024-07-07,Paris Charles de Gaulle,53.82,74.52,23.16470588,13.58986587,9.574840011,95.29,France,7,6,Sunday,1,Summer,Large,1
2022-11-12,Nice,78.22,80.34,10.10891089,9.196438746,0.912472145,92.24,France,11,5,Saturday,1,Autumn,Medium,0
2025-07-24,Paris Charles de Gaulle,35.93,62.34,36.17256011,21.08551836,15.08704175,94.72,France,7,3,Thursday,0,Summer,Large,1
2023-03-28,Paris Charles de Gaulle,55.06,66.72,19.04422527,15.36530907,3.678916202,96.24,France,3,1,Tuesday,0,Spring,Large,1
2024-10-26,Nice,38.61,44.65,36.1399789,27.31708595,8.822892949,77.21,France,10,5,Saturday,1,Autumn,Medium,1
2024-06-14,Paris Charles de Gaulle,51.43,69.01,25.03428571,15.04931925,9.984966465,97.64,France,6,4,Friday,0,Summer,Large,1
2026-01-17,Paris Orly,71.37,81.94,14.76211454,10.09581498,4.666299559,95.42,France,1,5,Saturday,1,Winter,Medium,0
2022-03-07,Nice,82.95,84.62,7.899224806,6.291666667,1.60755814,88.96,France,3,0,Monday,0,Spring,Medium,0
2024-03-28,Paris Orly,69.92,81.6,14.7578125,10.49226667,4.265545833,95.54,France,3,3,Thursday,0,Spring,Medium,0
2024-05-10,Paris Orly,72.43,82.68,14.3255814,9.132407407,5.193173988,88.63,France,5,4,Friday,0,Spring,Medium,0
2022-10-15,Nice,65.85,76.22,18.5304878,14.82906504,3.701422764,92.93,France,10,5,Saturday,1,Autumn,Medium,1
2025-12-15,Paris Charles de Gaulle,45.67,61.53,26.33900929,18.95466567,7.384343619,97.6,France,12,0,Monday,0,Winter,Large,1
2022-11-06,Paris Orly,62.54,60.13,17.59866221,18.64894795,-1.050285744,96.24,France,11,6,Sunday,1,Autumn,Medium,1
2023-10-23,Paris Orly,68.28,73.72,16.67935549,15.05599194,1.623363545,93.63,France,10,0,Monday,0,Autumn,Medium,1
2025-05-27,Paris Charles de Gaulle,67.85,81.52,15.08296296,8.8869846,6.195978363,95.0,France,5,1,Tuesday,0,Spring,Large,1
2025-03-18,Paris Charles de Gaulle,74.44,81.89,12.93247588,8.102419793,4.830056091,94.03,France,3,1,Tuesday,0,Spring,Large,0
2026-05-08,Nice,75.21,75.1,12.02892562,10.84011065,1.18881497,86.93,France,5,4,Friday,0,Spring,Medium,0
2023-08-13,Nice,56.93,68.01,22.14963504,16.07022059,6.079414448,89.75,France,8,6,Sunday,1,Summer,Medium,1
2022-09-20,Paris Charles de Gaulle,64.11,79.9,16.38825449,10.90602377,5.482230715,97.19,France,9,1,Tuesday,0,Autumn,Large,1
2022-12-11,Paris Charles de Gaulle,44.44,62.38,30.77777778,21.14744802,9.630329763,98.07,France,12,6,Sunday,1,Winter,Large,1
2023-01-23,Nice,78.23,75.21,15.93548387,18.02336182,-2.087877952,92.09,France,1,0,Monday,0,Winter,Medium,1
2022-09-28,Paris Charles de Gaulle,61.09,76.01,17.30707395,10.95802269,6.349051265,97.66,France,9,2,Wednesday,0,Autumn,Large,1
2024-08-07,Nice,52.4,72.16,23.804,13.83921569,9.964784314,86.94,France,8,2,Wednesday,0,Summer,Medium,1
2023-10-28,Paris Orly,70.14,77.29,15.59027778,10.82943503,4.76084275,95.1,France,10,5,Saturday,1,Autumn,Medium,1
2025-01-06,Nice,48.41,53.85,23.44585987,21.20854701,2.237312864,91.53,France,1,0,Monday,0,Winter,Medium,1
2024-02-27,Nice,84.21,86.11,10.35964912,8.051080247,2.308568876,88.24,France,2,1,Tuesday,0,Winter,Medium,0
2025-09-02,Nice,64.07,84.89,22.2987013,13.37214815,8.926553151,82.13,France,9,1,Tuesday,0,Autumn,Medium,1
2026-01-13,Paris Orly,86.04,87.34,6.977477477,7.864628821,-0.887151343,94.49,France,1,1,Tuesday,0,Winter,Medium,0
2026-02-14,Nice,72.18,78.83,14.36842105,10.79793187,3.570489179,86.08,France,2,5,Saturday,1,Winter,Medium,0
2022-10-25,Nice,73.53,76.16,12.55882353,10.19602713,2.362796398,92.67,France,10,1,Tuesday,0,Autumn,Medium,0
2022-02-02,Paris Orly,90.28,94.56,4.194444444,3.075623583,1.118820862,84.48,France,2,2,Wednesday,0,Winter,Medium,0
2022-03-16,Paris Orly,86.16,91.15,8.263392857,3.96740413,4.295988727,96.57,France,3,2,Wednesday,0,Spring,Medium,0
2022-08-19,Nice,50.0,70.73,28.24166667,18.40433604,9.837330623,89.4,France,8,4,Friday,0,Summer,Medium,1
2022-09-06,Nice,56.84,69.79,24.54710526,15.54079861,9.006306652,89.91,France,9,1,Tuesday,0,Autumn,Medium,1
2025-03-20,Nice,80.77,79.75,12.8525641,11.51265823,1.339905875,90.23,France,3,3,Thursday,0,Spring,Medium,0
2023-11-10,Paris Orly,73.6,78.86,12.60066007,10.90894855,1.69171152,94.74,France,11,4,Friday,0,Autumn,Medium,0
2024-11-10,Paris Orly,60.38,84.91,16.03326923,7.887798742,8.145470489,94.22,France,11,6,Sunday,1,Autumn,Medium,1
2026-03-17,Paris Orly,90.09,93.72,5.844827586,4.322175732,1.522651854,94.72,France,3,1,Tuesday,0,Spring,Medium,0
2025-08-12,Paris Charles de Gaulle,58.27,77.23,21.46817539,14.15895804,7.30921735,95.23,France,8,1,Tuesday,0,Summer,Large,1
2022-10-24,Nice,56.97,68.24,25.91868687,19.55068627,6.368000594,86.6,France,10,0,Monday,0,Autumn,Medium,1
2025-04-27,Nice,47.84,56.83,31.82758621,26.76277533,5.064810877,88.39,France,4,6,Sunday,1,Spring,Medium,1
2025-01-11,Paris Charles de Gaulle,56.95,67.47,20.41304631,16.22954092,4.183505396,94.39,France,1,5,Saturday,1,Winter,Large,1
2023-04-01,Paris Orly,46.93,49.32,28.40789474,27.77277526,0.635119473,92.74,France,4,5,Saturday,1,Spring,Medium,1
2024-07-20,Nice,18.34,33.57,64.16608997,45.44368231,18.72240765,80.8,France,7,5,Saturday,1,Summer,Medium,1
2022-05-20,Paris Charles de Gaulle,31.34,56.6,34.66344178,22.19851485,12.46492693,96.73,France,5,4,Friday,0,Spring,Large,1
2023-02-21,Paris Orly,78.95,92.08,9.526315789,4.004339623,5.521976167,96.44,France,2,1,Tuesday,0,Winter,Medium,0
2022-05-13,Nice,69.57,75.8,16.647343,9.992009132,6.655333863,89.96,France,5,4,Friday,0,Spring,Medium,1
2022-10-18,Nice,76.3,81.37,12.29479769,8.208281573,4.086516114,91.41,France,10,1,Tuesday,0,Autumn,Medium,0
2022-12-05,Paris Charles de Gaulle,62.75,75.22,15.99082569,11.84803582,4.142789871,97.35,France,12,0,Monday,0,Winter,Large,1
2024-11-07,Nice,81.17,85.06,9.714285714,7.708333333,2.005952381,91.86,France,11,3,Thursday,0,Autumn,Medium,0
2024-01-04,Nice,76.87,82.58,11.44776119,10.0219697,1.425791497,90.0,France,1,3,Thursday,0,Winter,Medium,0
2024-12-20,Paris Orly,55.59,66.99,22.03947368,16.93627137,5.103202317,95.11,France,12,4,Friday,0,Winter,Medium,1
2023-05-17,Nice,46.45,60.79,25.46650869,17.89096916,7.575539526,88.54,France,5,2,Wednesday,0,Spring,Medium,1
2024-02-02,Paris Orly,65.37,83.9,14.34146341,8.098211382,6.243252033,97.16,France,2,4,Friday,0,Winter,Medium,0
2024-03-23,Nice,86.15,80.3,7.899230769,8.534090909,-0.63486014,95.0,France,3,5,Saturday,1,Spring,Medium,0
2023-06-15,Nice,58.59,67.78,18.78414097,16.3834728,2.400668166,89.51,France,6,3,Thursday,0,Summer,Medium,1
2025-06-14,Nice,56.42,71.69,20.83944954,16.41126332,4.428186223,89.92,France,6,5,Saturday,1,Summer,Medium,1
2024-03-29,Paris Orly,74.56,83.33,13.02787456,9.504050926,3.523823639,95.7,France,3,4,Friday,0,Spring,Medium,0
2023-10-18,Nice,76.8,74.07,13.40721649,14.47795414,-1.07073765,90.09,France,10,2,Wednesday,0,Autumn,Medium,0
2024-12-16,Paris Charles de Gaulle,58.04,76.69,20.48264984,12.73208078,7.750569065,96.15,France,12,0,Monday,0,Winter,Large,1
2023-04-16,Paris Charles de Gaulle,46.12,64.02,26.30584022,20.20807995,6.097760265,97.28,France,4,6,Sunday,1,Spring,Large,1
2025-02-09,Nice,73.2,75.66,11.39215686,10.53596491,0.85619195,89.71,France,2,6,Sunday,1,Winter,Medium,0
2023-01-29,Nice,79.85,86.26,10.26119403,6.614885496,3.646308534,93.24,France,1,6,Sunday,1,Winter,Medium,0
2024-12-24,Paris Charles de Gaulle,51.53,72.41,22.58617594,17.99373563,4.59244031,93.08,France,12,1,Tuesday,0,Winter,Large,1
2025-04-25,Paris Charles de Gaulle,62.6,77.71,16.86564885,11.54616147,5.319487389,97.65,France,4,4,Friday,0,Spring,Large,1
2025-12-22,Nice,68.1,72.61,15.7791411,14.04968153,1.729459576,89.13,France,12,0,Monday,0,Winter,Medium,1
2023-02-06,Paris Orly,78.29,83.59,11.27906977,8.813997396,2.465072372,96.28,France,2,0,Monday,0,Winter,Medium,0
2025-11-22,Nice,79.63,82.24,14.64814815,12.31152648,2.336621668,83.46,France,11,5,Saturday,1,Autumn,Medium,0
2022-08-16,Nice,53.05,65.15,25.86885759,18.71826599,7.150591597,91.02,France,8,1,Tuesday,0,Summer,Medium,1
2024-04-07,Paris Orly,75.83,89.21,11.58006042,5.663121693,5.91693873,94.59,France,4,6,Sunday,1,Spring,Medium,0
2024-07-04,Nice,59.85,70.42,18.01028501,12.33016432,5.680120687,88.5,France,7,3,Thursday,0,Summer,Medium,1
2023-05-06,Paris Orly,51.23,69.47,20.46315789,13.47327485,6.989883041,95.36,France,5,5,Saturday,1,Spring,Medium,1
2025-09-06,Paris Charles de Gaulle,62.18,70.62,17.02269289,14.0384359,2.984256992,96.67,France,9,5,Saturday,1,Autumn,Large,1
2024-09-06,Paris Charles de Gaulle,54.24,68.32,22.94444444,15.9946016,6.949842841,96.64,France,9,4,Friday,0,Autumn,Large,1
2024-02-04,Nice,83.94,87.5,7.948905109,5.072671569,2.876233541,93.88,France,2,6,Sunday,1,Winter,Medium,0
2024-11-11,Paris Orly,81.98,88.07,8.5,6.414220183,2.085779817,93.67,France,11,0,Monday,0,Autumn,Medium,0
2023-11-09,Nice,79.02,85.03,12.88811189,7.107369615,5.780742274,91.57,France,11,3,Thursday,0,Autumn,Medium,0
2024-10-22,Nice,72.77,81.82,12.30366492,9.342869875,2.960795046,91.9,France,10,1,Tuesday,0,Autumn,Medium,0
2024-03-05,Nice,86.99,86.36,8.634146341,7.810909091,0.823237251,91.97,France,3,1,Tuesday,0,Spring,Medium,0
2024-07-14,Paris Charles de Gaulle,45.49,60.27,29.62776957,21.4374752,8.190294373,95.94,France,7,6,Sunday,1,Summer,Large,1
2024-01-18,Paris Orly,36.46,67.02,32.4375,20.98298429,11.45451571,95.57,France,1,3,Thursday,0,Winter,Medium,1
2022-09-10,Paris Orly,67.14,74.91,16.28268551,13.51354535,2.769140165,97.59,France,9,5,Saturday,1,Autumn,Medium,1
2025-06-12,Nice,50.82,72.09,25.2704918,14.51511628,10.75537552,92.51,France,6,3,Thursday,0,Summer,Medium,1
2022-01-30,Warsaw Chopin,68.75,77.78,17.103125,10.6034188,6.499706197,96.38,Poland,1,6,Sunday,1,Winter,Medium,1
2022-04-10,Warsaw Chopin,41.77,38.31,38.53639241,39.9547619,-1.4183695,97.62,Poland,4,6,Sunday,1,Spring,Medium,1
2023-11-10,Warsaw Chopin,86.78,89.96,7.239941263,5.744541485,1.495399778,97.52,Poland,11,4,Friday,0,Autumn,Medium,0
2025-10-30,Warsaw Chopin,76.6,81.85,11.5245283,11.00508366,0.519444647,97.84,Poland,10,3,Thursday,0,Autumn,Medium,0
2022-07-05,Warsaw Chopin,35.27,52.0,41.09263393,30.76844444,10.32418948,93.98,Poland,7,1,Tuesday,0,Summer,Medium,1
2024-07-03,Warsaw Chopin,62.03,66.17,19.32650376,17.91340852,1.413095238,96.48,Poland,7,2,Wednesday,0,Summer,Medium,1
2025-02-11,Warsaw Chopin,81.58,90.52,9.907894737,5.846048851,4.061845886,98.29,Poland,2,1,Tuesday,0,Winter,Medium,0
2024-06-25,Warsaw Chopin,65.19,70.97,17.77944444,16.16798088,1.61146356,95.86,Poland,6,1,Tuesday,0,Summer,Medium,1
2024-04-24,Warsaw Chopin,77.82,85.12,9.437377964,9.436157025,0.001220939,95.75,Poland,4,2,Wednesday,0,Spring,Medium,0
2025-09-22,Warsaw Chopin,70.33,72.76,16.54016667,18.42696567,-1.886799003,97.43,Poland,9,0,Monday,0,Autumn,Medium,1
2026-02-02,Warsaw Chopin,55.34,72.18,25.72111959,16.89141604,8.829703553,97.81,Poland,2,0,Monday,0,Winter,Medium,1
2026-04-27,Warsaw Chopin,91.24,91.14,4.674209246,4.955166052,-0.280956806,95.29,Poland,4,0,Monday,0,Spring,Medium,0
2025-04-08,Warsaw Chopin,82.95,86.97,8.354780362,7.456577267,0.898203095,96.36,Poland,4,1,Tuesday,0,Spring,Medium,0
2023-11-26,Warsaw Chopin,67.5,78.46,13.96116667,12.50444444,1.456722222,97.16,Poland,11,6,Sunday,1,Autumn,Medium,0
2026-02-06,Warsaw Chopin,73.71,56.49,16.80385126,27.61081425,-10.80696299,94.87,Poland,2,4,Friday,0,Winter,Medium,1
2024-06-05,Warsaw Chopin,75.85,80.61,10.69433962,8.833840304,1.860499318,96.47,Poland,6,2,Wednesday,0,Summer,Medium,0
2025-05-18,Warsaw Chopin,77.42,80.23,10.89964158,8.117870722,2.781770855,98.63,Poland,5,6,Sunday,1,Spring,Medium,0
2022-09-28,Warsaw Chopin,64.41,77.29,16.54717514,11.69788937,4.849285767,97.23,Poland,9,2,Wednesday,0,Autumn,Medium,1
2026-05-17,Warsaw Chopin,80.2,84.82,9.882550336,7.974092409,1.908457926,97.14,Poland,5,6,Sunday,1,Spring,Medium,0
2026-02-20,Warsaw Chopin,72.52,70.15,16.68314249,16.88606965,-0.202927158,95.67,Poland,2,4,Friday,0,Winter,Medium,1
2024-07-26,Warsaw Chopin,57.24,64.44,24.05300353,23.42852113,0.624482407,97.28,Poland,7,4,Friday,0,Summer,Medium,1
2023-12-16,Warsaw Chopin,74.87,75.39,14.66158645,10.56849913,4.093087325,96.57,Poland,12,5,Saturday,1,Winter,Medium,0
2024-03-23,Warsaw Chopin,84.66,88.02,9.21031746,8.140711806,1.069605655,96.12,Poland,3,5,Saturday,1,Spring,Medium,0
2023-07-07,Warsaw Chopin,66.01,78.8,17.03405797,11.644,5.390057971,94.58,Poland,7,4,Friday,0,Summer,Medium,1
2024-04-25,Warsaw Chopin,75.93,84.26,11.17634855,9.121702128,2.05464642,95.56,Poland,4,3,Thursday,0,Spring,Medium,0
2022-09-29,Warsaw Chopin,57.45,69.66,27.07886525,19.33717949,7.741685761,94.57,Poland,9,3,Thursday,0,Autumn,Medium,1
2025-07-17,Warsaw Chopin,71.94,85.15,13.54193548,8.148624862,5.393310621,97.23,Poland,7,3,Thursday,0,Summer,Medium,0
2024-02-26,Warsaw Chopin,82.67,87.61,9.311111111,7.003171091,2.30794002,95.9,Poland,2,0,Monday,0,Winter,Medium,0
2026-04-06,Warsaw Chopin,79.7,80.68,11.06159148,11.91332071,-0.851729228,98.53,Poland,4,0,Monday,0,Spring,Medium,0
2022-08-28,Warsaw Chopin,58.11,70.14,23.96936937,16.94125189,7.028117484,95.71,Poland,8,6,Sunday,1,Summer,Medium,1
2024-10-20,Warsaw Chopin,62.26,50.4,19.73352201,22.83115079,-3.097628781,96.76,Poland,10,6,Sunday,1,Autumn,Medium,1
2022-09-02,Warsaw Chopin,57.14,79.17,20.88319328,12.38013889,8.503054388,97.22,Poland,9,4,Friday,0,Autumn,Medium,1
2024-07-14,Warsaw Chopin,54.72,55.51,27.27371069,28.99505703,-1.721346342,95.19,Poland,7,6,Sunday,1,Summer,Medium,1
2022-01-31,Warsaw Chopin,81.88,85.42,10.55821256,9.240046296,1.318166264,92.45,Poland,1,0,Monday,0,Winter,Medium,0
2022-10-31,Warsaw Chopin,77.49,84.69,13.40034904,8.482142857,4.918206183,95.15,Poland,10,0,Monday,0,Autumn,Medium,0
2024-09-09,Warsaw Chopin,59.79,66.08,21.02016317,20.70058275,0.31958042,94.77,Poland,9,0,Monday,0,Autumn,Medium,1
2025-12-16,Warsaw Chopin,81.27,76.89,10.34926959,11.75112882,-1.40185923,96.97,Poland,12,1,Tuesday,0,Winter,Medium,0
2022-10-26,Warsaw Chopin,71.98,81.43,11.58405797,8.848095238,2.735962733,96.54,Poland,10,2,Wednesday,0,Autumn,Medium,0
2023-12-22,Warsaw Chopin,35.68,43.81,42.23781204,36.39174041,5.846071628,95.97,Poland,12,4,Friday,0,Winter,Medium,1
2025-10-31,Warsaw Chopin,85.99,88.72,6.313942931,4.958834586,1.355108345,98.13,Poland,10,4,Friday,0,Autumn,Medium,0
2022-03-07,Warsaw Chopin,76.26,76.82,14.57470024,14.04602649,0.52867375,93.75,Poland,3,0,Monday,0,Spring,Medium,0
2025-11-05,Warsaw Chopin,83.87,91.3,8.617607527,5.146772069,3.470835458,97.32,Poland,11,2,Wednesday,0,Autumn,Medium,0
2024-09-06,Warsaw Chopin,64.11,72.03,18.34146341,12.61789044,5.723572972,97.03,Poland,9,4,Friday,0,Autumn,Medium,1
2023-05-01,Warsaw Chopin,82.27,85.25,10.63636364,8.68655914,1.949804497,94.98,Poland,5,0,Monday,0,Spring,Medium,0
2023-05-09,Warsaw Chopin,81.02,83.11,9.225231481,7.518569254,1.706662227,99.12,Poland,5,1,Tuesday,0,Spring,Medium,0
2022-01-24,Warsaw Chopin,92.42,92.62,5.567676768,5.341163311,0.226513457,95.86,Poland,1,0,Monday,0,Winter,Medium,0
2024-03-13,Warsaw Chopin,83.9,87.38,8.014878049,6.904288026,1.110590023,95.15,Poland,3,2,Wednesday,0,Spring,Medium,0
2022-02-02,Warsaw Chopin,92.06,89.43,5.622883598,6.052710027,-0.429826429,96.35,Poland,2,2,Wednesday,0,Winter,Medium,0
2024-11-01,Warsaw Chopin,82.97,87.83,7.31441048,5.992318841,1.32209164,96.65,Poland,11,4,Friday,0,Autumn,Medium,0
2025-01-08,Warsaw Chopin,80.53,87.07,10.35022124,7.121623563,3.228597676,97.48,Poland,1,2,Wednesday,0,Winter,Medium,0
2022-11-13,Warsaw Chopin,76.76,87.36,11.24117117,6.690229885,4.550941286,98.41,Poland,11,6,Sunday,1,Autumn,Medium,0
2023-09-19,Warsaw Chopin,59.04,67.63,23.09056225,21.58139696,1.509165292,95.2,Poland,9,1,Tuesday,0,Autumn,Medium,1
2024-04-18,Warsaw Chopin,71.49,79.91,15.77950355,12.40868946,3.370814087,95.72,Poland,4,3,Thursday,0,Spring,Medium,1
2026-03-15,Warsaw Chopin,90.42,90.04,4.916666667,4.551226551,0.365440115,96.05,Poland,3,6,Sunday,1,Spring,Medium,0
2025-03-06,Warsaw Chopin,87.21,90.28,8.895348837,5.928137652,2.967211185,98.12,Poland,3,3,Thursday,0,Spring,Medium,0
2024-05-11,Warsaw Chopin,84.07,84.87,8.369616519,10.65581232,-2.286195806,97.07,Poland,5,5,Saturday,1,Spring,Medium,0
2025-06-06,Warsaw Chopin,76.14,82.06,13.78997821,10.13078627,3.659191946,97.19,Poland,6,4,Friday,0,Summer,Medium,0
2022-05-05,Warsaw Chopin,68.06,81.57,15.06720679,8.520122888,6.547083902,93.25,Poland,5,3,Thursday,0,Spring,Medium,1
2023-12-07,Warsaw Chopin,56.47,69.51,22.43534483,14.08931241,8.346032421,96.37,Poland,12,3,Thursday,0,Winter,Medium,1
2024-09-25,Warsaw Chopin,64.03,63.21,18.60023981,20.73488095,-2.134641144,95.35,Poland,9,2,Wednesday,0,Autumn,Medium,1
2025-07-03,Warsaw Chopin,67.21,77.89,17.51374459,15.56292629,1.950818296,96.93,Poland,7,3,Thursday,0,Summer,Medium,1
2025-07-12,Warsaw Chopin,67.52,78.28,14.89927007,11.57810345,3.321166625,96.56,Poland,7,5,Saturday,1,Summer,Medium,0
2023-02-03,Warsaw Chopin,36.92,64.1,31.28615385,16.89547009,14.39068376,97.06,Poland,2,4,Friday,0,Winter,Medium,1
2022-03-12,Warsaw Chopin,53.17,76.15,22.85886243,12.17961538,10.67924705,93.84,Poland,3,5,Saturday,1,Spring,Medium,1
2024-01-01,Warsaw Chopin,88.83,88.17,5.510638298,4.779092702,0.731545596,97.44,Poland,1,0,Monday,0,Winter,Medium,0
2022-03-11,Warsaw Chopin,64.14,87.1,15.35367816,7.609247312,7.744430849,92.09,Poland,3,4,Friday,0,Spring,Medium,1
2022-03-01,Warsaw Chopin,75.0,79.49,11.96666667,13.46096866,-1.494301994,87.82,Poland,3,1,Tuesday,0,Spring,Medium,0
2022-06-23,Warsaw Chopin,55.74,61.51,25.37998634,24.2292887,1.150697636,96.15,Poland,6,3,Thursday,0,Summer,Medium,1
2022-06-18,Warsaw Chopin,37.73,57.27,27.885,20.21765152,7.667348485,95.74,Poland,6,5,Saturday,1,Summer,Medium,1
2024-05-08,Warsaw Chopin,79.92,81.15,11.24350736,9.779030055,1.464477308,97.0,Poland,5,2,Wednesday,0,Spring,Medium,0
2023-03-06,Warsaw Chopin,67.34,81.82,16.50376884,11.11363636,5.390132481,99.04,Poland,3,0,Monday,0,Spring,Medium,1
2025-08-06,Warsaw Chopin,79.74,86.14,10.53011983,7.824917492,2.705202334,97.46,Poland,8,2,Wednesday,0,Summer,Medium,0
2024-07-05,Warsaw Chopin,58.63,72.36,19.08573141,14.19212121,4.893610203,95.38,Poland,7,4,Friday,0,Summer,Medium,1
2023-06-17,Warsaw Chopin,70.69,76.69,12.45122126,13.23679379,-0.785572521,98.33,Poland,6,5,Saturday,1,Summer,Medium,0
2023-04-24,Warsaw Chopin,82.24,86.43,9.302570093,6.969230769,2.333339324,97.32,Poland,4,0,Monday,0,Spring,Medium,0
2023-11-11,Warsaw Chopin,84.86,88.65,8.025405405,5.241801802,2.783603604,96.91,Poland,11,5,Saturday,1,Autumn,Medium,0
2023-04-29,Warsaw Chopin,78.7,86.22,11.51628086,6.916814815,4.599466049,97.37,Poland,4,5,Saturday,1,Spring,Medium,0
2023-09-21,Warsaw Chopin,46.36,48.28,32.07541507,30.64431673,1.43109834,96.44,Poland,9,3,Thursday,0,Autumn,Medium,1
2022-11-06,Warsaw Chopin,71.58,85.64,13.14307018,6.242081031,6.900989144,98.97,Poland,11,6,Sunday,1,Autumn,Medium,0
2023-09-08,Warsaw Chopin,65.52,78.04,19.36257982,10.07091503,9.291664789,92.49,Poland,9,4,Friday,0,Autumn,Medium,1
2024-03-20,Warsaw Chopin,87.1,89.3,8.373579109,5.330697674,3.042881435,96.97,Poland,3,2,Wednesday,0,Spring,Medium,0
2023-01-16,Warsaw Chopin,75.27,81.63,12.22688172,11.57219388,0.654687843,97.49,Poland,1,0,Monday,0,Winter,Medium,0
2025-11-21,Warsaw Chopin,77.61,82.06,9.826962677,10.56437659,-0.737413913,97.77,Poland,11,4,Friday,0,Autumn,Medium,0
2022-06-12,Warsaw Chopin,48.03,66.22,23.86921397,17.23674074,6.632473233,97.13,Poland,6,6,Sunday,1,Summer,Medium,1
2023-08-23,Warsaw Chopin,77.65,86.17,12.56862745,9.318379447,3.250248004,93.95,Poland,8,2,Wednesday,0,Summer,Medium,0
2024-01-25,Warsaw Chopin,82.65,85.17,8.122907154,6.415709729,1.707197425,96.61,Poland,1,3,Thursday,0,Winter,Medium,0
2025-07-23,Warsaw Chopin,74.35,83.11,11.50324675,8.895198675,2.608048078,97.2,Poland,7,2,Wednesday,0,Summer,Medium,0
2023-12-02,Warsaw Chopin,52.78,60.11,24.57564815,23.61385768,0.96179047,93.17,Poland,12,5,Saturday,1,Winter,Medium,1
2024-11-15,Warsaw Chopin,81.78,82.17,9.866396761,8.554521964,1.311874797,97.33,Poland,11,4,Friday,0,Autumn,Medium,0
2024-09-10,Warsaw Chopin,67.84,73.67,18.64310954,17.72147094,0.921638604,95.68,Poland,9,1,Tuesday,0,Autumn,Medium,1
2024-06-26,Warsaw Chopin,50.37,58.3,35.27238806,35.82669127,-0.554303207,92.64,Poland,6,2,Wednesday,0,Summer,Medium,1
2025-06-19,Warsaw Chopin,78.18,84.05,10.52480999,9.824806202,0.700003788,96.27,Poland,6,3,Thursday,0,Summer,Medium,0
2022-12-28,Warsaw Chopin,68.97,82.68,14.54185824,8.693854749,5.848003489,99.44,Poland,12,2,Wednesday,0,Winter,Medium,0
2025-09-20,Warsaw Chopin,73.21,79.17,16.55714286,15.04699074,1.510152116,96.28,Poland,9,5,Saturday,1,Autumn,Medium,1
2025-05-04,Warsaw Chopin,70.03,75.76,13.38047138,12.15690236,1.223569024,97.39,Poland,5,6,Sunday,1,Spring,Medium,0
2024-01-07,Warsaw Chopin,70.73,71.65,16.32682927,17.8597079,-1.532878635,96.74,Poland,1,6,Sunday,1,Winter,Medium,1
2023-06-03,Warsaw Chopin,71.49,78.79,16.30555556,15.07705628,1.228499278,97.49,Poland,6,5,Saturday,1,Summer,Medium,1
2026-04-24,Warsaw Chopin,85.87,89.55,7.019392813,5.127487562,1.891905251,97.16,Poland,4,4,Friday,0,Spring,Medium,0
2022-02-19,Warsaw Chopin,52.85,60.91,21.91409214,19.78090909,2.13318305,94.85,Poland,2,5,Saturday,1,Winter,Medium,1
2025-06-23,Warsaw Chopin,65.13,70.3,17.21052632,16.72392739,0.486598923,97.15,Poland,6,0,Monday,0,Summer,Medium,1
2023-10-06,Warsaw Chopin,69.88,78.71,19.17168675,14.33025435,4.841432396,93.59,Poland,10,4,Friday,0,Autumn,Medium,1
2025-08-13,Warsaw Chopin,75.66,83.88,11.56907895,7.704276316,3.864802632,97.18,Poland,8,2,Wednesday,0,Summer,Medium,0
2025-08-15,Warsaw Chopin,77.3,83.95,11.96052632,8.14877369,3.811752626,97.76,Poland,8,4,Friday,0,Summer,Medium,0
2022-12-11,Warsaw Chopin,14.61,36.53,65.23511236,49.28353293,15.95157943,97.28,Poland,12,6,Sunday,1,Winter,Medium,1
2025-07-26,Warsaw Chopin,55.56,69.72,23.40268817,17.49659624,5.906091928,96.25,Poland,7,5,Saturday,1,Summer,Medium,1
2025-10-26,Warsaw Chopin,81.18,85.49,9.949019608,9.051503268,0.89751634,89.04,Poland,10,6,Sunday,1,Autumn,Medium,0
2026-05-22,Warsaw Chopin,80.6,84.85,9.515050167,8.145117845,1.369932322,95.99,Poland,5,4,Friday,0,Spring,Medium,0
2023-03-09,Warsaw Chopin,66.33,77.72,14.79740369,12.5656304,2.231773288,96.23,Poland,3,3,Thursday,0,Spring,Medium,0
2023-01-03,Warsaw Chopin,75.0,82.42,11.70314815,10.3474359,1.355712251,99.47,Poland,1,1,Tuesday,0,Winter,Medium,0
2025-10-09,Warsaw Chopin,62.08,72.09,15.69765101,14.47851606,1.219134949,97.77,Poland,10,3,Thursday,0,Autumn,Medium,1
2025-03-09,Warsaw Chopin,88.94,88.16,6.965957447,8.767397661,-1.801440214,95.95,Poland,3,6,Sunday,1,Spring,Medium,0
2022-08-26,Warsaw Chopin,46.81,65.93,29.56652482,20.71939528,8.847129542,96.05,Poland,8,4,Friday,0,Summer,Medium,1
2022-11-21,Warsaw Chopin,67.17,82.65,17.55286195,14.83112245,2.721739504,96.74,Poland,11,0,Monday,0,Autumn,Medium,1
2024-09-13,Warsaw Chopin,57.64,70.77,20.99976852,16.02717136,4.972597157,97.39,Poland,9,4,Friday,0,Autumn,Medium,1
2025-10-12,Warsaw Chopin,61.64,66.78,22.17037671,21.29757062,0.872806091,98.35,Poland,10,6,Sunday,1,Autumn,Medium,1
2023-11-24,Warsaw Chopin,81.78,83.26,9.634740741,8.824816446,0.809924294,97.07,Poland,11,4,Friday,0,Autumn,Medium,0
2024-02-07,Warsaw Chopin,80.61,86.15,12.01768707,7.77042735,4.247259724,94.93,Poland,2,2,Wednesday,0,Winter,Medium,0
2026-02-11,Warsaw Chopin,89.33,84.17,7.653952569,9.259930556,-1.605977986,98.08,Poland,2,2,Wednesday,0,Winter,Medium,0
2022-04-20,Warsaw Chopin,34.34,44.31,41.75331325,34.80449102,6.948822235,95.77,Poland,4,2,Wednesday,0,Spring,Medium,1
2024-01-30,Warsaw Chopin,85.85,89.37,12.45601626,10.41553945,2.040476808,96.31,Poland,1,1,Tuesday,0,Winter,Medium,0
2025-03-03,Warsaw Chopin,86.48,87.85,8.25,7.19851552,1.05148448,98.02,Poland,3,0,Monday,0,Spring,Medium,0
2024-09-21,Warsaw Chopin,62.14,69.77,19.2420439,16.09140827,3.150635627,96.12,Poland,9,5,Saturday,1,Autumn,Medium,1
2023-02-10,Warsaw Chopin,62.37,75.38,19.23032646,19.57973199,-0.349405533,98.01,Poland,2,4,Friday,0,Winter,Medium,1
2022-05-16,Warsaw Chopin,66.33,72.08,17.09547739,15.19534687,1.900130517,96.79,Poland,5,0,Monday,0,Spring,Medium,1
2025-10-04,Warsaw Chopin,51.7,55.72,27.75773585,24.84329643,2.914439416,95.41,Poland,10,5,Saturday,1,Autumn,Medium,1
2023-01-02,Warsaw Chopin,76.5,87.62,14.96108333,6.798927393,8.162155941,99.51,Poland,1,0,Monday,0,Winter,Medium,0
2023-05-13,Warsaw Chopin,75.49,81.02,13.64705882,8.50941358,5.137645243,97.66,Poland,5,5,Saturday,1,Spring,Medium,0
2023-03-02,Warsaw Chopin,80.31,84.13,8.379965458,6.220458554,2.159506904,98.07,Poland,3,3,Thursday,0,Spring,Medium,0
2025-01-16,Warsaw Chopin,81.03,84.3,11.91831357,9.181267218,2.737046353,97.72,Poland,1,3,Thursday,0,Winter,Medium,0
2022-02-21,Warsaw Chopin,78.01,81.82,15.30307329,8.666899767,6.636173519,95.51,Poland,2,0,Monday,0,Winter,Medium,1
2022-03-18,Warsaw Chopin,68.55,83.03,15.2548218,8.417272727,6.837549076,95.51,Poland,3,4,Friday,0,Spring,Medium,1
2023-02-25,Warsaw Chopin,85.54,87.64,9.52811245,6.985018727,2.543093723,95.6,Poland,2,5,Saturday,1,Winter,Medium,0
2023-08-21,Warsaw Chopin,74.79,84.08,14.9214876,10.35721088,4.564276719,94.23,Poland,8,0,Monday,0,Summer,Medium,0
2022-08-09,Warsaw Chopin,62.15,77.42,21.86090343,16.14784946,5.713053964,94.14,Poland,8,1,Tuesday,0,Summer,Medium,1
2024-01-16,Warsaw Chopin,71.35,77.11,16.51710069,14.90323383,1.613866864,97.03,Poland,1,1,Tuesday,0,Winter,Medium,1
2023-04-10,Warsaw Chopin,88.04,87.14,6.831020734,8.678492063,-1.84747133,98.17,Poland,4,0,Monday,0,Spring,Medium,0
2023-11-04,Warsaw Chopin,84.83,89.3,7.799344569,5.952673797,1.846670772,91.5,Poland,11,5,Saturday,1,Autumn,Medium,0
2022-05-04,Warsaw Chopin,75.52,84.34,13.92465278,8.958838384,4.965814394,96.19,Poland,5,2,Wednesday,0,Spring,Medium,0
2023-09-04,Warsaw Chopin,67.32,77.34,16.77683727,13.5860026,3.190834666,94.91,Poland,9,0,Monday,0,Autumn,Medium,1
2023-06-07,Warsaw Chopin,75.63,83.83,12.99887955,8.104468085,4.894411467,96.84,Poland,6,2,Wednesday,0,Summer,Medium,0
2023-10-12,Warsaw Chopin,75.0,80.99,11.55416667,8.837741047,2.71642562,95.19,Poland,10,3,Thursday,0,Autumn,Medium,0
2023-01-30,Warsaw Chopin,67.57,74.07,13.28810811,12.39241623,0.895691882,98.43,Poland,1,0,Monday,0,Winter,Medium,0
2022-11-03,Warsaw Chopin,81.07,86.73,10.16682848,7.814370748,2.352457731,95.93,Poland,11,3,Thursday,0,Autumn,Medium,0
2023-06-13,Warsaw Chopin,70.78,78.78,12.03518519,11.19789116,0.837294029,96.58,Poland,6,1,Tuesday,0,Summer,Medium,0
2024-12-24,Warsaw Chopin,88.14,86.34,9.005154639,6.390731707,2.614422932,96.08,Poland,12,1,Tuesday,0,Winter,Medium,0
2022-10-02,Warsaw Chopin,48.25,63.35,27.09539474,21.00769231,6.087702429,97.89,Poland,10,6,Sunday,1,Autumn,Medium,1
2025-09-27,Warsaw Chopin,53.33,46.0,25.55020833,25.25046667,0.299741667,94.27,Poland,9,5,Saturday,1,Autumn,Medium,1
2022-07-23,Warsaw Chopin,46.19,66.51,35.83087302,25.87382075,9.957052261,95.61,Poland,7,5,Saturday,1,Summer,Medium,1
2022-03-09,Warsaw Chopin,68.18,85.51,13.47575758,7.896859903,5.578897672,90.45,Poland,3,2,Wednesday,0,Spring,Medium,0
2022-07-04,Warsaw Chopin,49.77,63.11,31.54635659,21.98962963,9.55672696,93.09,Poland,7,0,Monday,0,Summer,Medium,1
2022-05-22,Warsaw Chopin,53.96,65.66,21.65280528,17.02718855,4.625616728,97.65,Poland,5,6,Sunday,1,Spring,Medium,1
2025-04-02,Warsaw Chopin,84.94,87.4,8.077220077,7.772773537,0.30444654,97.79,Poland,4,2,Wednesday,0,Spring,Medium,0
2024-07-19,Warsaw Chopin,47.67,54.44,37.68972521,39.49932099,-1.809595779,94.97,Poland,7,4,Friday,0,Summer,Medium,1
2023-06-19,Warsaw Chopin,68.57,79.01,22.24639456,14.61419753,7.632197027,97.71,Poland,6,0,Monday,0,Summer,Medium,1
2025-04-17,Warsaw Chopin,70.96,82.05,13.79754902,9.982173382,3.815375637,98.95,Poland,4,3,Thursday,0,Spring,Medium,0
2023-12-24,Warsaw Chopin,55.7,60.78,21.51339662,22.74172113,-1.228324508,98.76,Poland,12,6,Sunday,1,Winter,Medium,1
2024-05-14,Warsaw Chopin,82.87,80.88,9.393227092,9.920717131,-0.52749004,96.69,Poland,5,1,Tuesday,0,Spring,Medium,0
2022-09-19,Warsaw Chopin,57.5,78.48,20.070625,12.15253165,7.918093354,96.53,Poland,9,0,Monday,0,Autumn,Medium,1
2023-08-14,Warsaw Chopin,74.38,81.82,16.99400826,10.95557851,6.038429752,95.08,Poland,8,0,Monday,0,Summer,Medium,1
2024-02-12,Warsaw Chopin,87.27,88.44,8.375909091,6.582888889,1.793020202,97.03,Poland,2,0,Monday,0,Winter,Medium,0
2023-05-06,Warsaw Chopin,79.17,79.39,13.51388889,12.25767544,1.25621345,96.55,Poland,5,5,Saturday,1,Spring,Medium,0
2026-05-21,Warsaw Chopin,83.06,84.8,8.910299003,8.092905405,0.817393598,94.51,Poland,5,3,Thursday,0,Spring,Medium,0
2022-10-25,Warsaw Chopin,74.88,78.87,12.59243156,9.676056338,2.916375224,97.72,Poland,10,1,Tuesday,0,Autumn,Medium,0
2025-02-06,Warsaw Chopin,85.2,88.8,7.058333333,5.661894882,1.396438451,97.74,Poland,2,3,Thursday,0,Winter,Medium,0
2025-09-05,Warsaw Chopin,68.3,76.22,14.03594771,13.22312704,0.812820677,95.48,Poland,9,4,Friday,0,Autumn,Medium,0
2025-10-19,Warsaw Chopin,64.41,73.26,17.17627119,14.0015625,3.174708686,96.14,Poland,10,6,Sunday,1,Autumn,Medium,1
2025-05-12,Warsaw Chopin,84.98,87.18,11.89377289,6.864468864,5.029304029,97.88,Poland,5,0,Monday,0,Spring,Medium,0
2025-02-08,Warsaw Chopin,86.63,88.94,8.52879538,6.754086538,1.774708841,97.12,Poland,2,5,Saturday,1,Winter,Medium,0
2025-02-18,Warsaw Chopin,64.22,75.95,16.51774425,12.56434599,3.953398261,97.12,Poland,2,1,Tuesday,0,Winter,Medium,1
2022-10-28,Warsaw Chopin,66.35,74.76,18.30488782,16.13936508,2.165522741,96.52,Poland,10,4,Friday,0,Autumn,Medium,1
2023-09-30,Warsaw Chopin,68.53,72.88,18.84346264,17.58975989,1.253702757,97.17,Poland,9,5,Saturday,1,Autumn,Medium,1
2023-04-08,Warsaw Chopin,85.71,90.72,6.544973545,4.764776632,1.780196913,98.97,Poland,4,5,Saturday,1,Spring,Medium,0
2023-06-20,Warsaw Chopin,66.67,71.88,22.00919312,18.48834635,3.520846768,96.39,Poland,6,1,Tuesday,0,Summer,Medium,1
2023-02-20,Warsaw Chopin,66.84,74.87,15.35828877,11.31794872,4.040340052,96.53,Poland,2,0,Monday,0,Winter,Medium,1
2026-04-18,Warsaw Chopin,81.78,86.96,8.785280374,7.106376812,1.678903562,93.59,Poland,4,5,Saturday,1,Spring,Medium,0
2025-03-05,Warsaw Chopin,87.82,89.36,6.040406162,5.598014184,0.442391978,97.62,Poland,3,2,Wednesday,0,Spring,Medium,0
2023-07-22,Warsaw Chopin,74.45,74.25,10.93223201,12.96874106,-2.036509047,98.27,Poland,7,5,Saturday,1,Summer,Medium,0
2024-11-20,Warsaw Chopin,77.02,85.34,12.46042553,8.981106322,3.47931921,97.15,Poland,11,2,Wednesday,0,Autumn,Medium,0
2026-03-10,Warsaw Chopin,89.63,92.68,6.538658368,5.146883469,1.391774899,93.26,Poland,3,1,Tuesday,0,Spring,Medium,0
2023-01-18,Warsaw Chopin,82.04,91.23,10.14141717,6.096003899,4.045413267,99.42,Poland,1,2,Wednesday,0,Winter,Medium,0
2025-03-20,Warsaw Chopin,85.98,90.84,7.590909091,4.115537849,3.475371242,96.76,Poland,3,3,Thursday,0,Spring,Medium,0
2023-02-16,Warsaw Chopin,64.71,80.9,15.18966132,10.0255618,5.164099521,95.19,Poland,2,3,Thursday,0,Winter,Medium,1
2024-04-22,Warsaw Chopin,83.61,87.39,9.410294118,7.990266106,1.420028011,97.62,Poland,4,0,Monday,0,Spring,Medium,0
2023-04-17,Warsaw Chopin,77.57,84.86,13.10732087,9.760321101,3.346999771,99.11,Poland,4,0,Monday,0,Spring,Medium,0
2022-12-20,Warsaw Chopin,48.92,66.49,29.46550179,20.71544503,8.750056766,97.07,Poland,12,1,Tuesday,0,Winter,Medium,1
2023-07-15,Warsaw Chopin,70.13,76.6,17.26507937,14.01042553,3.254653833,96.71,Poland,7,5,Saturday,1,Summer,Medium,1
2023-02-27,Warsaw Chopin,89.47,85.93,7.230438596,6.465242881,0.765195715,97.99,Poland,2,0,Monday,0,Winter,Medium,0
2023-01-07,Warsaw Chopin,65.14,72.13,19.27438095,17.62650273,1.64787822,96.77,Poland,1,5,Saturday,1,Winter,Medium,1
2024-03-18,Warsaw Chopin,63.35,80.0,16.51319759,10.27577778,6.237419809,96.6,Poland,3,0,Monday,0,Spring,Medium,1
2025-12-26,Warsaw Chopin,56.33,58.54,23.44639456,24.38685637,-0.940461811,99.6,Poland,12,4,Friday,0,Winter,Medium,1
2022-06-20,Warsaw Chopin,29.73,44.59,41.76509009,35.45021645,6.31487364,93.65,Poland,6,0,Monday,0,Summer,Medium,1
2025-01-01,Warsaw Chopin,88.21,86.02,7.364102564,6.107526882,1.256575682,97.54,Poland,1,2,Wednesday,0,Winter,Medium,0
2025-03-28,Warsaw Chopin,88.57,90.44,6.485714286,4.462217795,2.02349649,98.81,Poland,3,4,Friday,0,Spring,Medium,0
2025-08-03,Warsaw Chopin,56.96,75.42,22.43969795,16.03200443,6.407693521,95.99,Poland,8,6,Sunday,1,Summer,Medium,1
2022-02-14,Warsaw Chopin,86.57,92.52,7.42300995,4.580952381,2.842057569,97.35,Poland,2,0,Monday,0,Winter,Medium,0
2023-12-08,Warsaw Chopin,59.56,72.32,24.54881481,16.66919643,7.879618386,97.08,Poland,12,4,Friday,0,Winter,Medium,1
2023-01-19,Warsaw Chopin,78.49,84.3,11.75698925,10.69534884,1.06164041,97.99,Poland,1,3,Thursday,0,Winter,Medium,0
2024-06-06,Warsaw Chopin,78.39,80.95,15.32967033,9.553052503,5.776617827,95.55,Poland,6,3,Thursday,0,Summer,Medium,1
2025-11-08,Warsaw Chopin,81.36,90.75,11.10772727,7.625991189,3.481736083,98.23,Poland,11,5,Saturday,1,Autumn,Medium,0
2022-09-05,Warsaw Chopin,58.8,75.92,20.5037196,12.90782313,7.59589647,96.43,Poland,9,0,Monday,0,Autumn,Medium,1
2022-01-06,Palma de Mallorca,92.0,93.7,4.496,2.984514436,1.511485564,94.56,Spain,1,3,Thursday,0,Winter,Small,0
2025-01-22,Barcelona,76.04,87.64,10.50139276,7.344492337,3.15690042,93.56,Spain,1,2,Wednesday,0,Winter,Large,0
2023-04-14,Barcelona,70.46,78.62,15.35232068,13.9068833,1.445437377,99.17,Spain,4,4,Friday,0,Spring,Large,1
2025-02-03,Barcelona,82.5,89.07,8.925,6.877828398,2.047171602,97.81,Spain,2,0,Monday,0,Winter,Large,0
2025-02-20,Madrid Barajas,69.63,81.61,17.65270506,11.86607143,5.786633633,93.66,Spain,2,3,Thursday,0,Winter,Large,1
2024-06-30,Barcelona,44.06,55.53,33.96360153,26.07013359,7.893467945,94.57,Spain,6,6,Sunday,1,Summer,Large,1
2025-04-24,Barcelona,76.42,84.99,12.97169811,7.673733583,5.29796453,96.6,Spain,4,3,Thursday,0,Spring,Large,0
2024-10-18,Madrid Barajas,55.93,68.87,22.45486726,15.90255072,6.552316532,94.93,Spain,10,4,Friday,0,Autumn,Large,1
2022-01-09,Barcelona,81.59,84.08,9.561756374,7.719646182,1.842110191,96.57,Spain,1,6,Sunday,1,Winter,Large,0
2025-04-06,Palma de Mallorca,80.66,86.76,9.897790055,7.264929577,2.632860478,90.75,Spain,4,6,Sunday,1,Spring,Small,0
2025-11-10,Madrid Barajas,80.07,87.35,12.44194107,8.206239168,4.235701906,92.35,Spain,11,0,Monday,0,Autumn,Large,0
2022-10-22,Madrid Barajas,62.72,68.49,18.71928879,17.88630952,0.832979269,95.25,Spain,10,5,Saturday,1,Autumn,Large,1
2023-09-29,Palma de Mallorca,77.88,81.32,11.49176471,10.43477601,1.0569887,95.44,Spain,9,4,Friday,0,Autumn,Small,0
2022-07-22,Palma de Mallorca,50.76,56.37,28.99633261,28.14308855,0.853244054,91.95,Spain,7,4,Friday,0,Summer,Small,1
2025-04-15,Palma de Mallorca,72.3,74.93,13.43999028,11.52147716,1.91851312,93.4,Spain,4,1,Tuesday,0,Spring,Small,0
2024-03-16,Barcelona,79.03,86.8,10.50383632,8.788028765,1.715807552,97.58,Spain,3,5,Saturday,1,Spring,Large,0
2023-06-21,Madrid Barajas,49.08,63.52,28.87172181,18.37635802,10.49536379,93.1,Spain,6,2,Wednesday,0,Summer,Large,1
2025-04-02,Barcelona,70.51,83.23,12.53535354,7.914276094,4.621077441,96.74,Spain,4,2,Wednesday,0,Spring,Large,0
2022-04-21,Madrid Barajas,83.93,83.51,10.02596899,8.192459479,1.833509514,96.23,Spain,4,3,Thursday,0,Spring,Large,0
2025-03-04,Barcelona,82.04,90.86,9.356796117,6.456378601,2.900417516,97.47,Spain,3,1,Tuesday,0,Spring,Large,0
2024-04-08,Barcelona,66.4,73.47,16.38969516,14.57970297,1.809992192,92.28,Spain,4,0,Monday,0,Spring,Large,1
2025-04-01,Palma de Mallorca,86.12,89.4,6.539501779,5.360070671,1.179431108,89.33,Spain,4,1,Tuesday,0,Spring,Small,0
2022-01-08,Madrid Barajas,84.14,89.35,8.446504689,6.537056277,1.909448412,93.46,Spain,1,5,Saturday,1,Winter,Large,0
2025-02-17,Madrid Barajas,79.96,86.15,10.70094563,8.097779751,2.603165875,95.43,Spain,2,0,Monday,0,Winter,Large,0
2024-08-02,Madrid Barajas,50.5,66.56,26.77759197,20.01257551,6.765016465,95.16,Spain,8,4,Friday,0,Summer,Large,1
2025-03-13,Palma de Mallorca,73.22,79.44,13.96174863,9.358703704,4.60304493,93.07,Spain,3,3,Thursday,0,Spring,Small,0
2023-07-25,Palma de Mallorca,55.43,62.92,25.99113082,19.72730337,6.26382745,95.31,Spain,7,1,Tuesday,0,Summer,Small,1
2023-09-16,Palma de Mallorca,55.04,63.52,30.30882353,26.55513627,3.753687261,93.85,Spain,9,5,Saturday,1,Autumn,Small,1
2025-04-23,Palma de Mallorca,82.13,88.7,9.925072046,5.723022599,4.202049447,93.63,Spain,4,2,Wednesday,0,Spring,Small,0
2022-01-24,Barcelona,93.21,89.86,5.330316742,6.167127496,-0.836810754,87.36,Spain,1,0,Monday,0,Winter,Large,0
2022-07-09,Palma de Mallorca,36.22,55.98,39.34322602,28.37376606,10.96945996,88.93,Spain,7,5,Saturday,1,Summer,Small,1
2024-10-31,Barcelona,54.35,69.46,22.41401274,14.9518638,7.46214894,92.4,Spain,10,3,Thursday,0,Autumn,Large,1
2026-04-24,Palma de Mallorca,79.68,84.96,9.893048128,7.103298153,2.789749975,95.34,Spain,4,4,Friday,0,Spring,Small,0
2024-08-22,Barcelona,62.21,73.69,21.05916031,16.14464861,4.914511692,97.45,Spain,8,3,Thursday,0,Summer,Large,1
2026-05-11,Palma de Mallorca,74.68,82.75,12.66835443,7.873666667,4.794687764,94.04,Spain,5,0,Monday,0,Spring,Small,0
2026-03-14,Barcelona,59.23,62.62,21.80643485,17.8372619,3.969172947,96.39,Spain,3,5,Saturday,1,Spring,Large,1
2024-04-19,Madrid Barajas,72.15,81.11,13.07785467,9.173355818,3.904498853,95.36,Spain,4,4,Friday,0,Spring,Large,0
2024-06-23,Madrid Barajas,64.08,78.69,19.86003373,13.23049828,6.629535445,95.57,Spain,6,6,Sunday,1,Summer,Large,1
2022-05-31,Palma de Mallorca,58.9,69.37,26.06516291,21.09654008,4.968622823,95.86,Spain,5,1,Tuesday,0,Spring,Small,1
2024-09-21,Palma de Mallorca,39.09,51.95,33.46569647,28.56221766,4.903478807,93.98,Spain,9,5,Saturday,1,Autumn,Small,1
2023-07-11,Madrid Barajas,62.38,75.0,19.33994413,13.99195076,5.347993377,95.82,Spain,7,1,Tuesday,0,Summer,Large,1
2025-10-21,Madrid Barajas,59.97,71.06,20.39352641,15.58625072,4.807275683,95.14,Spain,10,1,Tuesday,0,Autumn,Large,1
2022-12-02,Palma de Mallorca,78.95,83.33,10.98496241,7.708937198,3.276025208,92.11,Spain,12,4,Friday,0,Winter,Small,0
2025-09-06,Palma de Mallorca,67.12,83.14,15.71540208,8.544923372,7.170478704,94.39,Spain,9,5,Saturday,1,Autumn,Small,1
2026-05-06,Palma de Mallorca,71.09,75.26,14.125,11.37439236,2.750607639,96.54,Spain,5,2,Wednesday,0,Spring,Small,0
2025-01-19,Madrid Barajas,80.43,87.5,10.18478261,6.76752451,3.417258099,95.93,Spain,1,6,Sunday,1,Winter,Large,0
2022-05-25,Barcelona,65.23,76.43,16.73729017,12.26916667,4.468123501,97.51,Spain,5,2,Wednesday,0,Spring,Large,1
2022-04-17,Palma de Mallorca,73.68,80.7,14.31578947,9.37002924,4.945760234,94.75,Spain,4,6,Sunday,1,Spring,Small,0
2022-04-11,Barcelona,72.77,79.29,15.52946009,12.3059127,3.223547395,98.42,Spain,4,0,Monday,0,Spring,Large,1
2022-06-19,Madrid Barajas,66.87,65.38,19.0989899,20.72300945,-1.624019548,95.15,Spain,6,6,Sunday,1,Summer,Large,1
2024-06-26,Barcelona,55.45,67.11,25.79887218,18.57785171,7.221020469,95.99,Spain,6,2,Wednesday,0,Summer,Large,1
2026-05-09,Barcelona,59.65,67.18,24.15830116,18.92012945,5.238171708,95.86,Spain,5,5,Saturday,1,Spring,Large,1
2025-06-05,Palma de Mallorca,66.35,76.16,17.08173077,12.11616512,4.965565646,93.78,Spain,6,3,Thursday,0,Summer,Small,1
2023-11-05,Madrid Barajas,57.95,65.23,24.22307449,17.51453831,6.708536185,94.34,Spain,11,6,Sunday,1,Autumn,Large,1
2025-04-30,Palma de Mallorca,65.22,79.43,18.33967391,12.83783205,5.501841865,93.24,Spain,4,2,Wednesday,0,Spring,Small,1
2025-06-11,Palma de Mallorca,61.02,77.09,20.75501114,13.15176211,7.603249021,94.11,Spain,6,2,Wednesday,0,Summer,Small,1
2024-02-05,Barcelona,85.35,91.52,7.179292929,5.28706084,1.89223209,93.81,Spain,2,0,Monday,0,Winter,Large,0
2023-04-06,Palma de Mallorca,51.27,53.64,27.61464968,25.76414141,1.850508267,89.34,Spain,4,3,Thursday,0,Spring,Small,1
2023-12-26,Palma de Mallorca,86.13,90.71,6.693430657,7.540357143,-0.846926486,99.32,Spain,12,1,Tuesday,0,Winter,Small,0
2024-10-08,Madrid Barajas,45.91,65.89,28.56227758,18.73351287,9.828764714,94.75,Spain,10,1,Tuesday,0,Autumn,Large,1
2026-05-11,Madrid Barajas,69.4,72.77,15.11755233,13.8443544,1.273197932,93.43,Spain,5,0,Monday,0,Spring,Large,1
2023-03-31,Palma de Mallorca,41.18,43.21,37.44025054,35.74537037,1.694880174,91.69,Spain,3,4,Friday,0,Spring,Small,1
2024-12-18,Palma de Mallorca,81.6,88.62,8.288,7.253929539,1.034070461,88.59,Spain,12,2,Wednesday,0,Winter,Small,0
2025-08-07,Palma de Mallorca,71.12,82.3,16.40086207,11.44705046,4.953811607,94.87,Spain,8,3,Thursday,0,Summer,Small,1
2024-08-20,Madrid Barajas,69.88,82.03,16.12477718,9.209430605,6.915346579,95.8,Spain,8,1,Tuesday,0,Summer,Large,1
2023-11-13,Palma de Mallorca,86.18,89.54,7.776315789,5.992701525,1.783614264,94.67,Spain,11,0,Monday,0,Autumn,Small,0
2023-03-21,Palma de Mallorca,87.97,86.76,5.84962406,6.353186275,-0.503562214,96.64,Spain,3,1,Tuesday,0,Spring,Small,0
2022-02-03,Barcelona,91.09,93.47,4.715924426,3.723877551,0.992046875,96.23,Spain,2,3,Thursday,0,Winter,Large,0
2024-10-06,Madrid Barajas,58.26,77.55,20.2244898,15.79308176,4.431408035,94.3,Spain,10,6,Sunday,1,Autumn,Large,1
2024-10-29,Madrid Barajas,54.53,61.12,23.78503145,19.57417445,4.210856992,84.89,Spain,10,1,Tuesday,0,Autumn,Large,1
2025-12-28,Madrid Barajas,74.12,83.62,15.88235294,11.98364619,3.898706752,95.45,Spain,12,6,Sunday,1,Winter,Large,1
2025-11-29,Palma de Mallorca,92.0,95.3,3.48,2.701006711,0.778993289,95.6,Spain,11,5,Saturday,1,Autumn,Small,0
2024-03-01,Palma de Mallorca,80.66,83.43,14.26519337,8.13388582,6.131307551,96.02,Spain,3,4,Friday,0,Spring,Small,0
2026-04-26,Madrid Barajas,84.28,88.07,10.53646677,6.962037037,3.574429738,92.66,Spain,4,6,Sunday,1,Spring,Large,0
2024-08-11,Madrid Barajas,62.8,80.18,20.14359862,11.53157895,8.612019669,95.75,Spain,8,6,Sunday,1,Summer,Large,1
2024-04-11,Madrid Barajas,82.56,87.71,9.302564103,6.933077361,2.369486742,94.74,Spain,4,3,Thursday,0,Spring,Large,0
2023-02-01,Palma de Mallorca,91.59,88.79,4.38317757,7.3,-2.91682243,96.55,Spain,2,2,Wednesday,0,Winter,Small,0
2022-11-13,Palma de Mallorca,78.82,79.75,13.35882353,10.07025316,3.288570365,92.75,Spain,11,6,Sunday,1,Autumn,Small,0
2025-03-10,Barcelona,76.32,86.5,11.24827586,6.896453089,4.351822773,93.07,Spain,3,0,Monday,0,Spring,Large,0
2025-12-03,Barcelona,82.43,88.44,9.472972973,5.91218638,3.560786593,96.97,Spain,12,2,Wednesday,0,Winter,Large,0
2026-04-01,Barcelona,66.92,80.5,17.10898662,10.38388031,6.725106307,94.52,Spain,4,2,Wednesday,0,Spring,Large,1
2024-02-14,Palma de Mallorca,89.47,91.38,3.850877193,3.843965517,0.006911676,96.85,Spain,2,2,Wednesday,0,Winter,Small,0
2023-01-09,Barcelona,82.76,84.48,9.853448276,10.5585728,-0.705124521,98.35,Spain,1,0,Monday,0,Winter,Large,0
2024-11-09,Palma de Mallorca,89.78,91.8,8.048387097,4.725409836,3.322977261,92.34,Spain,11,5,Saturday,1,Autumn,Small,0
2024-10-24,Barcelona,62.57,77.67,18.42155009,11.08375405,7.337796049,97.98,Spain,10,3,Thursday,0,Autumn,Large,1
2025-11-18,Palma de Mallorca,88.79,95.61,8.401869159,4.047953216,4.353915943,90.55,Spain,11,1,Tuesday,0,Autumn,Small,0
2024-10-21,Palma de Mallorca,71.02,79.74,15.71018277,11.12593074,4.584252032,95.72,Spain,10,0,Monday,0,Autumn,Small,1
2022-07-19,Barcelona,69.44,68.69,19.89594907,22.28555296,-2.389603885,95.96,Spain,7,1,Tuesday,0,Summer,Large,1
2023-12-20,Barcelona,77.7,83.25,11.68075117,9.319772013,2.360979161,98.42,Spain,12,2,Wednesday,0,Winter,Large,0
2025-04-15,Barcelona,74.29,84.38,13.56428571,9.911111111,3.653174603,97.29,Spain,4,1,Tuesday,0,Spring,Large,0
2023-09-14,Barcelona,69.53,77.73,16.38930615,10.11120628,6.27809987,96.73,Spain,9,3,Thursday,0,Autumn,Large,1
2024-09-13,Madrid Barajas,71.9,81.02,18.30743802,12.25343784,6.054000173,93.7,Spain,9,4,Friday,0,Autumn,Large,1
2023-05-10,Palma de Mallorca,77.64,78.29,13.70186335,12.16202854,1.539834812,96.21,Spain,5,2,Wednesday,0,Spring,Small,0
2026-01-01,Palma de Mallorca,84.93,85.14,7.452054795,7.310810811,0.141243984,98.04,Spain,1,3,Thursday,0,Winter,Small,0
2024-06-12,Palma de Mallorca,32.89,48.99,41.7522443,32.84276659,8.909477705,93.36,Spain,6,2,Wednesday,0,Summer,Small,1
2023-07-10,Barcelona,64.49,73.91,18.44285714,14.24002761,4.202829538,96.1,Spain,7,0,Monday,0,Summer,Large,1
2022-12-17,Barcelona,60.18,60.99,20.50516717,20.98668731,-0.481520133,97.67,Spain,12,5,Saturday,1,Winter,Large,1
2022-03-21,Barcelona,86.55,89.94,6.833333333,5.128944773,1.70438856,95.63,Spain,3,0,Monday,0,Spring,Large,0
2023-02-19,Barcelona,75.26,85.03,11.00255102,12.44035533,-1.43780431,97.82,Spain,2,6,Sunday,1,Winter,Large,0
2025-06-05,Madrid Barajas,72.37,80.78,15.87288136,10.87866779,4.994213565,94.46,Spain,6,3,Thursday,0,Summer,Large,1
2024-03-09,Madrid Barajas,58.73,71.91,22.73756614,14.87265881,7.864907329,96.44,Spain,3,5,Saturday,1,Spring,Large,1
2024-09-12,Palma de Mallorca,60.85,73.04,21.27122642,16.32357911,4.947647306,93.02,Spain,9,3,Thursday,0,Autumn,Small,1
2024-12-22,Palma de Mallorca,78.74,76.51,10.34482759,11.88082329,-1.535995707,95.19,Spain,12,6,Sunday,1,Winter,Small,0
2024-01-05,Barcelona,56.28,72.39,21.39271357,15.90974295,5.482970616,87.98,Spain,1,4,Friday,0,Winter,Large,1
2025-07-30,Palma de Mallorca,61.34,74.55,19.43117409,14.08630595,5.344868144,93.41,Spain,7,2,Wednesday,0,Summer,Small,1
2022-10-12,Madrid Barajas,76.13,84.09,12.82387476,9.233529797,3.590344958,94.57,Spain,10,2,Wednesday,0,Autumn,Large,0
2024-10-17,Barcelona,37.98,45.44,35.3003876,31.08992395,4.210463643,95.86,Spain,10,3,Thursday,0,Autumn,Large,1
2022-09-01,Palma de Mallorca,66.83,70.45,18.91850921,16.2456229,2.672886317,95.21,Spain,9,3,Thursday,0,Autumn,Small,1
2022-06-29,Barcelona,62.65,69.46,19.90307329,17.21122766,2.691845625,94.17,Spain,6,2,Wednesday,0,Summer,Large,1
2026-01-31,Barcelona,85.02,88.92,7.322986748,9.345589744,-2.022602995,97.97,Spain,1,5,Saturday,1,Winter,Large,0
2023-04-30,Palma de Mallorca,76.53,82.59,11.20533333,10.223219,0.982114336,93.62,Spain,4,6,Sunday,1,Spring,Small,0
2023-08-13,Palma de Mallorca,73.45,80.82,13.62141328,10.18171695,3.439696322,95.06,Spain,8,6,Sunday,1,Summer,Small,0
2026-01-25,Barcelona,62.35,61.67,22.99308553,22.07738095,0.915704579,94.92,Spain,1,6,Sunday,1,Winter,Large,1
2024-08-31,Madrid Barajas,53.06,68.84,27.11870504,21.09768192,6.021023111,95.37,Spain,8,5,Saturday,1,Summer,Large,1
2023-05-01,Barcelona,35.02,50.35,41.640553,31.55546574,10.08508725,93.05,Spain,5,0,Monday,0,Spring,Large,1
2023-04-18,Madrid Barajas,80.54,83.43,11.78404669,9.968453541,1.815593151,94.39,Spain,4,1,Tuesday,0,Spring,Large,0
2023-11-08,Barcelona,81.42,91.54,8.692111959,5.11991453,3.572197429,97.57,Spain,11,2,Wednesday,0,Autumn,Large,0
2024-07-07,Madrid Barajas,66.33,75.6,19.21105528,18.70955631,0.501498962,94.65,Spain,7,6,Sunday,1,Summer,Large,1
2022-11-12,Barcelona,69.49,77.91,15.32930514,13.30860697,2.020698171,98.56,Spain,11,5,Saturday,1,Autumn,Large,1
2025-07-24,Madrid Barajas,47.44,64.84,30.34710744,20.55862355,9.788483889,93.64,Spain,7,3,Thursday,0,Summer,Large,1
2023-03-28,Madrid Barajas,62.43,71.91,18.7415507,17.4624834,1.279067296,92.86,Spain,3,1,Tuesday,0,Spring,Large,1
2024-10-26,Barcelona,26.36,41.88,41.0655303,33.87940503,7.186125269,96.59,Spain,10,5,Saturday,1,Autumn,Large,1
2024-06-14,Madrid Barajas,59.05,63.05,21.97103175,19.82250135,2.148530395,95.41,Spain,6,4,Friday,0,Summer,Large,1
2026-01-17,Palma de Mallorca,90.35,95.41,5.140350877,2.765902141,2.374448737,94.4,Spain,1,5,Saturday,1,Winter,Small,0
2022-03-07,Barcelona,82.83,87.69,8.619026104,5.554512821,3.064513284,96.07,Spain,3,0,Monday,0,Spring,Large,0
2024-03-28,Palma de Mallorca,76.27,71.37,10.34858757,12.99433842,-2.645750852,90.24,Spain,3,3,Thursday,0,Spring,Small,0
2024-05-10,Palma de Mallorca,80.99,87.79,12.21361502,5.977621283,6.23599374,93.6,Spain,5,4,Friday,0,Spring,Small,0
2022-10-15,Barcelona,74.74,81.19,14.59077381,11.06447595,3.526297865,98.07,Spain,10,5,Saturday,1,Autumn,Large,0
2025-12-15,Madrid Barajas,70.32,83.72,15.70994941,9.523864895,6.186084515,93.45,Spain,12,0,Monday,0,Winter,Large,1
2022-11-06,Palma de Mallorca,82.76,81.58,9.739573071,7.316578947,2.422994123,94.62,Spain,11,6,Sunday,1,Autumn,Small,0
2023-10-23,Palma de Mallorca,66.85,70.9,14.782397,15.01191149,-0.229514484,95.8,Spain,10,0,Monday,0,Autumn,Small,0
2025-05-27,Madrid Barajas,77.23,87.0,12.55821918,8.451126516,4.107092662,96.61,Spain,5,1,Tuesday,0,Spring,Large,0
2025-03-18,Madrid Barajas,66.97,84.62,15.76568266,9.614957265,6.150725392,95.7,Spain,3,1,Tuesday,0,Spring,Large,1
2026-05-08,Barcelona,73.02,79.24,15.87830688,11.78301615,4.095290731,97.32,Spain,5,4,Friday,0,Spring,Large,1
2023-08-13,Barcelona,71.76,79.26,16.22803347,13.20660507,3.021428408,96.49,Spain,8,6,Sunday,1,Summer,Large,1
2022-09-20,Madrid Barajas,82.7,85.57,9.322067594,7.263043478,2.059024116,95.55,Spain,9,1,Tuesday,0,Autumn,Large,0
2022-12-11,Madrid Barajas,57.73,57.23,25.91109966,26.2222921,-0.311192447,93.07,Spain,12,6,Sunday,1,Winter,Large,1
2023-01-23,Barcelona,80.85,84.45,10.11641337,8.705436992,1.410976382,97.95,Spain,1,0,Monday,0,Winter,Large,0
2022-09-28,Madrid Barajas,81.18,83.75,10.18441065,8.204061896,1.980348751,95.55,Spain,9,2,Wednesday,0,Autumn,Large,0
2024-08-07,Barcelona,54.04,70.19,28.40576923,22.40576923,6.0,96.89,Spain,8,2,Wednesday,0,Summer,Large,1
2023-10-28,Palma de Mallorca,78.72,82.19,11.83408195,10.91353919,0.920542762,94.6,Spain,10,5,Saturday,1,Autumn,Small,0
2025-01-06,Barcelona,57.33,68.06,25.88183807,19.42250367,6.459334403,96.48,Spain,1,0,Monday,0,Winter,Large,1
2024-02-27,Barcelona,87.47,91.87,8.752,5.945483288,2.806516712,94.14,Spain,2,1,Tuesday,0,Winter,Large,0
2025-09-02,Barcelona,74.14,81.73,14.29467681,10.795,3.499676806,97.28,Spain,9,1,Tuesday,0,Autumn,Large,0
2026-01-13,Palma de Mallorca,88.04,92.22,9.641304348,7.941111111,1.700193237,92.45,Spain,1,1,Tuesday,0,Winter,Small,0
2026-02-14,Barcelona,68.38,78.92,14.88153595,10.17107843,4.710457516,96.79,Spain,2,5,Saturday,1,Winter,Large,0
2022-10-25,Barcelona,73.72,79.61,13.09294404,10.01136731,3.081576725,99.06,Spain,10,1,Tuesday,0,Autumn,Large,0
2022-02-02,Palma de Mallorca,95.24,95.65,12.29761905,2.723369565,9.574249482,95.0,Spain,2,2,Wednesday,0,Winter,Small,0
2022-03-16,Palma de Mallorca,85.59,85.59,7.162162162,9.07957958,-1.917417417,90.58,Spain,3,2,Wednesday,0,Spring,Small,0
2022-08-19,Barcelona,61.57,68.71,19.94104803,22.6238512,-2.682803169,96.74,Spain,8,4,Friday,0,Summer,Large,1
2022-09-06,Barcelona,71.66,72.73,15.77043011,16.50662879,-0.73619868,97.17,Spain,9,1,Tuesday,0,Autumn,Large,1
2025-03-20,Barcelona,52.37,44.2,29.10609481,33.01528082,-3.909186009,95.21,Spain,3,3,Thursday,0,Spring,Large,1
2023-11-10,Palma de Mallorca,81.66,89.51,9.857988166,5.793209877,4.064778289,97.28,Spain,11,4,Friday,0,Autumn,Small,0
2024-11-10,Palma de Mallorca,81.35,88.14,10.26943005,9.058848797,1.210581255,93.46,Spain,11,6,Sunday,1,Autumn,Small,0
2026-03-17,Palma de Mallorca,95.15,94.08,3.76969697,3.775147929,-0.005450959,97.21,Spain,3,1,Tuesday,0,Spring,Small,0
2025-08-12,Madrid Barajas,61.09,76.12,21.60238908,13.35556517,8.246823911,95.85,Spain,8,1,Tuesday,0,Summer,Large,1
2022-10-24,Barcelona,62.06,73.35,21.24488304,17.82360499,3.421278048,97.14,Spain,10,0,Monday,0,Autumn,Large,1
2025-04-27,Barcelona,77.82,83.46,11.47276265,8.675697085,2.797065561,97.03,Spain,4,6,Sunday,1,Spring,Large,0
2025-01-11,Madrid Barajas,75.49,83.4,11.7372549,8.224576823,3.512678079,95.27,Spain,1,5,Saturday,1,Winter,Large,0
2023-04-01,Palma de Mallorca,32.14,37.8,49.69831349,42.72172619,6.976587302,89.85,Spain,4,5,Saturday,1,Spring,Small,1
2024-07-20,Barcelona,42.18,58.12,36.88222698,30.91463675,5.967590229,96.2,Spain,7,5,Saturday,1,Summer,Large,1
2022-05-20,Madrid Barajas,67.93,72.96,17.24744356,15.16898608,2.078457476,96.11,Spain,5,4,Friday,0,Spring,Large,1
2023-02-21,Palma de Mallorca,87.88,91.34,7.636363636,6.407349081,1.229014555,95.14,Spain,2,1,Tuesday,0,Winter,Small,0
2022-05-13,Barcelona,73.44,79.68,13.9330254,10.2052348,3.727790608,97.6,Spain,5,4,Friday,0,Spring,Large,0
2022-10-18,Barcelona,72.82,83.53,14.45509709,9.780708035,4.674389052,93.97,Spain,10,1,Tuesday,0,Autumn,Large,0
2022-12-05,Madrid Barajas,76.86,85.06,15.54313725,8.830976096,6.712161159,94.6,Spain,12,0,Monday,0,Winter,Large,1
2024-11-07,Barcelona,55.38,64.38,21.24256293,16.90726788,4.335295045,96.13,Spain,11,3,Thursday,0,Autumn,Large,1
2024-01-04,Barcelona,70.66,82.46,12.55164319,9.242022117,3.309621076,97.3,Spain,1,3,Thursday,0,Winter,Large,0
2024-12-20,Palma de Mallorca,82.63,84.21,8.615789474,8.595614035,0.020175439,96.0,Spain,12,4,Friday,0,Winter,Small,0
2023-05-17,Barcelona,70.81,80.61,14.33652869,11.26975309,3.066775599,98.33,Spain,5,2,Wednesday,0,Spring,Large,0
2024-02-02,Palma de Mallorca,85.71,88.59,6.805194805,6.344183445,0.46101136,97.11,Spain,2,4,Friday,0,Winter,Small,0
2024-03-23,Barcelona,79.9,86.39,11.79900744,7.448061056,4.350946388,97.65,Spain,3,5,Saturday,1,Spring,Large,0
2023-06-15,Barcelona,66.38,74.68,19.24524313,14.01152482,5.233718306,96.61,Spain,6,3,Thursday,0,Summer,Large,1
2025-06-14,Barcelona,59.51,74.24,22.13765182,14.97427316,7.163378664,96.15,Spain,6,5,Saturday,1,Summer,Large,1
2024-03-29,Palma de Mallorca,71.78,60.64,12.73651452,17.43587684,-4.699362318,92.86,Spain,3,4,Friday,0,Spring,Small,0
2023-10-18,Barcelona,71.98,76.12,14.27988506,12.52473348,1.755151582,94.49,Spain,10,2,Wednesday,0,Autumn,Large,0
2024-12-16,Madrid Barajas,70.36,79.52,19.5451448,13.42102697,6.124117839,94.43,Spain,12,0,Monday,0,Winter,Large,1
2023-04-16,Madrid Barajas,79.0,82.07,11.84393064,10.51377822,1.330152415,94.96,Spain,4,6,Sunday,1,Spring,Large,0
2025-02-09,Barcelona,85.62,91.25,8.977876106,5.676112327,3.301763779,98.07,Spain,2,6,Sunday,1,Winter,Large,0
2023-01-29,Barcelona,79.31,78.7,14.45935214,14.6901749,-0.230822755,98.5,Spain,1,6,Sunday,1,Winter,Large,0
2024-12-24,Madrid Barajas,85.47,92.52,8.789473684,3.460990814,5.328482871,95.11,Spain,12,1,Tuesday,0,Winter,Large,0
2025-04-25,Madrid Barajas,79.53,89.74,11.39424704,6.32022792,5.074019119,94.08,Spain,4,4,Friday,0,Spring,Large,0
2025-12-22,Barcelona,69.11,77.35,16.19656766,11.51957248,4.676995178,98.27,Spain,12,0,Monday,0,Winter,Large,1
2023-02-06,Palma de Mallorca,90.15,88.28,5.765151515,9.496875,-3.731723485,94.48,Spain,2,0,Monday,0,Winter,Small,0
2025-11-22,Barcelona,82.94,91.69,9.477690289,5.835800866,3.641889423,96.51,Spain,11,5,Saturday,1,Autumn,Large,0
2022-08-16,Barcelona,75.53,73.99,13.56769596,14.3256961,-0.75800014,97.75,Spain,8,1,Tuesday,0,Summer,Large,0
2024-04-07,Palma de Mallorca,73.09,74.22,13.93667546,14.65065104,-0.71397558,93.0,Spain,4,6,Sunday,1,Spring,Small,0
2024-07-04,Barcelona,66.17,82.87,17.17560074,11.84615146,5.329449281,96.71,Spain,7,3,Thursday,0,Summer,Large,1
2023-05-06,Palma de Mallorca,66.5,72.97,17.62135922,15.02940213,2.591957094,95.12,Spain,5,5,Saturday,1,Spring,Small,1
2025-09-06,Madrid Barajas,73.19,80.46,13.58730159,10.10387324,3.483428348,96.99,Spain,9,5,Saturday,1,Autumn,Large,0
2024-09-06,Madrid Barajas,66.94,71.88,19.42716858,18.4435307,0.983637874,95.44,Spain,9,4,Friday,0,Autumn,Large,1
2024-02-04,Barcelona,86.32,92.56,8.55721393,5.0372622,3.51995173,95.16,Spain,2,6,Sunday,1,Winter,Large,0
2024-11-11,Palma de Mallorca,83.33,90.24,9.041666667,5.607520325,3.434146341,90.86,Spain,11,0,Monday,0,Autumn,Small,0
2023-11-09,Barcelona,75.18,87.5,11.0548926,6.958573718,4.096318883,98.15,Spain,11,3,Thursday,0,Autumn,Large,0
2024-10-22,Barcelona,68.09,79.36,18.00425532,12.67152482,5.332730496,96.59,Spain,10,1,Tuesday,0,Autumn,Large,1
2024-03-05,Barcelona,86.58,89.34,8.44109589,5.004599271,3.436496619,94.25,Spain,3,1,Tuesday,0,Spring,Large,0
2024-07-14,Madrid Barajas,51.93,67.97,24.91122278,16.24579784,8.665424938,93.4,Spain,7,6,Sunday,1,Summer,Large,1
2024-01-18,Palma de Mallorca,83.76,88.18,8.476495726,7.340757576,1.135738151,93.33,Spain,1,3,Thursday,0,Winter,Small,0
2022-09-10,Palma de Mallorca,57.14,66.05,26.16356108,21.35883368,4.804727398,92.9,Spain,9,5,Saturday,1,Autumn,Small,1
2025-06-12,Barcelona,66.61,76.5,16.62093863,11.9167881,4.704150529,97.44,Spain,6,3,Thursday,0,Summer,Large,1
2022-01-06,Istanbul,87.83,76.14,10.24657916,17.08096386,-6.834384699,90.52,Turkey,1,3,Thursday,0,Winter,Large,0
2025-01-22,Antalya,87.5,83.91,5.727272727,7.020114943,-1.292842215,90.09,Turkey,1,2,Wednesday,0,Winter,Medium,0
2023-04-14,Antalya,49.57,44.02,23.75327635,29.42913105,-5.675854701,96.76,Turkey,4,4,Friday,0,Spring,Medium,1
2025-02-03,Antalya,93.75,90.7,3.7,5.860465116,-2.160465116,90.74,Turkey,2,0,Monday,0,Winter,Medium,0
2025-02-20,Istanbul Sabiha Gokcen,19.84,22.71,72.04365079,64.9123506,7.131300196,86.47,Turkey,2,3,Thursday,0,Winter,Medium,1
2024-06-30,Antalya,19.89,22.48,89.05951705,93.70551249,-4.645995444,90.78,Turkey,6,6,Sunday,1,Summer,Medium,1
2025-04-24,Antalya,68.42,60.47,15.43569501,16.99567183,-1.559976828,90.85,Turkey,4,3,Thursday,0,Spring,Medium,1
2024-10-18,Istanbul Sabiha Gokcen,75.72,78.32,11.96485623,10.98058252,0.984273706,96.18,Turkey,10,4,Friday,0,Autumn,Medium,0
2022-01-09,Antalya,56.12,49.04,43.97534014,42.22900641,1.746333726,92.62,Turkey,1,6,Sunday,1,Winter,Medium,1
2025-04-06,Istanbul,71.04,61.9,14.80637523,19.87011338,-5.063738151,94.03,Turkey,4,6,Sunday,1,Spring,Large,0
2025-11-10,Istanbul Sabiha Gokcen,83.33,85.75,9.59039548,8.002739726,1.587655754,95.56,Turkey,11,0,Monday,0,Autumn,Medium,0
2022-10-22,Istanbul Sabiha Gokcen,68.68,69.93,16.19424674,15.43864734,0.755599395,97.01,Turkey,10,5,Saturday,1,Autumn,Medium,1
2023-09-29,Istanbul,55.81,57.22,30.70021246,34.25585648,-3.555644017,91.88,Turkey,9,4,Friday,0,Autumn,Large,1
2022-07-22,Istanbul,66.4,57.7,19.61191614,23.31548742,-3.703571286,95.06,Turkey,7,4,Friday,0,Summer,Large,1
2025-04-15,Istanbul,88.08,86.39,8.180467572,9.689201183,-1.508733612,94.56,Turkey,4,1,Tuesday,0,Spring,Large,0
2024-03-16,Antalya,93.6,87.69,4.888,8.353846154,-3.465846154,95.36,Turkey,3,5,Saturday,1,Spring,Medium,0
2023-06-21,Istanbul Sabiha Gokcen,57.14,63.27,20.37785161,18.53837868,1.839472921,94.03,Turkey,6,2,Wednesday,0,Summer,Medium,1
2025-04-02,Antalya,82.25,72.09,8.388461538,12.09476744,-3.706305903,88.89,Turkey,4,2,Wednesday,0,Spring,Medium,0
2022-04-21,Istanbul Sabiha Gokcen,86.25,84.52,8.405833333,10.48479777,-2.078964435,96.88,Turkey,4,3,Thursday,0,Spring,Medium,0
2025-03-04,Antalya,94.81,90.48,2.896103896,5.468650794,-2.572546898,88.42,Turkey,3,1,Tuesday,0,Spring,Medium,0
2024-04-08,Antalya,90.48,85.05,4.857142857,9.597938144,-4.740795287,89.92,Turkey,4,0,Monday,0,Spring,Medium,0
2025-04-01,Istanbul,78.02,68.63,13.22271386,18.26186526,-5.039151395,93.06,Turkey,4,1,Tuesday,0,Spring,Large,0
2022-01-08,Istanbul Sabiha Gokcen,93.72,90.99,4.356624826,5.361087268,-1.004462442,94.27,Turkey,1,5,Saturday,1,Winter,Medium,0
2025-02-17,Istanbul Sabiha Gokcen,74.77,86.15,12.37959502,8.894769231,3.484825785,96.2,Turkey,2,0,Monday,0,Winter,Medium,0
2024-08-02,Istanbul Sabiha Gokcen,52.21,60.12,31.43362832,27.79758308,3.636045237,96.4,Turkey,8,4,Friday,0,Summer,Medium,1
2025-03-13,Istanbul,91.18,91.0,6.358877996,9.813284233,-3.454406238,93.1,Turkey,3,3,Thursday,0,Spring,Large,0
2023-07-25,Istanbul,54.08,54.73,27.83627308,29.54526929,-1.708996206,88.82,Turkey,7,1,Tuesday,0,Summer,Large,1
2023-09-16,Istanbul,69.76,67.22,18.62874465,18.06390051,0.564844139,91.89,Turkey,9,5,Saturday,1,Autumn,Large,1
2025-04-23,Istanbul,78.98,79.2,13.21798054,13.36081613,-0.142835591,94.8,Turkey,4,2,Wednesday,0,Spring,Large,0
2022-01-24,Antalya,65.22,54.9,22.70978261,30.83562092,-8.125838306,71.01,Turkey,1,0,Monday,0,Winter,Medium,1
2022-07-09,Istanbul,59.08,50.25,24.2322695,30.51998902,-6.287719513,94.54,Turkey,7,5,Saturday,1,Summer,Large,1
2024-10-31,Antalya,70.69,69.33,17.12413793,19.30666667,-2.182528736,88.38,Turkey,10,3,Thursday,0,Autumn,Medium,1
2026-04-24,Istanbul,90.57,81.93,5.851921158,9.494640123,-3.642718965,91.48,Turkey,4,4,Friday,0,Spring,Large,0
2024-08-22,Antalya,68.65,66.07,16.03112613,17.15167095,-1.120544825,94.9,Turkey,8,3,Thursday,0,Summer,Medium,1
2026-05-11,Istanbul,92.66,84.76,4.627239583,10.16006098,-5.532821392,92.21,Turkey,5,0,Monday,0,Spring,Large,0
2026-03-14,Antalya,87.6,84.17,6.925619835,8.641666667,-1.716046832,95.07,Turkey,3,5,Saturday,1,Spring,Medium,0
2024-04-19,Istanbul Sabiha Gokcen,58.3,73.62,21.40647773,16.87939633,4.527081407,95.36,Turkey,4,4,Friday,0,Spring,Medium,1
2024-06-23,Istanbul Sabiha Gokcen,38.37,43.99,39.36253776,37.23225806,2.1302797,94.61,Turkey,6,6,Sunday,1,Summer,Medium,1
2022-05-31,Istanbul,81.08,66.12,11.26827458,16.651221,-5.382946419,94.27,Turkey,5,1,Tuesday,0,Spring,Large,0
2024-09-21,Istanbul,57.56,60.17,25.48253391,23.64706304,1.835470877,95.94,Turkey,9,5,Saturday,1,Autumn,Large,1
2023-07-11,Istanbul Sabiha Gokcen,45.43,59.37,23.81051525,21.15661376,2.65390149,93.98,Turkey,7,1,Tuesday,0,Summer,Medium,1
2025-10-21,Istanbul Sabiha Gokcen,65.37,79.5,17.29201293,11.65373961,5.638273315,90.31,Turkey,10,1,Tuesday,0,Autumn,Medium,1
2022-12-02,Istanbul,59.61,56.59,24.23407473,25.48081429,-1.246739561,92.83,Turkey,12,4,Friday,0,Winter,Large,1
2025-09-06,Istanbul,72.55,73.53,14.18178649,13.69054759,0.491238904,94.94,Turkey,9,5,Saturday,1,Autumn,Large,0
2026-05-06,Istanbul,90.72,84.69,7.64096,8.293673578,-0.652713578,91.35,Turkey,5,2,Wednesday,0,Spring,Large,0
2025-01-19,Istanbul Sabiha Gokcen,85.26,87.86,8.281984586,5.523265896,2.75871869,95.43,Turkey,1,6,Sunday,1,Winter,Medium,0
2022-05-25,Antalya,73.25,62.85,13.64917695,28.49064559,-14.84146863,94.59,Turkey,5,2,Wednesday,0,Spring,Medium,0
2022-04-17,Istanbul,89.9,71.26,5.604983165,12.90695276,-7.301969596,93.4,Turkey,4,6,Sunday,1,Spring,Large,0
2022-04-11,Antalya,86.01,75.0,7.137878788,16.58728632,-9.449407537,93.25,Turkey,4,0,Monday,0,Spring,Medium,0
2022-06-19,Istanbul Sabiha Gokcen,61.68,66.06,15.42226277,14.91696751,0.505295265,95.25,Turkey,6,6,Sunday,1,Summer,Medium,1
2024-06-26,Antalya,24.08,25.33,71.13649669,64.5740644,6.562432291,93.62,Turkey,6,2,Wednesday,0,Summer,Medium,1
2026-05-09,Antalya,81.46,75.07,15.17021277,19.57703081,-4.406818046,91.76,Turkey,5,5,Saturday,1,Spring,Medium,1
2025-06-05,Istanbul,84.94,83.22,11.15331492,9.913342503,1.239972414,93.85,Turkey,6,3,Thursday,0,Summer,Large,0
2023-11-05,Istanbul Sabiha Gokcen,26.53,39.12,51.56734694,50.94897959,0.618367347,93.09,Turkey,11,6,Sunday,1,Autumn,Medium,1
2025-04-30,Istanbul,86.77,86.39,7.584637269,6.628939828,0.955697441,95.43,Turkey,4,2,Wednesday,0,Spring,Large,0
2025-06-11,Istanbul,88.2,87.87,8.08847185,5.493333333,2.595138517,94.7,Turkey,6,2,Wednesday,0,Summer,Large,0
2024-02-05,Antalya,86.21,80.85,5.620689655,8.393617021,-2.772927366,96.97,Turkey,2,0,Monday,0,Winter,Medium,0
2023-04-06,Istanbul,81.14,74.04,12.81487889,16.275,-3.460121107,91.82,Turkey,4,3,Thursday,0,Spring,Large,0
2023-12-26,Istanbul,80.7,74.51,13.94211409,16.77126906,-2.829154969,92.1,Turkey,12,1,Tuesday,0,Winter,Large,0
2024-10-08,Istanbul Sabiha Gokcen,74.92,79.24,16.73559322,12.45317186,4.282421363,93.85,Turkey,10,1,Tuesday,0,Autumn,Medium,1
2026-05-11,Istanbul Sabiha Gokcen,78.12,82.79,11.96048632,9.910979228,2.049507094,83.5,Turkey,5,0,Monday,0,Spring,Medium,0
2023-03-31,Istanbul,83.55,62.68,10.18219327,18.65911075,-8.476917479,91.35,Turkey,3,4,Friday,0,Spring,Large,0
2024-12-18,Istanbul,82.3,81.21,14.90271132,11.96693206,2.935779264,94.89,Turkey,12,2,Wednesday,0,Winter,Large,0
2025-08-07,Istanbul,71.82,76.93,15.53084416,13.88728702,1.643557131,92.85,Turkey,8,3,Thursday,0,Summer,Large,1
2024-08-20,Istanbul Sabiha Gokcen,48.41,69.87,24.40238854,17.71794872,6.684439817,95.01,Turkey,8,1,Tuesday,0,Summer,Medium,1
2023-11-13,Istanbul,70.53,58.67,15.58355408,25.15205294,-9.56849886,92.25,Turkey,11,0,Monday,0,Autumn,Large,1
2023-03-21,Istanbul,81.47,77.94,11.30515588,13.69928826,-2.394132381,92.11,Turkey,3,1,Tuesday,0,Spring,Large,0
2022-02-03,Antalya,75.93,62.0,22.84290123,20.222,2.620901235,87.32,Turkey,2,3,Thursday,0,Winter,Medium,1
2024-10-06,Istanbul Sabiha Gokcen,82.67,88.04,9.193333333,6.034496124,3.158837209,91.04,Turkey,10,6,Sunday,1,Autumn,Medium,0
2024-10-29,Istanbul Sabiha Gokcen,71.07,74.73,15.875,12.71660735,3.158392645,86.21,Turkey,10,1,Tuesday,0,Autumn,Medium,1
2025-12-28,Istanbul Sabiha Gokcen,41.3,36.44,33.41304348,40.34260274,-6.929559261,94.54,Turkey,12,6,Sunday,1,Winter,Medium,1
2025-11-29,Istanbul,81.39,86.84,10.60809946,10.2251462,0.38295326,93.89,Turkey,11,5,Saturday,1,Autumn,Large,0
2024-03-01,Istanbul,72.14,68.68,15.56491914,16.96677266,-1.401853511,93.33,Turkey,3,4,Friday,0,Spring,Large,1
2026-04-26,Istanbul Sabiha Gokcen,93.75,89.77,3.352272727,6.107907197,-2.75563447,90.05,Turkey,4,6,Sunday,1,Spring,Medium,0
2024-08-11,Istanbul Sabiha Gokcen,62.26,69.49,23.04402516,16.6102719,6.433753254,94.07,Turkey,8,6,Sunday,1,Summer,Medium,1
2024-04-11,Istanbul Sabiha Gokcen,80.86,83.33,8.95703125,6.968253968,1.988777282,95.97,Turkey,4,3,Thursday,0,Spring,Medium,0
2023-02-01,Istanbul,78.62,62.63,14.14008621,20.36828143,-6.228195223,93.1,Turkey,2,2,Wednesday,0,Winter,Large,0
2022-11-13,Istanbul,76.74,68.35,16.20664969,21.08277217,-4.876122477,93.25,Turkey,11,6,Sunday,1,Autumn,Large,1
2025-03-10,Antalya,92.77,94.12,5.56626506,4.317647059,1.248618001,81.9,Turkey,3,0,Monday,0,Spring,Medium,0
2025-12-03,Antalya,88.76,87.36,4.460674157,5.482758621,-1.022084463,80.17,Turkey,12,2,Wednesday,0,Winter,Medium,0
2026-04-01,Antalya,86.16,81.74,5.553348214,11.16887367,-5.615525454,77.85,Turkey,4,2,Wednesday,0,Spring,Medium,0
2024-02-14,Istanbul,88.74,85.28,7.238207283,10.15351171,-2.915304423,93.63,Turkey,2,2,Wednesday,0,Winter,Large,0
2023-01-09,Antalya,88.37,81.44,7.139534884,14.82886598,-7.689331096,94.39,Turkey,1,0,Monday,0,Winter,Medium,0
2024-11-09,Istanbul,81.65,85.87,11.22310127,9.928571429,1.294529837,94.61,Turkey,11,5,Saturday,1,Autumn,Large,0
2024-10-24,Antalya,78.74,72.86,13.84431138,18.48672566,-4.642414286,95.11,Turkey,10,3,Thursday,0,Autumn,Medium,0
2025-11-18,Istanbul,85.49,83.8,9.206970165,8.628266461,0.578703704,90.32,Turkey,11,1,Tuesday,0,Autumn,Large,0
2024-10-21,Istanbul,77.9,80.41,12.67475806,12.80519854,-0.130440473,94.55,Turkey,10,0,Monday,0,Autumn,Large,0
2022-07-19,Antalya,55.07,51.29,27.84922705,36.36833811,-8.519111056,94.73,Turkey,7,1,Tuesday,0,Summer,Medium,1
2023-12-20,Antalya,93.14,79.41,4.343137255,9.715686275,-5.37254902,94.57,Turkey,12,2,Wednesday,0,Winter,Medium,0
2025-04-15,Antalya,90.35,81.25,4.815789474,7.552916667,-2.737127193,90.11,Turkey,4,1,Tuesday,0,Spring,Medium,0
2023-09-14,Antalya,64.92,59.94,17.73087179,25.48948127,-7.758609473,93.35,Turkey,9,3,Thursday,0,Autumn,Medium,1
2024-09-13,Istanbul Sabiha Gokcen,60.0,68.85,18.77704918,16.84590164,1.931147541,95.77,Turkey,9,4,Friday,0,Autumn,Medium,1
2023-05-10,Istanbul,69.27,60.93,14.80323649,17.79181637,-2.988579874,93.5,Turkey,5,2,Wednesday,0,Spring,Large,0
2026-01-01,Istanbul,77.67,72.39,13.74322169,19.12359551,-5.380373815,88.71,Turkey,1,3,Thursday,0,Winter,Large,0
2024-06-12,Istanbul,65.25,64.68,19.14457478,18.32429748,0.820277299,95.23,Turkey,6,2,Wednesday,0,Summer,Large,1
2023-07-10,Antalya,62.66,59.46,20.49060052,26.16916462,-5.678564097,94.33,Turkey,7,0,Monday,0,Summer,Medium,1
2022-12-17,Antalya,64.29,56.3,22.6297619,32.40658263,-9.776820728,86.18,Turkey,12,5,Saturday,1,Winter,Medium,1
2022-03-21,Antalya,83.87,81.54,8.93172043,12.3974359,-3.465715467,92.68,Turkey,3,0,Monday,0,Spring,Medium,0
2023-02-19,Antalya,85.09,76.67,7.491959064,12.01666667,-4.524707602,94.93,Turkey,2,6,Sunday,1,Winter,Medium,0
2025-06-05,Istanbul Sabiha Gokcen,75.54,80.9,10.27688172,8.391025641,1.885856079,91.1,Turkey,6,3,Thursday,0,Summer,Medium,0
2024-03-09,Istanbul Sabiha Gokcen,61.54,87.06,16.93567447,8.2745338,8.661140671,95.34,Turkey,3,5,Saturday,1,Spring,Medium,1
2024-09-12,Istanbul,72.66,69.94,17.27748538,17.3422619,-0.064776525,94.76,Turkey,9,3,Thursday,0,Autumn,Large,1
2024-12-22,Istanbul,75.38,76.02,18.79470618,16.26528406,2.529422118,93.72,Turkey,12,6,Sunday,1,Winter,Large,1
2024-01-05,Antalya,88.81,80.58,11.49253731,15.21306954,-3.720532231,97.04,Turkey,1,4,Friday,0,Winter,Medium,0
2025-07-30,Istanbul,77.84,83.77,14.2890917,11.74201571,2.547075992,94.82,Turkey,7,2,Wednesday,0,Summer,Large,0
2022-10-12,Istanbul Sabiha Gokcen,49.81,67.57,18.17715573,13.94079794,4.236357786,97.08,Turkey,10,2,Wednesday,0,Autumn,Medium,1
2024-10-17,Antalya,71.26,65.9,17.8491517,18.8487106,-0.999558905,93.84,Turkey,10,3,Thursday,0,Autumn,Medium,1
2022-09-01,Istanbul,49.69,48.82,28.68679245,28.29939822,0.387394232,95.06,Turkey,9,3,Thursday,0,Autumn,Large,1
2022-06-29,Antalya,48.34,45.77,31.56782477,35.27113703,-3.703312253,96.13,Turkey,6,2,Wednesday,0,Summer,Medium,1
2026-01-31,Antalya,74.77,71.43,12.42056075,15.04761905,-2.6270583,86.09,Turkey,1,5,Saturday,1,Winter,Medium,0
2023-04-30,Istanbul,62.39,54.04,22.1208452,26.43981087,-4.318965671,94.56,Turkey,4,6,Sunday,1,Spring,Large,1
2023-08-13,Istanbul,71.7,70.79,16.0606685,17.80289855,-1.742230053,91.04,Turkey,8,6,Sunday,1,Summer,Large,1
2026-01-25,Antalya,80.0,66.97,25.13333333,30.09174312,-4.958409786,83.21,Turkey,1,6,Sunday,1,Winter,Medium,1
2024-08-31,Istanbul Sabiha Gokcen,52.71,64.76,23.36144578,19.81626506,3.545180723,96.06,Turkey,8,5,Saturday,1,Summer,Medium,1
2023-05-01,Antalya,70.63,63.16,17.31746032,21.74085213,-4.423391813,93.69,Turkey,5,0,Monday,0,Spring,Medium,1
2023-04-18,Istanbul Sabiha Gokcen,51.45,61.23,23.75724638,20.45102657,3.306219807,95.71,Turkey,4,1,Tuesday,0,Spring,Medium,1
2023-11-08,Antalya,90.91,85.23,6.078205128,8.525615213,-2.447410084,97.28,Turkey,11,2,Wednesday,0,Autumn,Medium,0
2024-07-07,Istanbul Sabiha Gokcen,26.32,36.73,48.14551084,41.17242798,6.973082852,95.48,Turkey,7,6,Sunday,1,Summer,Medium,1
2022-11-12,Antalya,79.64,75.72,12.31247505,16.72254335,-4.410068303,92.86,Turkey,11,5,Saturday,1,Autumn,Medium,0
2025-07-24,Istanbul Sabiha Gokcen,25.79,29.79,44.53947368,45.4733156,-0.933841919,93.16,Turkey,7,3,Thursday,0,Summer,Medium,1
2023-03-28,Istanbul Sabiha Gokcen,78.54,63.09,10.69957082,19.69449213,-8.994921316,91.11,Turkey,3,1,Tuesday,0,Spring,Medium,0
2024-10-26,Antalya,57.46,53.95,24.05601161,29.81715576,-5.761144148,95.32,Turkey,10,5,Saturday,1,Autumn,Medium,1
2024-06-14,Istanbul Sabiha Gokcen,27.86,30.3,48.80696594,53.98707071,-5.180104763,93.72,Turkey,6,4,Friday,0,Summer,Medium,1
2026-01-17,Istanbul,68.51,69.55,20.21940299,19.17014925,1.049253731,93.6,Turkey,1,5,Saturday,1,Winter,Large,1
2022-03-07,Antalya,88.14,78.13,19.44265537,12.89557292,6.547082451,95.95,Turkey,3,0,Monday,0,Spring,Medium,1
2024-03-28,Istanbul,85.0,83.22,12.09105556,12.59228188,-0.501226324,92.91,Turkey,3,3,Thursday,0,Spring,Large,0
2024-05-10,Istanbul,85.78,80.99,8.271505376,11.38209966,-3.110594285,95.12,Turkey,5,4,Friday,0,Spring,Large,0
2022-10-15,Antalya,34.0,31.32,50.12680952,53.42372807,-3.296918546,92.78,Turkey,10,5,Saturday,1,Autumn,Medium,1
2025-12-15,Istanbul Sabiha Gokcen,49.86,62.74,20.84949772,20.16105023,0.688447489,95.04,Turkey,12,0,Monday,0,Winter,Medium,1
2022-11-06,Istanbul,78.92,71.82,11.74634626,15.86561969,-4.119273432,93.96,Turkey,11,6,Sunday,1,Autumn,Large,0
2023-10-23,Istanbul,79.25,68.51,13.21949686,16.94357399,-3.724077133,92.89,Turkey,10,0,Monday,0,Autumn,Large,0
2025-05-27,Istanbul Sabiha Gokcen,70.21,69.62,12.93510324,14.7699115,-1.83480826,91.32,Turkey,5,1,Tuesday,0,Spring,Medium,0
2025-03-18,Istanbul Sabiha Gokcen,91.81,96.03,4.692832765,2.42599278,2.266839985,96.46,Turkey,3,1,Tuesday,0,Spring,Medium,0
2026-05-08,Antalya,83.92,75.81,16.61888112,22.88658243,-6.267701312,92.5,Turkey,5,4,Friday,0,Spring,Medium,1
2023-08-13,Antalya,50.63,49.64,28.63212197,36.3675772,-7.735455226,95.72,Turkey,8,6,Sunday,1,Summer,Medium,1
2022-09-20,Istanbul Sabiha Gokcen,75.37,77.95,11.64338235,11.75373891,-0.110356557,95.53,Turkey,9,1,Tuesday,0,Autumn,Medium,0
2022-12-11,Istanbul Sabiha Gokcen,52.33,54.29,25.62078853,25.41678571,0.204002816,95.27,Turkey,12,6,Sunday,1,Winter,Medium,1
2023-01-23,Antalya,87.84,80.52,6.677702703,10.72380952,-4.046106821,94.19,Turkey,1,0,Monday,0,Winter,Medium,0
2022-09-28,Istanbul Sabiha Gokcen,65.53,66.04,13.45637626,15.46308176,-2.006705498,96.21,Turkey,9,2,Wednesday,0,Autumn,Medium,0
2024-08-07,Antalya,56.74,50.35,27.86005089,30.38875878,-2.528707892,95.35,Turkey,8,2,Wednesday,0,Summer,Medium,1
2023-10-28,Istanbul,59.28,40.63,24.15691628,42.80212394,-18.64520766,94.09,Turkey,10,5,Saturday,1,Autumn,Large,1
2025-01-06,Antalya,89.47,82.2,5.570175439,8.322033898,-2.75185846,88.36,Turkey,1,0,Monday,0,Winter,Medium,0
2024-02-27,Antalya,94.19,85.23,3.848837209,5.704545455,-1.855708245,94.44,Turkey,2,1,Tuesday,0,Winter,Medium,0
2025-09-02,Antalya,74.36,76.12,13.57179487,13.4278607,0.143934175,91.73,Turkey,9,1,Tuesday,0,Autumn,Medium,0
2026-01-13,Istanbul,61.78,59.73,18.59405841,26.37917933,-7.785120922,92.21,Turkey,1,1,Tuesday,0,Winter,Large,1
2026-02-14,Antalya,82.76,73.28,11.5,17.9137931,-6.413793103,95.65,Turkey,2,5,Saturday,1,Winter,Medium,0
2022-10-25,Antalya,78.68,72.56,8.6875,13.13610108,-4.448601083,93.67,Turkey,10,1,Tuesday,0,Autumn,Medium,0
2022-02-02,Istanbul,82.2,71.71,8.912195122,15.99131514,-7.079120015,91.77,Turkey,2,2,Wednesday,0,Winter,Large,0
2022-03-16,Istanbul,88.21,65.7,10.5012285,19.49492754,-8.993699035,91.63,Turkey,3,2,Wednesday,0,Spring,Large,0
2022-08-19,Antalya,42.36,44.59,35.63905273,32.6585752,2.980477528,95.85,Turkey,8,4,Friday,0,Summer,Medium,1
2022-09-06,Antalya,67.5,56.8,16.79526042,23.48937563,-6.694115213,93.95,Turkey,9,1,Tuesday,0,Autumn,Medium,1
2025-03-20,Antalya,89.66,89.8,3.655172414,4.989795918,-1.334623505,89.52,Turkey,3,3,Thursday,0,Spring,Medium,0
2023-11-10,Istanbul,75.28,73.89,13.50816273,15.05031847,-1.542155742,94.03,Turkey,11,4,Friday,0,Autumn,Large,0
2024-11-10,Istanbul,81.73,82.87,13.84494324,11.62183642,2.223106821,94.59,Turkey,11,6,Sunday,1,Autumn,Large,0
2026-03-17,Istanbul,87.03,83.97,10.85930487,11.27592287,-0.416617994,85.06,Turkey,3,1,Tuesday,0,Spring,Large,0
2025-08-12,Istanbul Sabiha Gokcen,70.79,82.11,13.40355263,10.48157895,2.921973684,92.09,Turkey,8,1,Tuesday,0,Summer,Medium,0
2022-10-24,Antalya,69.93,61.27,20.48012821,23.69835681,-3.218228602,92.49,Turkey,10,0,Monday,0,Autumn,Medium,1
2025-04-27,Antalya,75.59,74.03,13.58949153,15.89285714,-2.303365617,92.88,Turkey,4,6,Sunday,1,Spring,Medium,0
2025-01-11,Istanbul Sabiha Gokcen,69.44,88.82,15.08333333,8.472049689,6.611283644,94.86,Turkey,1,5,Saturday,1,Winter,Medium,1
2023-04-01,Istanbul,83.84,63.62,11.19360269,20.85008306,-9.656480363,91.57,Turkey,4,5,Saturday,1,Spring,Large,0
2024-07-20,Antalya,15.35,7.96,91.15643411,85.64059735,5.515836763,93.15,Turkey,7,5,Saturday,1,Summer,Medium,1
2022-05-20,Istanbul Sabiha Gokcen,76.68,74.3,13.44387515,14.7532277,-1.309352552,95.1,Turkey,5,4,Friday,0,Spring,Medium,0
2023-02-21,Istanbul,83.06,67.32,10.01369369,17.98910832,-7.975414625,92.31,Turkey,2,1,Tuesday,0,Winter,Large,0
2022-05-13,Antalya,69.76,61.79,16.10813008,20.95102201,-4.842891931,95.33,Turkey,5,4,Friday,0,Spring,Medium,1
2022-10-18,Antalya,68.04,55.14,16.14639175,24.62203196,-8.475640211,93.73,Turkey,10,1,Tuesday,0,Autumn,Medium,1
2022-12-05,Istanbul Sabiha Gokcen,77.46,77.95,13.08961749,12.79849081,0.291126673,97.67,Turkey,12,0,Monday,0,Winter,Medium,0
2024-11-07,Antalya,84.21,78.76,8.494736842,16.75949914,-8.264762294,93.15,Turkey,11,3,Thursday,0,Autumn,Medium,0
2024-01-04,Antalya,86.36,81.2,7.772727273,11.63247863,-3.85975136,95.68,Turkey,1,3,Thursday,0,Winter,Medium,0
2024-12-20,Istanbul,80.48,78.78,17.5015015,16.64885496,0.85264654,94.4,Turkey,12,4,Friday,0,Winter,Large,1
2023-05-17,Antalya,65.79,47.78,16.5037594,24.12246914,-7.618709737,94.63,Turkey,5,2,Wednesday,0,Spring,Medium,1
2024-02-02,Istanbul,83.74,77.46,9.011862587,12.22705314,-3.215190553,92.48,Turkey,2,4,Friday,0,Winter,Large,0
2024-03-23,Antalya,88.51,83.51,6.706896552,9.420212766,-2.713316214,96.12,Turkey,3,5,Saturday,1,Spring,Medium,0
2023-06-15,Antalya,61.94,58.36,18.53392473,24.25045593,-5.716531196,95.74,Turkey,6,3,Thursday,0,Summer,Medium,1
2025-06-14,Antalya,49.88,51.37,28.48179669,28.68002283,-0.198226141,89.85,Turkey,6,5,Saturday,1,Summer,Medium,1
2024-03-29,Istanbul,83.15,87.24,12.11464567,10.97131234,1.143333333,94.38,Turkey,3,4,Friday,0,Spring,Large,0
2023-10-18,Antalya,73.11,66.99,13.90174863,19.15032362,-5.248574991,95.77,Turkey,10,2,Wednesday,0,Autumn,Medium,0
2024-12-16,Istanbul Sabiha Gokcen,80.67,79.1,9.003067485,9.913432836,-0.910365351,95.66,Turkey,12,0,Monday,0,Winter,Medium,0
2023-04-16,Istanbul Sabiha Gokcen,78.75,78.62,11.04442509,9.97637931,1.068045777,95.18,Turkey,4,6,Sunday,1,Spring,Medium,0
2025-02-09,Antalya,87.39,90.91,6.26981982,5.971818182,0.298001638,88.97,Turkey,2,6,Sunday,1,Winter,Medium,0
2023-01-29,Antalya,85.57,75.26,7.536082474,10.88367698,-3.347594502,94.64,Turkey,1,6,Sunday,1,Winter,Medium,0
2024-12-24,Istanbul Sabiha Gokcen,62.66,80.79,16.88961039,9.486754967,7.402855423,95.2,Turkey,12,1,Tuesday,0,Winter,Medium,1
2025-04-25,Istanbul Sabiha Gokcen,75.15,80.99,11.46783626,9.184210526,2.283625731,89.95,Turkey,4,4,Friday,0,Spring,Medium,0
2025-12-22,Antalya,81.3,69.53,10.77235772,16.3828125,-5.610454776,86.75,Turkey,12,0,Monday,0,Winter,Medium,0
2023-02-06,Istanbul,52.16,32.89,34.14487973,49.91461596,-15.76973623,80.82,Turkey,2,0,Monday,0,Winter,Large,1
2025-11-22,Antalya,85.4,81.75,5.591240876,11.5620438,-5.97080292,86.47,Turkey,11,5,Saturday,1,Autumn,Medium,0
2022-08-16,Antalya,63.92,61.84,18.74905303,30.88314763,-12.1340946,96.07,Turkey,8,1,Tuesday,0,Summer,Medium,1
2024-04-07,Istanbul,81.61,83.71,11.4189781,10.83364286,0.585335245,94.3,Turkey,4,6,Sunday,1,Spring,Large,0
2024-07-04,Antalya,37.92,30.65,36.65449438,44.1421645,-7.48767012,95.43,Turkey,7,3,Thursday,0,Summer,Medium,1
2023-05-06,Istanbul,57.85,47.11,20.90440584,28.72567901,-7.821273171,94.55,Turkey,5,5,Saturday,1,Spring,Large,1
2025-09-06,Istanbul Sabiha Gokcen,57.95,71.09,19.20645299,16.18229167,3.024161325,92.73,Turkey,9,5,Saturday,1,Autumn,Medium,1
2024-09-06,Istanbul Sabiha Gokcen,64.22,72.03,19.3400426,13.95048232,5.389560283,96.4,Turkey,9,4,Friday,0,Autumn,Medium,1
2024-02-04,Antalya,86.78,72.27,6.966942149,15.44537815,-8.478436003,95.21,Turkey,2,6,Sunday,1,Winter,Medium,0
2024-11-11,Istanbul,85.6,87.06,9.769653333,8.212832801,1.556820532,93.59,Turkey,11,0,Monday,0,Autumn,Large,0
2023-11-09,Antalya,85.93,82.76,7.718518519,8.724137931,-1.005619413,97.04,Turkey,11,3,Thursday,0,Autumn,Medium,0
2024-10-22,Antalya,79.15,71.71,14.98318228,18.95428571,-3.971103438,96.19,Turkey,10,1,Tuesday,0,Autumn,Medium,0
2024-03-05,Antalya,72.53,51.02,25.93406593,31.38469388,-5.450627943,92.24,Turkey,3,1,Tuesday,0,Spring,Medium,1
2024-07-14,Istanbul Sabiha Gokcen,39.21,55.56,28.90714286,23.34938272,5.557760141,96.05,Turkey,7,6,Sunday,1,Summer,Medium,1
2024-01-18,Istanbul,76.95,64.18,13.39008475,24.12481607,-10.73473133,91.64,Turkey,1,3,Thursday,0,Winter,Large,0
2022-09-10,Istanbul,62.8,62.5,25.38060413,22.43718354,2.943420589,95.76,Turkey,9,5,Saturday,1,Autumn,Large,1
2025-06-12,Antalya,72.7,72.21,13.71551724,19.22347866,-5.507961414,91.57,Turkey,6,3,Thursday,0,Summer,Medium,0
2024-05-25,London Heathrow,66.72,75.98,19.2390625,18.84413919,0.394923306,96.83,United Kingdom,5,5,Saturday,1,Spring,Large,1
2025-12-28,London Stansted,59.2,59.87,21.56856187,23.48968785,-1.921125975,96.2,United Kingdom,12,6,Sunday,1,Winter,Medium,1
2024-08-05,London Stansted,62.0,65.99,19.09333333,19.28529742,-0.191964085,92.84,United Kingdom,8,0,Monday,0,Summer,Medium,1
2022-10-11,London Gatwick,74.45,80.22,12.20041209,9.763003663,2.437408425,98.65,United Kingdom,10,1,Tuesday,0,Autumn,Medium,0
2022-07-05,London Stansted,55.85,59.85,21.33207547,22.69178832,-1.359712849,94.44,United Kingdom,7,1,Tuesday,0,Summer,Medium,1
2023-07-15,London Gatwick,33.85,32.38,39.53333333,47.10522193,-7.571888599,88.37,United Kingdom,7,5,Saturday,1,Summer,Medium,1
2022-11-26,London Stansted,77.21,74.53,11.77209302,14.4841195,-2.712026474,97.77,United Kingdom,11,5,Saturday,1,Autumn,Medium,0
2022-06-22,London Heathrow,44.12,63.6,30.28109029,19.64956672,10.63152357,97.69,United Kingdom,6,2,Wednesday,0,Summer,Large,1
2022-09-05,Manchester,45.19,50.18,38.27407407,31.42442002,6.84965405,95.86,United Kingdom,9,0,Monday,0,Autumn,Medium,1
2022-07-18,Manchester,29.7,50.37,41.95488722,33.94796296,8.006924255,92.49,United Kingdom,7,0,Monday,0,Summer,Medium,1
2022-12-09,London Heathrow,46.19,56.44,28.9001692,24.48048023,4.419688979,97.7,United Kingdom,12,4,Friday,0,Winter,Large,1
2022-06-20,London Heathrow,43.3,59.93,31.07246377,26.56486407,4.507599702,93.37,United Kingdom,6,0,Monday,0,Summer,Large,1
2022-08-28,Manchester,47.64,60.14,26.41818182,21.1660628,5.252119016,94.63,United Kingdom,8,6,Sunday,1,Summer,Medium,1
2024-02-04,Manchester,71.88,75.86,12.79017857,11.97816092,0.812017652,98.3,United Kingdom,2,6,Sunday,1,Winter,Medium,0
2023-04-25,London Gatwick,76.31,73.62,11.52615385,11.73865031,-0.212496461,96.2,United Kingdom,4,1,Tuesday,0,Spring,Medium,0
2023-05-19,Manchester,72.93,80.61,12.71804511,10.25931559,2.458729523,96.79,United Kingdom,5,4,Friday,0,Spring,Medium,0
2023-02-17,London Gatwick,71.76,73.95,14.36764706,14.63008982,-0.262442762,96.62,United Kingdom,2,4,Friday,0,Winter,Medium,0
2023-03-11,London Gatwick,41.26,37.76,36.33566434,43.24597902,-6.910314685,96.01,United Kingdom,3,5,Saturday,1,Spring,Medium,1
2023-02-25,London Stansted,72.2,68.16,13.40358744,16.93393124,-3.530343797,97.0,United Kingdom,2,5,Saturday,1,Winter,Medium,0
2022-11-26,London Heathrow,76.71,85.71,12.90974729,8.160897436,4.748849857,97.72,United Kingdom,11,5,Saturday,1,Autumn,Large,0
2023-07-17,London Gatwick,32.17,37.38,38.62940948,39.98944704,-1.360037561,92.09,United Kingdom,7,0,Monday,0,Summer,Medium,1
2026-04-09,Manchester,68.84,63.74,13.39855072,15.22832723,-1.829776504,97.92,United Kingdom,4,3,Thursday,0,Spring,Medium,0
2025-12-02,London Heathrow,88.37,90.98,7.795348837,6.107309487,1.68803935,99.54,United Kingdom,12,1,Tuesday,0,Winter,Large,0
2023-07-10,London Gatwick,39.48,46.85,30.356974,34.11884227,-3.761868274,89.5,United Kingdom,7,0,Monday,0,Summer,Medium,1
2024-02-23,London Stansted,77.74,81.75,11.23773585,9.335648148,1.902087701,95.07,United Kingdom,2,4,Friday,0,Winter,Medium,0
2026-03-12,London Gatwick,85.9,83.02,8.58974359,10.66278826,-2.07304467,97.21,United Kingdom,3,3,Thursday,0,Spring,Medium,0
2023-05-13,London Stansted,63.22,62.5,19.35632184,24.78257576,-5.426253918,98.15,United Kingdom,5,5,Saturday,1,Spring,Medium,1
2022-10-03,London Gatwick,59.42,61.24,24.06282723,22.7539621,1.308865123,98.46,United Kingdom,10,0,Monday,0,Autumn,Medium,1
2024-02-16,London Heathrow,88.69,86.59,7.21559633,8.574447869,-1.358851538,97.78,United Kingdom,2,4,Friday,0,Winter,Large,0
2025-05-26,London Heathrow,88.24,81.78,7.163235294,11.11449383,-3.951258533,99.56,United Kingdom,5,0,Monday,0,Spring,Large,0
2025-11-10,London Heathrow,90.83,87.71,5.536697248,7.007680492,-1.470983244,99.24,United Kingdom,11,0,Monday,0,Autumn,Large,0
2026-02-10,London Gatwick,88.44,86.43,11.90666667,10.77458522,1.132081448,96.6,United Kingdom,2,1,Tuesday,0,Winter,Medium,0
2025-05-27,Manchester,68.63,68.73,14.07189542,13.24766558,0.824229844,95.95,United Kingdom,5,1,Tuesday,0,Spring,Medium,0
2024-03-25,London Stansted,79.52,80.5,10.78714859,10.18374827,0.603400323,95.49,United Kingdom,3,0,Monday,0,Spring,Medium,0
2024-10-31,London Heathrow,85.65,90.06,8.575663027,5.676293996,2.899369031,97.49,United Kingdom,10,3,Thursday,0,Autumn,Large,0
2025-12-12,London Gatwick,83.73,86.83,10.15976331,7.54256487,2.617198443,97.44,United Kingdom,12,4,Friday,0,Winter,Medium,0
2025-10-26,London Gatwick,70.71,68.9,15.33509235,16.13065237,-0.79556002,80.21,United Kingdom,10,6,Sunday,1,Autumn,Medium,1
2023-09-18,Manchester,37.22,52.1,31.1618123,28.75857605,2.403236246,98.13,United Kingdom,9,0,Monday,0,Autumn,Medium,1
2024-10-08,London Gatwick,51.64,56.68,22.33501259,22.3808984,-0.04588581,93.21,United Kingdom,10,1,Tuesday,0,Autumn,Medium,1
2022-01-08,London Gatwick,88.46,78.46,9.195512821,12.03576923,-2.84025641,95.65,United Kingdom,1,5,Saturday,1,Winter,Medium,0
2026-01-03,London Heathrow,53.41,52.44,30.2224026,31.88830076,-1.665898163,97.95,United Kingdom,1,5,Saturday,1,Winter,Large,1
2023-05-12,Manchester,68.66,70.07,15.39552239,13.73783455,1.657687838,97.85,United Kingdom,5,4,Friday,0,Spring,Medium,1
2024-01-18,Manchester,56.0,60.34,23.34857143,21.39683908,1.951732348,95.74,United Kingdom,1,3,Thursday,0,Winter,Medium,1
2025-03-21,London Stansted,72.76,73.94,13.07241379,14.05633803,-0.983924235,96.73,United Kingdom,3,4,Friday,0,Spring,Medium,0
2025-03-27,London Gatwick,88.82,91.21,4.882175227,5.275252525,-0.393077299,94.32,United Kingdom,3,3,Thursday,0,Spring,Medium,0
2024-11-12,Manchester,84.24,90.76,7.994565217,4.756521739,3.238043478,98.94,United Kingdom,11,1,Tuesday,0,Autumn,Medium,0
2022-02-01,Manchester,75.53,67.74,9.436170213,11.15448029,-1.718310074,95.96,United Kingdom,2,1,Tuesday,0,Winter,Medium,0
2025-01-20,London Heathrow,92.46,87.04,5.383627608,9.95696,-4.573332392,98.43,United Kingdom,1,0,Monday,0,Winter,Large,0
2022-06-06,Manchester,35.88,47.21,42.95419847,38.58705081,4.367147668,91.97,United Kingdom,6,0,Monday,0,Summer,Medium,1
2023-12-07,London Stansted,68.75,75.59,14.5,12.19334898,2.306651017,93.47,United Kingdom,12,3,Thursday,0,Winter,Medium,0
2022-08-19,Manchester,46.27,59.85,29.62686567,23.40413625,6.222729419,95.83,United Kingdom,8,4,Friday,0,Summer,Medium,1
2025-03-25,London Gatwick,73.19,75.09,11.96014493,13.40932611,-1.449181186,94.54,United Kingdom,3,1,Tuesday,0,Spring,Medium,0
2023-09-15,Manchester,52.82,60.65,26.95348837,24.85134409,2.102144286,95.11,United Kingdom,9,4,Friday,0,Autumn,Medium,1
2025-11-16,London Stansted,73.93,70.98,11.65714286,15.2252331,-3.568090243,95.33,United Kingdom,11,6,Sunday,1,Autumn,Medium,0
2022-03-23,London Heathrow,72.62,86.18,12.92575406,7.004137393,5.921616668,97.3,United Kingdom,3,2,Wednesday,0,Spring,Large,0
2023-06-19,Manchester,48.97,56.66,27.95517241,26.29328783,1.661884587,96.42,United Kingdom,6,0,Monday,0,Summer,Medium,1
2024-01-29,London Gatwick,89.39,90.04,8.726530612,7.681189488,1.045341124,91.11,United Kingdom,1,0,Monday,0,Winter,Medium,0
2022-08-22,Manchester,44.03,61.73,28.1119403,20.2677497,7.844190599,96.54,United Kingdom,8,0,Monday,0,Summer,Medium,1
2024-03-11,Manchester,78.06,77.27,10.49367089,10.47121212,0.022458765,98.38,United Kingdom,3,0,Monday,0,Spring,Medium,0
2024-02-20,London Gatwick,89.96,91.53,5.322175732,4.690254237,0.631921495,90.74,United Kingdom,2,1,Tuesday,0,Winter,Medium,0
2022-03-22,Manchester,84.89,93.53,5.877697842,3.197841727,2.679856115,95.27,United Kingdom,3,1,Tuesday,0,Spring,Medium,0
2022-09-12,London Stansted,63.73,62.27,25.45070423,24.32881563,1.121888597,95.32,United Kingdom,9,0,Monday,0,Autumn,Medium,1
2022-09-21,Manchester,53.36,62.55,23.15019763,17.12033462,6.029863008,95.59,United Kingdom,9,2,Wednesday,0,Autumn,Medium,1
2024-03-10,London Gatwick,69.67,66.67,15.49180328,18.05381084,-2.562007557,91.85,United Kingdom,3,6,Sunday,1,Spring,Medium,1
2024-01-23,London Stansted,83.67,75.38,10.92857143,13.78283082,-2.854259392,97.12,United Kingdom,1,1,Tuesday,0,Winter,Medium,0
2022-11-05,London Heathrow,71.17,76.17,21.53552021,18.76442057,2.771099639,93.42,United Kingdom,11,5,Saturday,1,Autumn,Large,1
2023-06-30,London Heathrow,58.06,61.31,24.23348694,20.64531091,3.588176036,97.18,United Kingdom,6,4,Friday,0,Summer,Large,1
2026-01-08,London Stansted,65.8,62.77,15.49222798,17.31826241,-1.826034432,97.03,United Kingdom,1,3,Thursday,0,Winter,Medium,1
2024-03-16,Manchester,68.31,74.07,17.65843621,15.10061728,2.55781893,95.37,United Kingdom,3,5,Saturday,1,Spring,Medium,1
2023-02-04,London Stansted,84.23,76.44,7.283783784,13.5817037,-6.29791992,97.83,United Kingdom,2,5,Saturday,1,Winter,Medium,0
2026-04-01,London Gatwick,81.56,84.41,11.24495677,8.775833333,2.469123439,93.33,United Kingdom,4,2,Wednesday,0,Spring,Medium,0
2025-10-12,London Stansted,77.4,71.68,16.41969178,16.05897436,0.360717422,94.6,United Kingdom,10,6,Sunday,1,Autumn,Medium,1
2022-01-24,Manchester,84.91,88.12,10.76415094,6.512046205,4.252104739,76.43,United Kingdom,1,0,Monday,0,Winter,Medium,0
2025-02-08,London Gatwick,83.33,80.26,8.725490196,9.968392665,-1.242902468,92.24,United Kingdom,2,5,Saturday,1,Winter,Medium,0
2024-11-09,London Stansted,81.08,77.52,9.806949807,11.60710594,-1.800156136,97.77,United Kingdom,11,5,Saturday,1,Autumn,Medium,0
2023-11-28,London Gatwick,80.65,82.33,9.884792627,8.261395349,1.623397278,90.16,United Kingdom,11,1,Tuesday,0,Autumn,Medium,0
2023-04-18,Manchester,69.03,70.56,17.36725664,17.01738817,0.34986847,97.88,United Kingdom,4,1,Tuesday,0,Spring,Medium,1
2025-04-12,Manchester,71.54,72.41,14.3071161,13.96309068,0.344025428,96.48,United Kingdom,4,5,Saturday,1,Spring,Medium,0
2022-09-26,London Gatwick,56.25,62.69,22.71953125,22.22081174,0.498719506,96.74,United Kingdom,9,0,Monday,0,Autumn,Medium,1
2023-01-29,Manchester,80.31,82.83,15.23834197,8.185521886,7.052820083,95.15,United Kingdom,1,6,Sunday,1,Winter,Medium,1
2022-05-12,London Heathrow,70.3,83.81,15.28646749,9.248576512,6.037890974,97.79,United Kingdom,5,3,Thursday,0,Spring,Large,1
2024-11-11,London Gatwick,81.23,86.97,8.546075085,6.892370892,1.653704193,92.79,United Kingdom,11,0,Monday,0,Autumn,Medium,0
2022-06-02,London Gatwick,40.36,50.13,38.88541667,31.51907262,7.366344051,95.54,United Kingdom,6,3,Thursday,0,Summer,Medium,1
2024-10-02,Manchester,68.61,75.19,16.16423358,14.40932099,1.754912589,96.55,United Kingdom,10,2,Wednesday,0,Autumn,Medium,1
2025-03-27,London Heathrow,85.05,88.43,7.73651772,5.853832305,1.882685415,99.39,United Kingdom,3,3,Thursday,0,Spring,Large,0
2023-02-14,London Heathrow,55.34,58.98,32.02671756,32.65611216,-0.629394604,88.72,United Kingdom,2,1,Tuesday,0,Winter,Large,1
2024-04-25,London Gatwick,73.44,78.86,12.05420054,11.1064589,0.947741644,90.27,United Kingdom,4,3,Thursday,0,Spring,Medium,0
2025-06-07,Manchester,62.28,61.59,18.51557093,19.83771626,-1.322145329,96.09,United Kingdom,6,5,Saturday,1,Summer,Medium,1
2023-11-28,Manchester,69.64,77.33,14.41071429,14.3751938,0.035520487,98.28,United Kingdom,11,1,Tuesday,0,Autumn,Medium,0
2025-09-08,London Heathrow,73.75,79.91,16.84164223,10.28123167,6.560410557,98.84,United Kingdom,9,0,Monday,0,Autumn,Large,1
2023-11-23,London Gatwick,84.7,87.02,12.56227758,9.903976608,2.658300972,92.79,United Kingdom,11,3,Thursday,0,Autumn,Medium,0
2025-11-04,London Gatwick,90.23,94.32,6.018796992,4.183964646,1.834832346,97.8,United Kingdom,11,1,Tuesday,0,Autumn,Medium,0
2023-03-26,London Gatwick,33.86,43.87,39.35109718,38.02677419,1.324322985,88.25,United Kingdom,3,6,Sunday,1,Spring,Medium,1
2022-04-07,Manchester,42.25,44.44,33.35485133,31.83856683,1.516284503,97.33,United Kingdom,4,3,Thursday,0,Spring,Medium,1
2025-05-10,Manchester,75.53,74.55,13.43262411,12.50024242,0.932381689,97.29,United Kingdom,5,5,Saturday,1,Spring,Medium,0
2023-04-21,London Heathrow,65.29,64.01,15.67038217,16.18808386,-0.517701699,96.19,United Kingdom,4,4,Friday,0,Spring,Large,1
2025-10-22,London Heathrow,86.48,83.13,7.331352155,8.682686567,-1.351334413,98.68,United Kingdom,10,2,Wednesday,0,Autumn,Large,0
2024-09-25,London Heathrow,54.23,37.72,23.30609212,28.97674651,-5.670654382,96.28,United Kingdom,9,2,Wednesday,0,Autumn,Large,1
2025-09-08,London Stansted,73.85,66.55,14.75265018,17.904,-3.151349823,94.16,United Kingdom,9,0,Monday,0,Autumn,Medium,0
2023-05-18,London Heathrow,66.41,77.21,17.27734977,11.94186047,5.335489304,96.87,United Kingdom,5,3,Thursday,0,Spring,Large,1
2023-11-08,London Heathrow,77.23,76.91,15.67197452,13.75639597,1.915578556,96.52,United Kingdom,11,2,Wednesday,0,Autumn,Large,1
2022-09-30,London Stansted,35.25,40.86,40.01438849,37.42371565,2.590672838,94.12,United Kingdom,9,4,Friday,0,Autumn,Medium,1
2022-05-13,Manchester,56.65,63.67,25.31178707,20.70362047,4.608166598,93.4,United Kingdom,5,4,Friday,0,Spring,Medium,1
2022-05-13,London Gatwick,64.82,70.99,19.89473684,16.64069982,3.254037026,98.11,United Kingdom,5,4,Friday,0,Spring,Medium,1
2022-12-13,Manchester,41.32,52.76,44.21556886,37.62300613,6.592562727,93.05,United Kingdom,12,1,Tuesday,0,Winter,Medium,1
2024-01-10,London Gatwick,85.5,86.22,9.245,7.578741497,1.666258503,91.36,United Kingdom,1,2,Wednesday,0,Winter,Medium,0
2023-01-17,London Stansted,82.72,81.15,10.35078534,10.90104712,-0.55026178,93.69,United Kingdom,1,1,Tuesday,0,Winter,Medium,0
2023-09-18,London Gatwick,30.55,24.17,55.67303103,60.02172196,-4.348690933,88.82,United Kingdom,9,0,Monday,0,Autumn,Medium,1
2022-09-22,London Gatwick,53.05,59.23,22.64467005,20.05358974,2.591080307,98.51,United Kingdom,9,3,Thursday,0,Autumn,Medium,1
2023-03-28,London Heathrow,49.24,66.95,26.01692047,19.01660959,7.000310885,93.87,United Kingdom,3,1,Tuesday,0,Spring,Large,1
2024-06-10,London Stansted,50.16,54.64,26.45980707,25.46628035,0.993526721,94.89,United Kingdom,6,0,Monday,0,Summer,Medium,1
2025-08-27,London Stansted,71.62,68.69,13.69966997,17.40213244,-3.702462468,94.77,United Kingdom,8,2,Wednesday,0,Summer,Medium,0
2025-10-11,London Heathrow,83.59,83.59,9.191717791,8.975773994,0.215943798,99.54,United Kingdom,10,5,Saturday,1,Autumn,Large,0
2023-02-22,London Stansted,90.67,89.3,8.668393782,7.004278075,1.664115708,96.62,United Kingdom,2,2,Wednesday,0,Winter,Medium,0
2022-11-20,London Heathrow,68.04,81.03,16.9209622,11.23133903,5.689623168,98.32,United Kingdom,11,6,Sunday,1,Autumn,Large,1
2025-09-09,London Heathrow,81.63,81.87,11.15851852,9.815874195,1.342644323,97.83,United Kingdom,9,1,Tuesday,0,Autumn,Large,0
2022-07-26,London Stansted,55.76,60.58,23.43866171,22.07804136,1.360620348,96.18,United Kingdom,7,1,Tuesday,0,Summer,Medium,1
2024-04-11,London Stansted,76.04,76.82,11.89236111,11.70322953,0.189131584,96.45,United Kingdom,4,3,Thursday,0,Spring,Medium,0
2024-10-22,London Stansted,71.89,73.94,12.68683274,12.87476526,-0.187932518,96.31,United Kingdom,10,1,Tuesday,0,Autumn,Medium,0
2025-03-07,Manchester,87.2,88.1,7.396,6.772949735,0.623050265,97.34,United Kingdom,3,4,Friday,0,Spring,Medium,0
2023-04-01,London Gatwick,33.54,43.12,48.0152439,44.43878695,3.57645695,89.04,United Kingdom,4,5,Saturday,1,Spring,Medium,1
2026-02-27,London Gatwick,89.94,91.19,5.359756098,6.053900709,-0.694144612,96.25,United Kingdom,2,4,Friday,0,Winter,Medium,0
2024-08-13,London Stansted,55.48,61.18,25.5282392,27.17713816,-1.648898955,94.82,United Kingdom,8,1,Tuesday,0,Summer,Medium,1
2024-11-04,Manchester,68.2,81.78,17.37164751,13.39844961,3.973197897,95.64,United Kingdom,11,0,Monday,0,Autumn,Medium,1
2023-04-15,London Gatwick,51.22,65.76,26.99390244,22.97247475,4.021427692,93.33,United Kingdom,4,5,Saturday,1,Spring,Medium,1
2023-07-04,London Gatwick,43.5,43.54,30.04255319,31.27515949,-1.232606298,93.45,United Kingdom,7,1,Tuesday,0,Summer,Medium,1
2023-03-19,London Heathrow,73.55,88.8,13.86280992,7.118939394,6.743870523,97.0,United Kingdom,3,6,Sunday,1,Spring,Large,0
2023-09-14,London Heathrow,69.81,76.36,16.43049327,14.02720884,2.403284438,97.98,United Kingdom,9,3,Thursday,0,Autumn,Large,1
2023-09-23,London Stansted,66.79,67.72,21.34296029,21.08888889,0.2540714,96.92,United Kingdom,9,5,Saturday,1,Autumn,Medium,1
2022-07-28,Manchester,43.3,58.53,31.87739464,26.95697674,4.920417892,95.32,United Kingdom,7,3,Thursday,0,Summer,Medium,1
2023-10-14,London Gatwick,74.52,70.81,13.57534247,16.11621622,-2.54087375,93.62,United Kingdom,10,5,Saturday,1,Autumn,Medium,0
2025-05-10,London Stansted,80.69,75.78,11.54827586,12.87295271,-1.324676848,92.81,United Kingdom,5,5,Saturday,1,Spring,Medium,0
2023-12-10,London Stansted,58.0,61.85,18.476,20.78427041,-2.308270415,95.85,United Kingdom,12,6,Sunday,1,Winter,Medium,1
2022-06-13,London Heathrow,57.44,72.93,22.43079585,15.83577586,6.595019986,97.02,United Kingdom,6,0,Monday,0,Summer,Large,1
2024-08-25,London Gatwick,36.43,37.39,33.06108597,34.63849388,-1.577407911,92.31,United Kingdom,8,6,Sunday,1,Summer,Medium,1
2024-06-09,London Stansted,61.94,63.86,22.97923875,25.44146199,-2.462223234,94.87,United Kingdom,6,6,Sunday,1,Summer,Medium,1
2023-05-15,London Gatwick,56.44,58.87,23.39690722,24.29293059,-0.896023375,96.09,United Kingdom,5,0,Monday,0,Spring,Medium,1
2024-12-19,London Heathrow,63.28,71.6,18.1138088,14.14862595,3.965182847,98.81,United Kingdom,12,3,Thursday,0,Winter,Large,1
2023-01-05,London Heathrow,74.27,72.34,12.79113779,14.82416953,-2.033031737,96.53,United Kingdom,1,3,Thursday,0,Winter,Large,0
2025-04-27,London Gatwick,76.24,81.04,10.62924282,10.38575758,0.243485244,93.45,United Kingdom,4,6,Sunday,1,Spring,Medium,0
2026-04-19,Manchester,71.38,75.77,11.61279461,11.70324232,-0.090447708,97.1,United Kingdom,4,6,Sunday,1,Spring,Medium,0
2026-05-22,London Gatwick,64.25,74.41,17.4178744,14.5707346,2.847139799,98.35,United Kingdom,5,4,Friday,0,Spring,Medium,1
2023-01-13,London Stansted,83.61,77.96,8.594262295,12.47503401,-3.880771719,95.35,United Kingdom,1,4,Friday,0,Winter,Medium,0
2022-12-18,Manchester,33.16,44.33,56.66321244,41.64845361,15.01475883,90.56,United Kingdom,12,6,Sunday,1,Winter,Medium,1
2023-08-30,London Stansted,46.31,56.31,29.79530201,26.98117179,2.814130227,95.98,United Kingdom,8,2,Wednesday,0,Summer,Medium,1
2022-01-02,London Heathrow,74.01,72.18,15.77958237,17.26794564,-1.488363277,95.43,United Kingdom,1,6,Sunday,1,Winter,Large,1
2025-04-22,London Gatwick,83.67,83.53,7.924198251,8.187861272,-0.263663021,94.51,United Kingdom,4,1,Tuesday,0,Spring,Medium,0
2025-06-25,London Heathrow,84.73,83.46,9.458083832,9.318145363,0.139938469,98.24,United Kingdom,6,2,Wednesday,0,Summer,Large,0
2024-12-20,Manchester,62.08,66.54,19.55762082,16.32992565,3.227695167,96.79,United Kingdom,12,4,Friday,0,Winter,Medium,1
2024-05-22,London Gatwick,68.46,73.64,14.48717949,11.52579673,2.96138276,91.36,United Kingdom,5,2,Wednesday,0,Spring,Medium,0
2022-08-22,London Stansted,68.29,72.89,16.66440186,14.4790493,2.185352563,96.37,United Kingdom,8,0,Monday,0,Summer,Medium,1
2023-04-11,Manchester,67.58,61.84,16.91780822,18.05555556,-1.137747336,96.96,United Kingdom,4,1,Tuesday,0,Spring,Medium,1
2022-05-14,London Stansted,70.33,69.88,13.45121951,16.48788487,-3.036665361,98.43,United Kingdom,5,5,Saturday,1,Spring,Medium,0
2026-04-27,London Stansted,80.14,82.64,10.57446809,9.639699074,0.934769011,96.96,United Kingdom,4,0,Monday,0,Spring,Medium,0
2026-02-01,London Gatwick,83.33,86.0,9.006535948,8.742722222,0.263813725,98.08,United Kingdom,2,6,Sunday,1,Winter,Medium,0
2026-05-13,Manchester,68.77,69.85,17.61710037,18.70098039,-1.08388002,97.49,United Kingdom,5,2,Wednesday,0,Spring,Medium,1
2026-01-07,Manchester,60.12,59.41,23.31791908,25.85598039,-2.538061317,93.19,United Kingdom,1,2,Wednesday,0,Winter,Medium,1
2025-08-08,Manchester,62.99,67.36,19.60298507,18.58120673,1.021778349,96.58,United Kingdom,8,4,Friday,0,Summer,Medium,1
2022-01-04,London Gatwick,89.16,80.49,5.93373494,10.0495935,-4.115858556,96.53,United Kingdom,1,1,Tuesday,0,Winter,Medium,0
2023-09-22,London Stansted,64.71,68.21,24.87908497,19.58967991,5.289405056,94.24,United Kingdom,9,4,Friday,0,Autumn,Medium,1
2023-08-15,London Stansted,62.83,76.0,17.97368421,14.33838889,3.635295322,96.54,United Kingdom,8,1,Tuesday,0,Summer,Medium,1
2023-04-10,London Gatwick,53.19,63.87,23.34626039,18.19052288,5.155737512,91.94,United Kingdom,4,0,Monday,0,Spring,Medium,1
2024-08-23,London Stansted,58.44,65.94,21.659375,17.68462332,3.974751677,95.56,United Kingdom,8,4,Friday,0,Summer,Medium,1
2022-11-25,London Heathrow,80.88,85.64,10.44778761,6.423151515,4.024636095,98.1,United Kingdom,11,4,Friday,0,Autumn,Large,0
2025-09-16,London Heathrow,76.17,73.62,13.9751462,13.49900389,0.476142312,98.84,United Kingdom,9,1,Tuesday,0,Autumn,Large,0
2025-01-18,London Stansted,85.29,89.26,10.01260504,9.083471074,0.929133968,97.97,United Kingdom,1,5,Saturday,1,Winter,Medium,0
2023-09-12,London Stansted,59.47,63.25,21.59468439,20.08857616,1.506108226,96.82,United Kingdom,9,1,Tuesday,0,Autumn,Medium,1
2022-09-25,London Heathrow,70.14,77.33,15.0360424,13.01051552,2.025526879,96.43,United Kingdom,9,6,Sunday,1,Autumn,Large,1
2023-08-20,London Stansted,48.3,59.38,38.42176871,26.23686343,12.18490528,93.81,United Kingdom,8,6,Sunday,1,Summer,Medium,1
2025-07-31,London Gatwick,27.66,37.95,53.95271868,45.05433572,8.898382956,89.12,United Kingdom,7,3,Thursday,0,Summer,Medium,1
2025-03-11,London Heathrow,92.65,90.42,4.515974441,4.674973376,-0.158998935,98.43,United Kingdom,3,1,Tuesday,0,Spring,Large,0
2025-06-15,Manchester,61.84,56.21,20.76644737,23.50005447,-2.733607098,97.77,United Kingdom,6,6,Sunday,1,Summer,Medium,1
2024-11-08,Manchester,81.57,85.43,8.517647059,5.704724409,2.812922649,97.36,United Kingdom,11,4,Friday,0,Autumn,Medium,0
2022-09-14,London Stansted,65.58,61.96,19.23913043,19.66624396,-0.427113527,96.88,United Kingdom,9,2,Wednesday,0,Autumn,Medium,1
2024-05-27,London Stansted,69.76,74.75,13.9347079,13.10028058,0.83442732,96.39,United Kingdom,5,0,Monday,0,Spring,Medium,0
2023-02-11,London Heathrow,75.44,83.42,13.27580071,9.033723724,4.242076988,97.1,United Kingdom,2,5,Saturday,1,Winter,Large,0
2022-06-17,London Stansted,59.71,59.42,23.62230216,24.31231884,-0.690016682,96.25,United Kingdom,6,4,Friday,0,Summer,Medium,1
2026-05-05,London Gatwick,88.27,89.83,5.508379888,4.912570621,0.595809267,97.28,United Kingdom,5,1,Tuesday,0,Spring,Medium,0
2025-11-20,London Gatwick,86.21,82.51,8.701149425,9.682572877,-0.981423452,97.04,United Kingdom,11,3,Thursday,0,Autumn,Medium,0
2023-07-16,Manchester,41.3,50.34,29.97952218,29.3930839,0.586438284,95.51,United Kingdom,7,6,Sunday,1,Summer,Medium,1
2023-10-28,London Gatwick,61.54,60.53,18.03713528,20.64831111,-2.611175833,92.91,United Kingdom,10,5,Saturday,1,Autumn,Medium,1
2022-01-01,London Gatwick,91.28,89.08,5.726744186,6.450478927,-0.723734741,98.3,United Kingdom,1,5,Saturday,1,Winter,Medium,0
2022-06-15,London Stansted,63.53,62.88,20.20300752,23.87146465,-3.668457128,94.46,United Kingdom,6,2,Wednesday,0,Summer,Medium,1
2023-09-17,London Gatwick,29.93,28.75,54.48877805,53.33002545,1.15875261,85.47,United Kingdom,9,6,Sunday,1,Autumn,Medium,1
2022-09-06,London Stansted,42.8,45.32,34.57195572,34.58752998,-0.015574256,94.54,United Kingdom,9,1,Tuesday,0,Autumn,Medium,1
2025-09-09,London Gatwick,57.5,68.4,24.515,20.86831276,3.646687243,91.99,United Kingdom,9,1,Tuesday,0,Autumn,Medium,1
2025-01-25,London Heathrow,89.83,90.39,7.875,7.435385048,0.439614952,97.89,United Kingdom,1,5,Saturday,1,Winter,Large,0
2022-07-17,London Gatwick,36.51,46.74,45.63492063,39.59490862,6.040012019,92.68,United Kingdom,7,6,Sunday,1,Summer,Medium,1
2024-05-23,London Gatwick,60.88,70.67,17.87286064,16.48245192,1.390408713,88.79,United Kingdom,5,3,Thursday,0,Spring,Medium,1
2024-03-08,London Gatwick,70.87,69.58,13.64985994,13.98178404,-0.331924094,91.6,United Kingdom,3,4,Friday,0,Spring,Medium,0
2023-06-20,Manchester,38.02,41.42,37.93155894,35.19912935,2.732429582,96.79,United Kingdom,6,1,Tuesday,0,Summer,Medium,1
2023-09-11,London Gatwick,44.08,49.66,32.53828306,30.99008391,1.548199157,92.93,United Kingdom,9,0,Monday,0,Autumn,Medium,1
2022-08-26,London Stansted,48.25,50.52,24.31818182,25.98304297,-1.664861155,96.03,United Kingdom,8,4,Friday,0,Summer,Medium,1
2023-11-26,London Stansted,74.9,72.73,15.64609053,18.54894598,-2.902855447,97.62,United Kingdom,11,6,Sunday,1,Autumn,Medium,1
2025-02-23,Manchester,52.24,52.29,27.04850746,25.92659033,1.121917132,96.13,United Kingdom,2,6,Sunday,1,Winter,Medium,1
2024-01-15,London Heathrow,71.15,61.92,14.4852459,20.15386313,-5.668617233,96.55,United Kingdom,1,0,Monday,0,Winter,Large,0
2025-01-23,London Heathrow,86.46,87.58,6.969745223,6.725981953,0.24376327,96.77,United Kingdom,1,3,Thursday,0,Winter,Large,0
2025-03-01,London Gatwick,54.68,52.11,24.22960725,24.04226908,0.187338174,91.58,United Kingdom,3,5,Saturday,1,Spring,Medium,1
2025-01-29,London Gatwick,91.56,93.3,4.622222222,2.828422619,1.793799603,93.78,United Kingdom,1,2,Wednesday,0,Winter,Medium,0
2022-07-31,London Stansted,59.11,57.62,23.56877323,25.42924411,-1.86047088,92.72,United Kingdom,7,6,Sunday,1,Summer,Medium,1
