Date,Airport,Departure Punctuality %,Arrival Punctuality %,Avg Departure Schedule Delay,Avg Arrival Schedule Delay,Avg Departure - Arrival Schedule Delay,Operated Schedules %,Country,Month,Weekday,Is_Weekend,Season,Airport_Size,Temperature,Precipitation,WindSpeed,Delayed
2022-01-06,Paris Orly,79.5,88.72,9.83,5.056752137,4.773247863,90.54,France,1,3,0,Winter,Medium,1.8,0.0,16.8,0
2025-01-22,Nice,82.11,85.83,8.415176152,7.734861111,0.680315041,84.67,France,1,2,0,Winter,Medium,10.3,14.8,13.1,0
2023-04-14,Nice,40.93,56.81,31.68713178,22.15438185,9.532749936,91.24,France,4,4,0,Spring,Medium,14.2,0.0,24.5,1
2025-02-03,Nice,90.97,88.36,6.048611111,5.28630137,0.762309741,89.57,France,2,0,0,Winter,Medium,9.6,0.0,16.8,0
2025-02-20,Paris Charles de Gaulle,69.83,80.32,17.01579779,13.35238095,3.663416836,93.7,France,2,3,0,Winter,Large,8.8,2.9,16.2,1
2024-06-30,Nice,32.49,44.4,48.19133574,35.51125622,12.68007952,85.67,France,6,6,1,Summer,Medium,23.4,0.2,28.2,1
2025-04-24,Nice,66.04,80.66,13.56132075,8.289386792,5.271933962,91.91,France,4,3,0,Spring,Medium,15.7,0.0,17.2,0
2024-10-18,Paris Charles de Gaulle,55.72,75.46,23.01129272,14.08811222,8.923180499,96.72,France,10,4,0,Autumn,Large,14.2,3.8,20.7,1
2022-01-09,Nice,73.48,81.6,11.83169192,8.9616,2.870091919,89.47,France,1,6,1,Winter,Medium,8.8,0.3,29.3,0
2025-04-06,Paris Orly,75.48,82.22,15.81847134,11.54359788,4.274873454,97.0,France,4,6,1,Spring,Medium,12.4,0.0,14.2,1
2025-11-10,Paris Charles de Gaulle,73.64,84.1,14.29392971,11.38117284,2.912756873,97.52,France,11,0,0,Autumn,Large,9.1,8.6,18.4,0
2022-10-22,Paris Charles de Gaulle,55.17,74.46,18.5862069,12.93785714,5.648349754,98.01,France,10,5,1,Autumn,Large,15.6,0.0,17.1,1
2023-09-29,Paris Orly,73.27,84.27,13.65165165,8.263353116,5.388298536,94.63,France,9,4,0,Autumn,Medium,18.8,0.0,23.9,0
2022-07-22,Paris Orly,36.39,58.33,31.9204893,21.4399177,10.4805716,97.08,France,7,4,0,Summer,Medium,20.7,8.1,15.3,1
2025-04-15,Paris Orly,72.29,85.93,12.09779116,7.498552894,4.59923827,97.08,France,4,1,0,Spring,Medium,13.9,5.2,20.1,0
2024-03-16,Nice,92.5,91.27,4.816666667,4.748809524,0.067857143,98.39,France,3,5,1,Spring,Medium,11.8,0.0,9.1,0
2023-06-21,Paris Charles de Gaulle,40.65,65.78,29.77056946,18.61012346,11.16044601,95.07,France,6,2,0,Summer,Large,21.0,1.1,13.0,1
2025-04-02,Nice,76.5,84.24,10.55737705,8.496648551,2.060728498,93.03,France,4,2,0,Spring,Medium,13.1,0.2,20.1,0
2022-04-21,Paris Charles de Gaulle,56.15,77.93,19.87978047,9.297810858,10.58196962,97.82,France,4,3,0,Spring,Large,12.4,0.0,19.5,1
2025-03-04,Nice,88.19,87.3,6.818897638,5.981349206,0.837548431,92.25,France,3,1,0,Spring,Medium,10.4,0.0,16.4,0
2024-04-08,Nice,69.27,72.02,17.00552846,14.45328152,2.552246935,89.36,France,4,0,0,Spring,Medium,16.8,0.0,8.3,1
2025-04-01,Paris Orly,75.63,84.51,13.58422939,8.063849765,5.520379625,90.65,France,4,1,0,Spring,Medium,9.1,0.0,25.1,0
2022-01-08,Paris Charles de Gaulle,56.58,78.54,20.23647643,12.51939024,7.717086183,95.12,France,1,5,1,Winter,Large,5.1,11.7,30.3,1
2025-02-17,Paris Charles de Gaulle,68.55,78.83,15.59193548,14.02472354,1.567211945,96.46,France,2,0,0,Winter,Large,1.3,0.0,10.8,1
2024-08-02,Paris Charles de Gaulle,42.05,66.57,32.31598687,20.29334258,12.02264429,97.83,France,8,4,0,Summer,Large,21.7,0.3,18.3,1
2025-03-13,Paris Orly,80.58,89.22,9.935606061,6.372413793,3.563192268,94.55,France,3,3,0,Spring,Medium,4.7,1.2,10.1,0
2023-07-25,Paris Orly,47.73,63.38,27.83766234,20.38322718,7.454435161,93.66,France,7,1,0,Summer,Medium,16.8,9.7,19.2,1
2023-09-16,Paris Orly,66.32,77.78,17.09375,13.07732884,4.016421156,94.17,France,9,5,1,Autumn,Medium,19.2,0.2,9.7,1
2025-04-23,Paris Orly,62.77,77.98,17.13358974,12.58139653,4.552193209,95.87,France,4,2,0,Spring,Medium,10.8,11.8,20.5,1
2022-01-24,Nice,84.54,90.59,6.257731959,7.092941176,-0.835209218,88.98,France,1,0,0,Winter,Medium,7.7,0.0,7.5,0
2022-07-09,Paris Orly,41.75,62.68,31.08684211,21.30786385,9.778978255,97.6,France,7,5,1,Summer,Medium,21.5,0.0,22.1,1
2024-10-31,Nice,71.71,77.99,15.52631579,14.15377358,1.372542205,93.41,France,10,3,0,Autumn,Medium,17.1,0.0,16.3,1
2026-04-24,Paris Orly,77.43,88.48,9.822857143,5.044803371,4.778053772,97.5,France,4,4,0,Spring,Medium,16.0,0.0,15.1,0
2024-08-22,Nice,59.92,76.69,18.6770428,12.31785714,6.359185659,91.61,France,8,3,0,Summer,Medium,25.4,0.0,8.2,1
2026-05-11,Paris Orly,77.09,83.96,11.17337461,8.381132075,2.792242538,96.44,France,5,0,0,Spring,Medium,11.3,4.7,17.6,0
2026-03-14,Nice,59.5,62.5,27.37190083,19.24947917,8.12242166,80.92,France,3,5,1,Spring,Medium,10.3,50.4,18.1,1
2024-04-19,Paris Charles de Gaulle,56.34,69.94,22.75371501,16.99354839,5.760166626,98.21,France,4,4,0,Spring,Large,8.7,2.2,30.1,1
2024-06-23,Paris Charles de Gaulle,53.54,75.41,22.64490139,11.81566717,10.82923423,96.39,France,6,6,1,Summer,Large,16.4,0.0,9.4,1
2022-05-31,Paris Orly,77.58,84.04,9.259786477,8.186229314,1.073557162,97.94,France,5,1,0,Spring,Medium,15.5,0.0,19.2,0
2024-09-21,Paris Orly,70.82,83.15,16.61209964,9.942114695,6.669984949,95.59,France,9,5,1,Autumn,Medium,17.5,0.7,17.1,1
2023-07-11,Paris Charles de Gaulle,40.77,61.4,31.6235119,21.09215102,10.53136089,94.92,France,7,1,0,Summer,Large,23.8,0.0,20.6,1
2025-10-21,Paris Charles de Gaulle,66.91,79.67,15.54948301,10.0444362,5.505046812,95.12,France,10,1,0,Autumn,Large,13.6,1.3,23.7,1
2022-12-02,Paris Orly,76.6,80.28,12.39007092,10.394777,1.995293927,96.61,France,12,4,0,Winter,Medium,4.6,1.8,19.5,0
2025-09-06,Paris Orly,71.25,82.17,14.20766773,9.640233546,4.567434186,93.18,France,9,5,1,Autumn,Medium,17.4,0.0,16.0,0
2026-05-06,Paris Orly,79.61,85.95,10.81553398,9.333986928,1.481547052,97.2,France,5,2,0,Spring,Medium,11.5,7.3,16.2,0
2025-01-19,Paris Charles de Gaulle,67.09,80.8,17.13595539,12.66687995,4.469075444,95.86,France,1,6,1,Winter,Large,-1.3,0.0,6.7,1
2022-05-25,Nice,37.04,55.6,30.86831276,22.65126354,8.217049219,80.76,France,5,2,0,Spring,Medium,21.6,0.1,13.3,1
2022-04-17,Paris Orly,71.53,86.36,12.96271186,8.137470862,4.825241002,98.67,France,4,6,1,Spring,Medium,12.0,0.0,12.5,0
2022-04-11,Nice,61.29,76.1,18.5588172,11.11142558,7.447391628,90.45,France,4,0,0,Spring,Medium,11.9,0.0,15.3,1
2022-06-19,Paris Charles de Gaulle,28.74,51.48,41.00864512,25.69863768,15.31000744,96.76,France,6,6,1,Summer,Large,20.4,2.1,28.1,1
2024-06-26,Nice,41.87,66.28,29.75609756,17.25127714,12.50482042,88.58,France,6,2,0,Summer,Medium,20.8,0.0,9.2,1
2026-05-09,Nice,59.62,70.81,15.56730769,12.28644338,3.280864311,88.61,France,5,5,1,Spring,Medium,17.6,0.0,14.0,1
2025-06-05,Paris Orly,63.91,75.38,17.29881657,12.47987988,4.818936688,95.24,France,6,3,0,Summer,Medium,15.4,9.5,25.3,1
2023-11-05,Paris Charles de Gaulle,58.55,68.9,20.42105263,17.38938127,3.031671361,94.22,France,11,6,1,Autumn,Large,10.7,4.4,33.0,1
2025-04-30,Paris Orly,58.57,76.64,18.64485981,11.32642783,7.318431983,95.85,France,4,2,0,Spring,Medium,20.5,0.0,11.7,1
2025-06-11,Paris Orly,71.12,85.2,12.74468085,7.638418933,5.106261919,97.1,France,6,2,0,Summer,Medium,20.7,0.0,13.9,0
2024-02-05,Nice,87.05,90.07,9.519664269,6.380732861,3.138931408,94.08,France,2,0,0,Winter,Medium,10.0,0.0,7.0,0
2023-04-06,Paris Orly,32.54,42.11,38.07539683,31.60728745,6.468109376,91.37,France,4,3,0,Spring,Medium,9.2,1.5,20.8,1
2023-12-26,Paris Orly,71.68,84.27,13.36713287,9.264801865,4.102331002,95.39,France,12,1,0,Winter,Medium,10.2,0.9,22.0,0
2024-10-08,Paris Charles de Gaulle,47.08,65.77,24.15672164,14.97954659,9.177175052,95.38,France,10,1,0,Autumn,Large,15.4,0.8,26.9,1
2026-05-11,Paris Charles de Gaulle,71.01,78.37,15.37869822,11.091582,4.287116222,93.66,France,5,0,0,Spring,Large,10.3,5.9,18.0,1
2023-03-31,Paris Orly,41.15,53.68,35.01769912,28.04646465,6.971234469,80.84,France,3,4,0,Spring,Medium,11.8,6.6,38.3,1
2024-12-18,Paris Orly,70.73,84.3,13.78455285,7.035055096,6.749497749,94.05,France,12,2,0,Winter,Medium,10.0,4.7,22.6,0
2025-08-07,Paris Orly,68.79,82.93,15.21212121,9.814278455,5.397842757,96.79,France,8,3,0,Summer,Medium,22.1,0.0,10.5,1
2024-08-20,Paris Charles de Gaulle,59.72,75.21,22.397277,13.67479452,8.722482475,96.25,France,8,1,0,Summer,Large,17.8,18.0,21.7,1
2023-11-13,Paris Orly,82.69,87.32,8.964664311,6.699061033,2.265603278,95.61,France,11,0,0,Autumn,Medium,14.3,9.5,32.8,0
2023-03-21,Paris Orly,52.26,70.53,21.74874372,14.96964573,6.779097986,78.74,France,3,1,0,Spring,Medium,10.9,0.9,20.9,1
2022-02-03,Nice,83.67,85.05,6.918367347,7.109501558,-0.191134211,86.18,France,2,3,0,Winter,Medium,10.4,0.0,11.1,0
2024-10-06,Paris Charles de Gaulle,64.35,80.76,17.42672584,9.783358779,7.64336706,96.87,France,10,6,1,Autumn,Large,12.3,1.6,20.1,1
2024-10-29,Paris Charles de Gaulle,66.19,78.28,18.21955128,11.96920583,6.250345447,79.9,France,10,1,0,Autumn,Large,10.7,0.0,11.2,1
2025-12-28,Paris Charles de Gaulle,54.86,63.8,23.2460815,21.28920455,1.956876959,97.72,France,12,6,1,Winter,Large,0.3,0.0,16.5,1
2025-11-29,Paris Orly,81.57,84.36,13.52534562,10.43017378,3.095171846,96.02,France,11,5,1,Autumn,Medium,9.7,4.6,21.9,0
2024-03-01,Paris Orly,68.14,77.85,15.89152542,13.0163311,2.875194328,94.59,France,3,4,0,Spring,Medium,7.4,5.0,31.4,1
2026-04-26,Paris Charles de Gaulle,76.89,84.6,12.01729607,8.976671851,3.040624222,97.65,France,4,6,1,Spring,Large,13.9,0.0,11.2,0
2024-08-11,Paris Charles de Gaulle,54.55,77.79,23.87157287,13.58529412,10.28627875,97.22,France,8,6,1,Summer,Large,24.1,0.0,16.5,1
2024-04-11,Paris Charles de Gaulle,65.04,84.39,15.52977099,9.887222222,5.64254877,95.24,France,4,3,0,Spring,Large,13.2,0.3,12.0,1
2023-02-01,Paris Orly,77.23,80.73,10.47767857,9.263761468,1.213917104,94.98,France,2,2,0,Winter,Medium,7.3,0.0,23.1,0
2022-11-13,Paris Orly,56.49,69.68,17.86076023,15.21817088,2.642589355,96.64,France,11,6,1,Autumn,Medium,9.1,0.0,10.4,1
2025-03-10,Nice,77.27,80.47,11.81818182,10.83076923,0.987412587,83.48,France,3,0,0,Spring,Medium,11.5,19.8,18.5,0
2025-12-03,Nice,87.39,86.99,7.050420168,6.965718157,0.084702011,85.0,France,12,2,0,Winter,Medium,11.0,17.0,21.3,0
2026-04-01,Nice,73.48,70.74,12.65745856,13.49024823,-0.832789663,86.38,France,4,2,0,Spring,Medium,12.0,0.0,16.8,0
2024-02-14,Paris Orly,84.49,90.71,9.187165775,4.825045537,4.362120238,93.97,France,2,2,0,Winter,Medium,11.2,0.5,21.1,0
2023-01-09,Nice,75.0,87.29,12.375,7.081779661,5.293220339,89.93,France,1,0,0,Winter,Medium,12.1,0.3,24.7,0
2024-11-09,Paris Orly,60.45,77.42,20.27272727,11.86029186,8.412435414,94.83,France,11,5,1,Autumn,Medium,10.0,0.0,6.9,1
2024-10-24,Nice,65.1,76.32,17.48958333,11.52482456,5.964758772,93.75,France,10,3,0,Autumn,Medium,17.0,1.3,13.3,1
2025-11-18,Paris Orly,87.73,92.38,8.518181818,6.154110613,2.364071205,96.51,France,11,1,0,Autumn,Medium,3.5,0.0,14.5,0
2024-10-21,Paris Orly,70.0,82.42,18.96666667,10.1390404,8.827626263,95.4,France,10,0,0,Autumn,Medium,17.3,1.7,25.4,1
2022-07-19,Nice,38.36,58.3,33.45553161,23.23659574,10.21893586,85.42,France,7,1,0,Summer,Medium,30.2,0.0,12.6,1
2023-12-20,Nice,75.97,84.08,15.78571429,14.06464968,1.721064604,90.71,France,12,2,0,Winter,Medium,8.6,0.0,11.1,1
2025-04-15,Nice,73.62,76.22,12.49079755,11.34065041,1.15014714,92.18,France,4,1,0,Spring,Medium,15.4,28.2,15.4,0
2023-09-14,Nice,66.53,72.44,16.6322314,14.1816273,2.450604108,86.15,France,9,3,0,Autumn,Medium,21.9,2.8,15.6,1
2024-09-13,Paris Charles de Gaulle,54.7,70.46,22.15484805,15.48731833,6.667529715,98.32,France,9,4,0,Autumn,Large,11.1,0.6,17.3,1
2023-05-10,Paris Orly,50.66,59.0,24.06953642,21.93505556,2.134480868,97.77,France,5,2,0,Spring,Medium,12.1,8.6,22.0,1
2026-01-01,Paris Orly,65.02,78.87,17.32862191,12.03591549,5.292706415,94.33,France,1,3,0,Winter,Medium,0.0,0.0,15.3,1
2024-06-12,Paris Orly,61.73,77.26,18.94135802,12.07159917,6.869758855,96.44,France,6,2,0,Summer,Medium,12.1,2.7,8.8,1
2023-07-10,Nice,46.04,66.15,29.63573141,19.2498703,10.38586112,89.23,France,7,0,0,Summer,Medium,27.4,0.0,9.4,1
2022-12-17,Nice,56.3,59.5,25.48148148,25.16900826,0.312473217,91.61,France,12,5,1,Winter,Medium,10.6,0.0,15.2,1
2022-03-21,Nice,76.52,85.71,10.81060606,6.94887218,3.86173388,86.59,France,3,0,0,Spring,Medium,10.1,0.0,29.8,0
2023-02-19,Nice,66.22,73.83,15.32432432,12.97729306,2.347031259,89.6,France,2,6,1,Winter,Medium,10.6,0.1,9.4,1
2025-06-05,Paris Charles de Gaulle,56.16,75.68,20.5530086,13.25018966,7.302818933,94.41,France,6,3,0,Summer,Large,15.0,8.1,26.2,1
2024-03-09,Paris Charles de Gaulle,64.66,78.72,19.35154827,11.36450094,7.987047328,96.7,France,3,5,1,Spring,Large,9.0,6.5,31.7,1
2024-09-12,Paris Orly,63.33,70.53,17.11818182,12.93427377,4.183908046,94.32,France,9,3,0,Autumn,Medium,11.2,2.4,22.8,1
2024-12-22,Paris Orly,44.21,53.15,26.31578947,21.60961538,4.706174089,93.85,France,12,6,1,Winter,Medium,6.8,21.4,27.4,1
2024-01-05,Nice,67.28,79.88,14.22222222,8.829065041,5.393157182,94.77,France,1,4,0,Winter,Medium,10.2,51.4,17.3,0
2025-07-30,Paris Orly,57.73,77.42,19.59475219,12.80855327,6.786198912,95.81,France,7,2,0,Summer,Medium,19.0,4.7,11.6,1
2022-10-12,Paris Charles de Gaulle,73.99,83.9,12.39555369,7.102853881,5.29269981,97.56,France,10,2,0,Autumn,Large,11.1,0.0,8.9,0
2024-10-17,Nice,52.79,53.96,25.64974619,20.44942244,5.200323751,94.81,France,10,3,0,Autumn,Medium,18.7,56.2,19.7,1
2022-09-01,Paris Orly,67.41,76.58,16.14057508,13.64810127,2.492473814,96.64,France,9,3,0,Autumn,Medium,22.1,0.1,13.4,1
2022-06-29,Nice,46.02,60.34,29.87610619,22.66278736,7.213318838,85.21,France,6,2,0,Summer,Medium,22.5,0.0,10.3,1
2026-01-31,Nice,86.24,89.0,5.743119266,6.932,-1.188880734,81.88,France,1,5,1,Winter,Medium,8.5,0.0,16.8,0
2023-04-30,Paris Orly,65.57,78.03,16.07868852,11.73630573,4.342382792,90.8,France,4,6,1,Spring,Medium,12.5,0.0,13.1,1
2023-08-13,Paris Orly,63.16,76.99,16.53560372,11.4309816,5.10462212,96.44,France,8,6,1,Summer,Medium,19.4,0.0,16.1,1
2026-01-25,Nice,71.7,76.16,16.8336478,15.03476821,1.798879587,83.59,France,1,6,1,Winter,Medium,7.2,1.3,13.7,1
2024-08-31,Paris Charles de Gaulle,48.69,65.47,27.28633721,20.31746747,6.968869742,98.16,France,8,5,1,Summer,Large,19.4,0.6,16.3,1
2023-05-01,Nice,29.28,37.71,49.97790055,38.55752381,11.42037674,71.85,France,5,0,0,Spring,Medium,16.4,10.7,9.4,1
2023-04-18,Paris Charles de Gaulle,43.58,70.49,23.93026941,14.34237108,9.587898334,99.22,France,4,1,0,Spring,Large,10.2,0.2,22.5,1
2023-11-08,Nice,87.5,86.13,6.102941176,5.959367397,0.14357378,90.26,France,11,2,0,Autumn,Medium,11.0,0.0,13.2,0
2024-07-07,Paris Charles de Gaulle,53.82,74.52,23.16470588,13.58986587,9.574840011,95.29,France,7,6,1,Summer,Large,15.0,0.1,21.1,1
2022-11-12,Nice,78.22,80.34,10.10891089,9.196438746,0.912472145,92.24,France,11,5,1,Autumn,Medium,16.3,0.0,11.8,0
2025-07-24,Paris Charles de Gaulle,35.93,62.34,36.17256011,21.08551836,15.08704175,94.72,France,7,3,0,Summer,Large,17.2,14.0,18.7,1
2023-03-28,Paris Charles de Gaulle,55.06,66.72,19.04422527,15.36530907,3.678916202,96.24,France,3,1,0,Spring,Large,6.5,0.2,19.3,1
2024-10-26,Nice,38.61,44.65,36.1399789,27.31708595,8.822892949,77.21,France,10,5,1,Autumn,Medium,17.1,26.5,14.9,1
2024-06-14,Paris Charles de Gaulle,51.43,69.01,25.03428571,15.04931925,9.984966465,97.64,France,6,4,0,Summer,Large,16.2,3.6,27.5,1
2026-01-17,Paris Orly,71.37,81.94,14.76211454,10.09581498,4.666299559,95.42,France,1,5,1,Winter,Medium,8.5,1.6,10.1,0
2022-03-07,Nice,82.95,84.62,7.899224806,6.291666667,1.60755814,88.96,France,3,0,0,Spring,Medium,7.9,0.0,14.8,0
2024-03-28,Paris Orly,69.92,81.6,14.7578125,10.49226667,4.265545833,95.54,France,3,3,0,Spring,Medium,9.0,3.0,39.2,0
2024-05-10,Paris Orly,72.43,82.68,14.3255814,9.132407407,5.193173988,88.63,France,5,4,0,Spring,Medium,16.1,0.0,14.1,0
2022-10-15,Nice,65.85,76.22,18.5304878,14.82906504,3.701422764,92.93,France,10,5,1,Autumn,Medium,18.1,0.0,9.8,1
2025-12-15,Paris Charles de Gaulle,45.67,61.53,26.33900929,18.95466567,7.384343619,97.6,France,12,0,0,Winter,Large,7.3,0.2,19.1,1
2022-11-06,Paris Orly,62.54,60.13,17.59866221,18.64894795,-1.050285744,96.24,France,11,6,1,Autumn,Medium,10.3,3.1,23.4,1
2023-10-23,Paris Orly,68.28,73.72,16.67935549,15.05599194,1.623363545,93.63,France,10,0,0,Autumn,Medium,10.3,5.6,17.7,1
2025-05-27,Paris Charles de Gaulle,67.85,81.52,15.08296296,8.8869846,6.195978363,95.0,France,5,1,0,Spring,Large,15.8,0.3,25.8,1
2025-03-18,Paris Charles de Gaulle,74.44,81.89,12.93247588,8.102419793,4.830056091,94.03,France,3,1,0,Spring,Large,5.9,0.0,16.7,0
2026-05-08,Nice,75.21,75.1,12.02892562,10.84011065,1.18881497,86.93,France,5,4,0,Spring,Medium,17.1,0.0,10.3,0
2023-08-13,Nice,56.93,68.01,22.14963504,16.07022059,6.079414448,89.75,France,8,6,1,Summer,Medium,26.0,0.0,10.6,1
2022-09-20,Paris Charles de Gaulle,64.11,79.9,16.38825449,10.90602377,5.482230715,97.19,France,9,1,0,Autumn,Large,11.8,0.0,10.1,1
2022-12-11,Paris Charles de Gaulle,44.44,62.38,30.77777778,21.14744802,9.630329763,98.07,France,12,6,1,Winter,Large,-2.2,0.0,12.9,1
2023-01-23,Nice,78.23,75.21,15.93548387,18.02336182,-2.087877952,92.09,France,1,0,0,Winter,Medium,6.4,2.3,17.9,1
2022-09-28,Paris Charles de Gaulle,61.09,76.01,17.30707395,10.95802269,6.349051265,97.66,France,9,2,0,Autumn,Large,11.3,0.3,17.7,1
2024-08-07,Nice,52.4,72.16,23.804,13.83921569,9.964784314,86.94,France,8,2,0,Summer,Medium,26.9,0.0,13.4,1
2023-10-28,Paris Orly,70.14,77.29,15.59027778,10.82943503,4.76084275,95.1,France,10,5,1,Autumn,Medium,12.3,5.0,33.4,1
2025-01-06,Nice,48.41,53.85,23.44585987,21.20854701,2.237312864,91.53,France,1,0,0,Winter,Medium,10.8,16.8,13.4,1
2024-02-27,Nice,84.21,86.11,10.35964912,8.051080247,2.308568876,88.24,France,2,1,0,Winter,Medium,9.9,17.6,12.2,0
2025-09-02,Nice,64.07,84.89,22.2987013,13.37214815,8.926553151,82.13,France,9,1,0,Autumn,Medium,20.8,0.0,22.7,1
2026-01-13,Paris Orly,86.04,87.34,6.977477477,7.864628821,-0.887151343,94.49,France,1,1,0,Winter,Medium,9.7,1.9,16.9,0
2026-02-14,Nice,72.18,78.83,14.36842105,10.79793187,3.570489179,86.08,France,2,5,1,Winter,Medium,10.9,12.6,23.2,0
2022-10-25,Nice,73.53,76.16,12.55882353,10.19602713,2.362796398,92.67,France,10,1,0,Autumn,Medium,19.0,0.0,10.4,0
2022-02-02,Paris Orly,90.28,94.56,4.194444444,3.075623583,1.118820862,84.48,France,2,2,0,Winter,Medium,9.5,0.1,20.6,0
2022-03-16,Paris Orly,86.16,91.15,8.263392857,3.96740413,4.295988727,96.57,France,3,2,0,Spring,Medium,11.3,0.4,14.5,0
2022-08-19,Nice,50.0,70.73,28.24166667,18.40433604,9.837330623,89.4,France,8,4,0,Summer,Medium,23.0,0.0,13.2,1
2022-09-06,Nice,56.84,69.79,24.54710526,15.54079861,9.006306652,89.91,France,9,1,0,Autumn,Medium,24.8,0.0,13.4,1
2025-03-20,Nice,80.77,79.75,12.8525641,11.51265823,1.339905875,90.23,France,3,3,0,Spring,Medium,9.8,0.0,18.7,0
2023-11-10,Paris Orly,73.6,78.86,12.60066007,10.90894855,1.69171152,94.74,France,11,4,0,Autumn,Medium,8.4,2.2,34.7,0
2024-11-10,Paris Orly,60.38,84.91,16.03326923,7.887798742,8.145470489,94.22,France,11,6,1,Autumn,Medium,10.4,1.7,13.0,1
2026-03-17,Paris Orly,90.09,93.72,5.844827586,4.322175732,1.522651854,94.72,France,3,1,0,Spring,Medium,10.1,0.0,10.5,0
2025-08-12,Paris Charles de Gaulle,58.27,77.23,21.46817539,14.15895804,7.30921735,95.23,France,8,1,0,Summer,Large,25.6,0.0,13.6,1
2022-10-24,Nice,56.97,68.24,25.91868687,19.55068627,6.368000594,86.6,France,10,0,0,Autumn,Medium,20.2,0.0,10.2,1
2025-04-27,Nice,47.84,56.83,31.82758621,26.76277533,5.064810877,88.39,France,4,6,1,Spring,Medium,16.1,8.2,14.2,1
2025-01-11,Paris Charles de Gaulle,56.95,67.47,20.41304631,16.22954092,4.183505396,94.39,France,1,5,1,Winter,Large,0.4,0.0,9.6,1
2023-04-01,Paris Orly,46.93,49.32,28.40789474,27.77277526,0.635119473,92.74,France,4,5,1,Spring,Medium,10.4,5.0,31.7,1
2024-07-20,Nice,18.34,33.57,64.16608997,45.44368231,18.72240765,80.8,France,7,5,1,Summer,Medium,26.3,0.0,13.4,1
2022-05-20,Paris Charles de Gaulle,31.34,56.6,34.66344178,22.19851485,12.46492693,96.73,France,5,4,0,Spring,Large,17.0,17.4,25.4,1
2023-02-21,Paris Orly,78.95,92.08,9.526315789,4.004339623,5.521976167,96.44,France,2,1,0,Winter,Medium,5.9,0.0,9.1,0
2022-05-13,Nice,69.57,75.8,16.647343,9.992009132,6.655333863,89.96,France,5,4,0,Spring,Medium,18.2,0.0,11.9,1
2022-10-18,Nice,76.3,81.37,12.29479769,8.208281573,4.086516114,91.41,France,10,1,0,Autumn,Medium,19.1,0.0,9.8,0
2022-12-05,Paris Charles de Gaulle,62.75,75.22,15.99082569,11.84803582,4.142789871,97.35,France,12,0,0,Winter,Large,1.8,4.8,10.3,1
2024-11-07,Nice,81.17,85.06,9.714285714,7.708333333,2.005952381,91.86,France,11,3,0,Autumn,Medium,15.0,0.0,11.1,0
2024-01-04,Nice,76.87,82.58,11.44776119,10.0219697,1.425791497,90.0,France,1,3,0,Winter,Medium,12.5,0.0,15.0,0
2024-12-20,Paris Orly,55.59,66.99,22.03947368,16.93627137,5.103202317,95.11,France,12,4,0,Winter,Medium,4.9,0.3,15.2,1
2023-05-17,Nice,46.45,60.79,25.46650869,17.89096916,7.575539526,88.54,France,5,2,0,Spring,Medium,16.9,8.8,13.4,1
2024-02-02,Paris Orly,65.37,83.9,14.34146341,8.098211382,6.243252033,97.16,France,2,4,0,Winter,Medium,6.2,0.0,14.0,0
2024-03-23,Nice,86.15,80.3,7.899230769,8.534090909,-0.63486014,95.0,France,3,5,1,Spring,Medium,14.8,0.0,16.4,0
2023-06-15,Nice,58.59,67.78,18.78414097,16.3834728,2.400668166,89.51,France,6,3,0,Summer,Medium,22.7,0.0,12.5,1
2025-06-14,Nice,56.42,71.69,20.83944954,16.41126332,4.428186223,89.92,France,6,5,1,Summer,Medium,26.7,0.0,9.9,1
2024-03-29,Paris Orly,74.56,83.33,13.02787456,9.504050926,3.523823639,95.7,France,3,4,0,Spring,Medium,10.3,6.9,23.8,0
2023-10-18,Nice,76.8,74.07,13.40721649,14.47795414,-1.07073765,90.09,France,10,2,0,Autumn,Medium,18.6,0.8,13.0,0
2024-12-16,Paris Charles de Gaulle,58.04,76.69,20.48264984,12.73208078,7.750569065,96.15,France,12,0,0,Winter,Large,9.0,0.0,14.1,1
2023-04-16,Paris Charles de Gaulle,46.12,64.02,26.30584022,20.20807995,6.097760265,97.28,France,4,6,1,Spring,Large,8.4,0.0,21.6,1
2025-02-09,Nice,73.2,75.66,11.39215686,10.53596491,0.85619195,89.71,France,2,6,1,Winter,Medium,9.8,0.0,13.7,0
2023-01-29,Nice,79.85,86.26,10.26119403,6.614885496,3.646308534,93.24,France,1,6,1,Winter,Medium,6.0,0.0,15.2,0
2024-12-24,Paris Charles de Gaulle,51.53,72.41,22.58617594,17.99373563,4.59244031,93.08,France,12,1,0,Winter,Large,6.1,0.3,9.5,1
2025-04-25,Paris Charles de Gaulle,62.6,77.71,16.86564885,11.54616147,5.319487389,97.65,France,4,4,0,Spring,Large,11.2,0.2,13.1,1
2025-12-22,Nice,68.1,72.61,15.7791411,14.04968153,1.729459576,89.13,France,12,0,0,Winter,Medium,12.1,20.0,20.3,1
2023-02-06,Paris Orly,78.29,83.59,11.27906977,8.813997396,2.465072372,96.28,France,2,0,0,Winter,Medium,3.1,0.0,17.4,0
2025-11-22,Nice,79.63,82.24,14.64814815,12.31152648,2.336621668,83.46,France,11,5,1,Autumn,Medium,7.2,0.0,15.6,0
2022-08-16,Nice,53.05,65.15,25.86885759,18.71826599,7.150591597,91.02,France,8,1,0,Summer,Medium,24.9,0.3,13.0,1
2024-04-07,Paris Orly,75.83,89.21,11.58006042,5.663121693,5.91693873,94.59,France,4,6,1,Spring,Medium,15.5,6.5,17.1,0
2024-07-04,Nice,59.85,70.42,18.01028501,12.33016432,5.680120687,88.5,France,7,3,0,Summer,Medium,22.6,0.0,18.5,1
2023-05-06,Paris Orly,51.23,69.47,20.46315789,13.47327485,6.989883041,95.36,France,5,5,1,Spring,Medium,15.8,1.0,12.6,1
2025-09-06,Paris Charles de Gaulle,62.18,70.62,17.02269289,14.0384359,2.984256992,96.67,France,9,5,1,Autumn,Large,17.1,0.0,17.8,1
2024-09-06,Paris Charles de Gaulle,54.24,68.32,22.94444444,15.9946016,6.949842841,96.64,France,9,4,0,Autumn,Large,16.6,0.0,9.7,1
2024-02-04,Nice,83.94,87.5,7.948905109,5.072671569,2.876233541,93.88,France,2,6,1,Winter,Medium,10.1,0.0,6.0,0
2024-11-11,Paris Orly,81.98,88.07,8.5,6.414220183,2.085779817,93.67,France,11,0,0,Autumn,Medium,8.5,0.6,19.1,0
2023-11-09,Nice,79.02,85.03,12.88811189,7.107369615,5.780742274,91.57,France,11,3,0,Autumn,Medium,10.6,5.6,15.1,0
2024-10-22,Nice,72.77,81.82,12.30366492,9.342869875,2.960795046,91.9,France,10,1,0,Autumn,Medium,18.9,0.0,15.1,0
2024-03-05,Nice,86.99,86.36,8.634146341,7.810909091,0.823237251,91.97,France,3,1,0,Spring,Medium,11.3,0.0,24.1,0
2024-07-14,Paris Charles de Gaulle,45.49,60.27,29.62776957,21.4374752,8.190294373,95.94,France,7,6,1,Summer,Large,17.1,0.0,10.1,1
2024-01-18,Paris Orly,36.46,67.02,32.4375,20.98298429,11.45451571,95.57,France,1,3,0,Winter,Medium,0.1,8.1,23.2,1
2022-09-10,Paris Orly,67.14,74.91,16.28268551,13.51354535,2.769140165,97.59,France,9,5,1,Autumn,Medium,16.2,1.5,20.6,1
2025-06-12,Nice,50.82,72.09,25.2704918,14.51511628,10.75537552,92.51,France,6,3,0,Summer,Medium,23.6,0.0,7.2,1
2023-05-18,Paris Charles de Gaulle,62.27,75.86,17.07208589,11.54161475,5.530471144,95.67,France,5,3,0,Spring,Large,11.3,0.0,18.8,1
2022-06-07,Nice,59.61,76.53,19.49655172,10.85416667,8.642385057,90.76,France,6,1,0,Summer,Medium,23.8,0.1,22.0,1
2022-08-17,Nice,34.47,48.77,43.24271845,30.60779967,12.63491878,84.5,France,8,2,0,Summer,Medium,24.4,6.0,17.8,1
2022-09-12,Nice,62.56,78.57,18.69668246,10.20578231,8.490900152,88.71,France,9,0,0,Autumn,Medium,23.2,0.0,13.2,1
2023-06-29,Paris Orly,56.83,75.81,21.04592593,13.73768817,7.308237754,95.5,France,6,3,0,Summer,Medium,21.3,1.5,18.9,1
2022-07-24,Paris Charles de Gaulle,43.99,66.05,25.53544756,17.16815878,8.367288773,97.48,France,7,6,1,Summer,Large,23.2,0.0,12.3,1
2023-03-16,Paris Orly,72.18,85.89,14.13306452,7.216666667,6.916397849,87.5,France,3,3,0,Spring,Medium,9.5,0.0,18.3,0
2022-04-29,Paris Orly,66.04,80.12,16.03738318,10.26475155,5.772631625,98.18,France,4,4,0,Spring,Medium,13.7,1.9,18.8,1
2022-01-13,Nice,93.06,84.62,4.319444444,6.386752137,-2.067307692,85.87,France,1,3,0,Winter,Medium,7.5,0.0,13.2,0
2023-03-26,Paris Orly,45.3,53.11,32.50276243,26.35423729,6.148525143,65.59,France,3,6,1,Spring,Medium,9.3,7.5,33.6,1
2024-05-06,Paris Orly,60.42,80.0,16.6547619,9.7525,6.902261905,95.74,France,5,0,0,Spring,Medium,13.4,1.8,18.6,1
2024-02-27,Paris Charles de Gaulle,74.66,87.41,12.7537069,6.988636364,5.765070533,94.81,France,2,1,0,Winter,Large,5.7,0.0,28.9,0
2022-08-10,Paris Orly,60.2,77.21,19.52842809,10.62670068,8.901727413,97.11,France,8,2,0,Summer,Medium,25.8,0.0,17.6,1
2022-04-06,Paris Orly,84.82,87.72,5.653050595,6.897660819,-1.244610223,94.92,France,4,2,0,Spring,Medium,9.4,1.0,29.4,0
2025-11-16,Paris Orly,60.9,74.57,17.25259516,13.91380298,3.338792177,95.08,France,11,6,1,Autumn,Medium,9.6,0.2,13.5,1
2024-10-29,Nice,81.02,83.94,8.788321168,8.065693431,0.722627737,87.97,France,10,1,0,Autumn,Medium,17.1,0.0,11.5,0
2022-04-24,Paris Orly,53.44,69.64,19.00054645,13.72563256,5.274913885,97.83,France,4,6,1,Spring,Medium,13.4,0.1,13.6,1
2024-04-22,Nice,50.0,66.34,35.74583333,18.70651815,17.03931518,91.18,France,4,0,0,Spring,Medium,10.0,8.1,16.7,1
2022-04-01,Nice,48.81,48.57,31.76656746,28.6107619,3.155805556,87.32,France,4,4,0,Spring,Medium,11.4,0.0,31.6,1
2026-03-30,Paris Orly,68.33,64.36,15.76868327,17.26521212,-1.496528847,89.91,France,3,0,0,Spring,Medium,9.7,0.1,21.7,1
2025-02-12,Paris Orly,73.68,89.02,14.43663968,8.920121951,5.516517725,94.3,France,2,2,0,Winter,Medium,3.8,0.2,7.8,0
2024-12-10,Nice,80.0,84.55,11.81538462,8.372493225,3.44289139,88.0,France,12,1,0,Winter,Medium,7.8,0.0,12.2,0
2025-10-08,Paris Charles de Gaulle,50.54,61.43,23.54535477,18.79385163,4.751503147,93.5,France,10,2,0,Autumn,Large,12.3,0.0,9.4,1
2025-08-15,Nice,52.16,71.38,23.0971223,13.61095406,9.486168239,83.86,France,8,4,0,Summer,Medium,30.1,0.0,12.3,1
2022-01-27,Nice,80.0,85.54,15.55294118,6.253012048,9.299929128,83.93,France,1,3,0,Winter,Medium,7.5,0.0,9.7,1
2025-10-25,Paris Charles de Gaulle,41.04,52.06,30.49056604,25.37563291,5.114933126,96.42,France,10,5,1,Autumn,Large,10.0,1.8,24.9,1
2023-09-21,Paris Orly,61.96,75.78,20.12269939,14.38126294,5.741436447,97.05,France,9,3,0,Autumn,Medium,17.1,23.4,24.2,1
2026-01-16,Paris Orly,83.27,91.24,9.745454545,3.691484185,6.053970361,94.18,France,1,4,0,Winter,Medium,9.2,2.1,22.3,0
2024-06-14,Paris Orly,53.16,70.14,23.8591954,14.53,9.329195402,95.65,France,6,4,0,Summer,Medium,16.9,3.2,25.8,1
2023-04-13,Paris Orly,24.91,33.7,38.3202847,33.32614734,4.994137355,92.48,France,4,3,0,Spring,Medium,8.1,4.2,28.2,1
2025-09-14,Paris Charles de Gaulle,58.94,73.74,20.59822747,13.83564885,6.762578619,96.87,France,9,6,1,Autumn,Large,15.5,0.8,22.4,1
2022-07-03,Paris Orly,50.93,66.14,26.7345679,21.70815047,5.026417431,96.19,France,7,6,1,Summer,Medium,18.1,0.0,17.6,1
2022-09-26,Paris Charles de Gaulle,59.42,73.46,18.2028754,13.54894822,4.653927179,97.4,France,9,0,0,Autumn,Large,11.6,8.6,30.3,1
2024-10-07,Nice,72.65,77.97,14.26122449,11.13274596,3.128478528,91.21,France,10,0,0,Autumn,Medium,18.0,5.9,12.2,0
2023-11-15,Nice,88.32,88.32,7.773722628,6.378832117,1.394890511,87.42,France,11,2,0,Autumn,Medium,17.2,0.0,19.3,0
2025-01-07,Paris Charles de Gaulle,60.84,67.97,19.00042502,17.90622776,1.094197257,92.59,France,1,1,0,Winter,Large,4.6,0.4,26.8,1
2025-04-02,Paris Orly,82.11,89.51,9.294736842,4.892307692,4.40242915,95.99,France,4,2,0,Spring,Medium,11.1,0.0,18.0,0
2023-06-29,Nice,42.36,49.6,30.48537118,26.5561828,3.929188383,88.53,France,6,3,0,Summer,Medium,24.6,15.8,14.8,1
2022-09-30,Paris Orly,51.07,57.96,27.37308869,23.41236236,3.960726323,98.82,France,9,4,0,Autumn,Medium,11.4,0.4,21.9,1
2025-03-14,Nice,77.32,86.53,10.28350515,9.005872193,1.277632961,95.17,France,3,4,0,Spring,Medium,10.6,10.9,13.3,0
2023-08-29,Nice,55.65,62.45,25.58995816,21.14395924,4.445998916,85.03,France,8,1,0,Summer,Medium,20.9,0.0,12.5,1
2025-04-03,Paris Charles de Gaulle,70.35,80.54,14.71205245,12.4901458,2.221906644,93.76,France,4,3,0,Spring,Large,13.1,0.0,17.7,0
2024-08-03,Paris Orly,56.73,72.08,19.26282051,14.13782468,5.124995837,95.12,France,8,5,1,Summer,Medium,19.9,1.1,14.3,1
2024-09-04,Paris Charles de Gaulle,60.14,75.74,20.97304965,13.53659574,7.436453901,95.7,France,9,2,0,Autumn,Large,18.0,0.8,13.0,1
2023-05-02,Nice,63.39,72.94,17.28961749,15.08911765,2.200499839,88.73,France,5,1,0,Spring,Medium,16.6,0.0,14.2,1
2023-09-26,Nice,76.3,80.43,15.47393365,10.24268116,5.23125249,87.98,France,9,1,0,Autumn,Medium,20.8,0.0,13.5,1
2024-04-22,Paris Orly,50.75,68.36,25.54029851,17.29706468,8.243233831,93.89,France,4,0,0,Spring,Medium,6.3,0.6,18.7,1
2025-11-27,Nice,79.31,77.56,11.35172414,10.66014957,0.691574565,89.22,France,11,3,0,Autumn,Medium,8.2,0.0,18.0,0
2025-01-31,Nice,80.14,78.91,10.78014184,12.31292517,-1.532783326,83.71,France,1,4,0,Winter,Medium,10.3,4.2,12.8,0
2024-02-04,Paris Charles de Gaulle,69.65,82.05,16.36252546,9.263709116,7.098816342,96.87,France,2,6,1,Winter,Large,9.3,0.0,20.7,1
2025-01-20,Nice,80.27,81.29,11.59183673,11.02757794,0.564258797,89.88,France,1,0,0,Winter,Medium,8.5,7.8,15.2,0
2023-06-30,Paris Charles de Gaulle,34.71,65.81,31.05993884,18.3564508,12.70348803,95.65,France,6,4,0,Summer,Large,18.8,0.1,20.0,1
2025-11-20,Nice,78.79,83.09,9.325757576,8.748529412,0.577228164,87.5,France,11,3,0,Autumn,Medium,9.0,2.5,15.4,0
2023-06-23,Nice,37.68,57.09,30.69202899,23.03414072,7.65788827,87.54,France,6,4,0,Summer,Medium,25.2,0.0,11.1,1
2024-05-29,Paris Charles de Gaulle,66.21,83.33,16.73152338,9.658585859,7.07293752,96.26,France,5,2,0,Spring,Large,14.7,12.1,24.0,1
2024-12-11,Nice,89.71,90.0,9.514705882,6.443974359,3.070731523,90.2,France,12,2,0,Winter,Medium,8.4,0.0,12.9,0
2022-03-11,Nice,74.13,79.05,12.28671329,10.93310811,1.353605179,85.71,France,3,4,0,Spring,Medium,11.5,0.0,24.6,0
2023-09-17,Nice,52.43,61.42,27.29213483,20.72185039,6.570284438,85.54,France,9,6,1,Autumn,Medium,23.1,0.0,25.2,1
2026-04-02,Paris Orly,70.14,76.95,18.00694444,13.76406619,4.242878251,92.5,France,4,3,0,Spring,Medium,9.6,0.9,12.5,1
2025-08-07,Paris Charles de Gaulle,51.38,77.7,25.41322314,13.49916898,11.91405417,95.47,France,8,3,0,Summer,Large,20.2,0.0,9.7,1
2023-12-23,Paris Orly,49.64,64.86,25.4270073,20.93490338,4.492103918,96.62,France,12,5,1,Winter,Medium,9.5,0.6,22.4,1
2023-04-11,Nice,64.29,76.44,16.62087912,10.44272031,6.178158814,88.84,France,4,1,0,Spring,Medium,13.9,0.0,21.1,1
2022-02-04,Paris Orly,88.63,96.17,6.056872038,2.944417863,3.112454175,95.54,France,2,4,0,Winter,Medium,6.9,0.7,28.1,0
2022-08-20,Paris Charles de Gaulle,58.88,71.74,20.25,14.94793757,5.30206243,97.62,France,8,5,1,Summer,Large,18.2,0.0,14.0,1
2025-10-03,Nice,56.2,71.6,22.46694215,13.64005487,8.826887279,86.83,France,10,4,0,Autumn,Medium,17.6,0.0,11.7,1
2024-11-21,Nice,65.69,61.94,23.63442822,34.88880597,-11.25437775,90.32,France,11,3,0,Autumn,Medium,9.0,3.7,29.5,1
2022-04-20,Nice,82.28,86.16,9.740506329,7.435534591,2.304971738,91.06,France,4,2,0,Spring,Medium,14.7,1.9,25.1,0
2024-12-30,Paris Charles de Gaulle,57.8,73.1,24.33135215,17.73391813,6.597434026,95.96,France,12,0,0,Winter,Large,3.0,0.0,9.8,1
2022-12-21,Nice,61.76,70.99,21.04411765,16.15852417,4.885593474,92.16,France,12,2,0,Winter,Medium,12.1,3.7,10.2,1
2026-04-17,Paris Orly,69.83,86.53,14.86206897,7.747468959,7.114600007,96.43,France,4,4,0,Spring,Medium,14.2,0.0,6.1,0
2023-06-18,Nice,37.65,56.38,44.81176471,31.32695473,13.48480997,86.04,France,6,6,1,Summer,Medium,22.8,0.0,12.8,1
2026-03-08,Paris Charles de Gaulle,65.12,77.34,19.05980066,12.43015332,6.629647342,94.7,France,3,6,1,Spring,Large,10.1,0.0,8.0,1
2024-03-17,Paris Charles de Gaulle,72.62,83.42,11.95667244,9.486684303,2.46998814,96.66,France,3,6,1,Spring,Large,10.5,7.0,18.4,0
2024-10-18,Paris Orly,64.33,71.04,18.92682927,13.7058435,5.220985772,95.39,France,10,4,0,Autumn,Medium,14.4,5.5,19.4,1
2026-01-09,Paris Charles de Gaulle,27.41,38.39,47.09813875,43.30573008,3.792408672,90.53,France,1,4,0,Winter,Large,5.4,7.2,39.2,1
2023-08-26,Nice,41.98,57.39,33.02880658,24.25311594,8.775690642,87.88,France,8,5,1,Summer,Medium,27.1,0.4,18.9,1
2023-08-01,Nice,48.02,60.98,28.55952381,19.80031566,8.759208153,84.01,France,8,1,0,Summer,Medium,26.0,0.0,23.6,1
2023-05-13,Nice,45.81,63.83,26.32662942,18.19698582,8.129643607,92.54,France,5,5,1,Spring,Medium,15.5,4.8,19.1,1
2025-05-19,Paris Charles de Gaulle,57.59,74.61,17.71489362,11.86590585,5.848987768,95.61,France,5,0,0,Spring,Large,14.5,0.0,12.8,1
2022-06-27,Nice,33.33,62.4,35.61194444,20.20433884,15.4076056,82.43,France,6,0,0,Summer,Medium,26.4,0.0,25.1,1
2025-01-15,Paris Charles de Gaulle,57.53,71.43,20.62068966,15.42003711,5.200652549,94.39,France,1,2,0,Winter,Large,2.2,0.1,9.8,1
2023-03-24,Paris Orly,44.65,57.34,30.56744186,21.57247706,8.994964796,74.23,France,3,4,0,Spring,Medium,12.4,2.5,33.7,1
2024-09-18,Paris Orly,75.42,81.29,11.61868687,11.21360544,0.405081427,94.3,France,9,2,0,Autumn,Medium,18.2,0.2,26.3,0
2025-08-09,Paris Charles de Gaulle,55.64,76.22,22.8768546,13.32090955,9.555945047,96.74,France,8,5,1,Summer,Large,21.0,0.0,15.6,1
2023-04-17,Nice,52.97,74.88,22.60730594,12.89130435,9.716001588,92.15,France,4,0,0,Spring,Medium,15.2,1.1,16.2,1
2025-11-21,Nice,71.97,71.07,11.75796178,11.38867925,0.369282538,91.95,France,11,4,0,Autumn,Medium,4.8,7.3,20.0,0
2025-02-19,Paris Charles de Gaulle,68.23,80.85,14.88709677,10.00090016,4.886196611,95.43,France,2,2,0,Winter,Large,4.7,0.0,14.5,0
2025-02-21,Paris Orly,75.92,85.9,10.72909699,6.339180328,4.389916662,95.56,France,2,4,0,Winter,Medium,12.2,0.0,14.6,0
2026-03-23,Paris Charles de Gaulle,73.09,86.35,13.28503185,9.763522495,3.521509352,95.75,France,3,0,0,Spring,Large,9.3,0.0,13.4,0
2022-05-25,Paris Charles de Gaulle,57.91,76.87,19.80587276,11.24148641,8.564386345,97.8,France,5,2,0,Spring,Large,13.9,0.0,21.4,1
2024-12-01,Paris Orly,74.7,86.67,11.33201581,7.633137255,3.698878555,94.8,France,12,6,1,Winter,Medium,5.6,0.0,15.4,0
2025-05-29,Nice,48.06,62.88,29.10465116,19.88617424,9.21847692,87.96,France,5,3,0,Spring,Medium,22.8,0.0,15.5,1
2025-04-19,Nice,75.31,86.71,11.75308642,7.573101266,4.179985154,93.26,France,4,5,1,Spring,Medium,13.8,5.1,22.5,0
2022-08-16,Paris Orly,62.84,67.8,18.70608108,16.43564972,2.270431364,98.34,France,8,1,0,Summer,Medium,20.6,23.2,14.1,1
2025-05-02,Paris Charles de Gaulle,64.81,75.34,17.93178295,13.21003986,4.721743085,97.03,France,5,4,0,Spring,Large,20.4,0.0,10.0,1
2024-04-28,Paris Charles de Gaulle,70.14,82.93,17.09175739,10.37836822,6.713389164,96.56,France,4,6,1,Spring,Large,11.8,6.4,30.4,1
2024-06-11,Paris Orly,67.3,79.48,15.25475285,9.291044776,5.963708076,81.71,France,6,1,0,Summer,Medium,12.2,1.2,15.6,1
2024-10-04,Paris Charles de Gaulle,61.3,75.65,18.52409639,12.31596618,6.208130202,97.08,France,10,4,0,Autumn,Large,9.7,0.0,12.3,1
2023-05-18,Paris Orly,71.38,80.26,12.62828947,8.345942982,4.282346491,95.65,France,5,3,0,Spring,Medium,11.8,0.0,19.3,0
2024-11-03,Paris Orly,68.23,80.74,15.34113712,9.979560811,5.361576313,92.62,France,11,6,1,Autumn,Medium,10.1,0.0,9.9,1
2023-12-22,Nice,55.62,62.94,25.77514793,21.03754902,4.737598909,93.48,France,12,4,0,Winter,Medium,10.6,0.0,14.1,1
2026-03-22,Nice,59.66,63.04,20.53409091,19.14565217,1.388438735,85.65,France,3,6,1,Spring,Medium,9.4,11.9,14.0,1
2026-02-14,Paris Charles de Gaulle,62.78,76.58,19.02744425,12.15372653,6.873717728,96.73,France,2,5,1,Winter,Large,2.5,4.1,24.3,1
2024-05-06,Nice,65.8,80.09,17.62337662,9.47918552,8.144191103,90.7,France,5,0,0,Spring,Medium,15.0,1.0,9.2,1
2026-01-23,Nice,74.69,74.23,14.08940329,12.86789366,1.221509632,84.26,France,1,4,0,Winter,Medium,8.8,1.6,12.1,0
2022-11-08,Paris Charles de Gaulle,75.27,85.89,11.73646209,7.483068783,4.253393311,98.06,France,11,1,0,Autumn,Large,12.8,3.3,25.1,0
2024-09-06,Paris Orly,65.16,77.94,17.87252125,12.11599809,5.756523157,93.63,France,9,4,0,Autumn,Medium,16.5,0.0,11.0,1
2024-05-02,Paris Orly,38.46,63.92,45.38811189,28.91202749,16.4760844,86.42,France,5,3,0,Spring,Medium,11.8,8.8,22.0,1
2024-07-15,Nice,31.63,54.02,47.7284345,24.32240086,23.40603365,84.5,France,7,0,0,Summer,Medium,24.2,0.0,8.7,1
2024-05-23,Paris Charles de Gaulle,55.9,73.44,22.26329892,14.5396637,7.723635219,95.01,France,5,3,0,Spring,Large,14.2,4.2,12.9,1
2022-02-13,Nice,85.61,85.71,8.613636364,8.504100529,0.109535835,90.6,France,2,6,1,Winter,Medium,8.6,0.2,10.2,0
2023-11-16,Paris Charles de Gaulle,54.84,71.4,22.24906621,15.38407534,6.864990871,97.05,France,11,3,0,Autumn,Large,7.9,14.6,26.3,1
2023-08-17,Paris Orly,58.41,71.15,24.11111111,15.75614316,8.354967949,97.54,France,8,3,0,Summer,Medium,22.0,1.4,13.8,1
2023-04-24,Nice,62.21,73.83,16.52534562,12.46744548,4.057900139,92.65,France,4,0,0,Spring,Medium,19.7,0.0,19.6,1
2025-07-29,Nice,45.31,68.24,25.5625,14.56836601,10.99413399,84.94,France,7,1,0,Summer,Medium,24.5,0.0,12.4,1
2024-04-08,Paris Orly,63.91,80.42,20.0887574,10.62720079,9.461556605,91.2,France,4,0,0,Spring,Medium,14.6,10.3,19.5,1
2024-05-22,Paris Charles de Gaulle,61.15,77.68,20.55543753,13.55303262,7.002404912,95.53,France,5,2,0,Spring,Large,14.5,1.5,19.9,1
2022-09-27,Paris Orly,81.0,85.57,8.91,8.868852459,0.041147541,97.73,France,9,1,0,Autumn,Medium,11.6,5.5,23.6,0
2023-11-08,Paris Charles de Gaulle,74.53,86.21,12.20195246,7.374109195,4.827843266,96.28,France,11,2,0,Autumn,Large,8.7,1.7,30.6,0
2025-07-18,Paris Orly,62.01,76.69,17.91061453,10.91273408,6.997880443,96.25,France,7,4,0,Summer,Medium,24.9,0.0,11.4,1
2026-04-24,Paris Charles de Gaulle,72.46,82.51,14.51347305,8.972543353,5.540929701,97.95,France,4,4,0,Spring,Large,13.9,0.0,15.0,0
2022-08-29,Paris Orly,72.09,73.19,13.92638037,11.44698795,2.479392416,97.65,France,8,0,0,Summer,Medium,22.6,0.0,18.0,0
2023-03-03,Nice,72.19,84.71,12.11258278,7.734819533,4.377763249,95.24,France,3,4,0,Spring,Medium,9.6,0.0,13.6,0
2023-04-29,Paris Charles de Gaulle,36.73,54.44,29.07402913,21.90120614,7.172822986,96.59,France,4,5,1,Spring,Large,11.6,0.2,14.8,1
2025-09-23,Nice,56.11,63.87,20.40723982,19.10168067,1.305559147,82.61,France,9,1,0,Autumn,Medium,18.8,0.0,12.8,1
2025-09-06,Nice,76.23,83.04,13.42152466,10.23869565,3.182829012,86.26,France,9,5,1,Autumn,Medium,22.7,0.0,10.8,0
2026-03-15,Nice,79.14,82.1,11.01840491,8.019135802,2.999269106,88.17,France,3,6,1,Spring,Medium,12.2,7.5,19.2,0
2024-04-29,Paris Charles de Gaulle,69.67,84.72,14.03003003,8.945108422,5.084921608,95.18,France,4,0,0,Spring,Large,12.0,0.6,15.1,0
2024-01-13,Nice,79.52,79.52,15.06024096,11.05702811,4.003212851,91.49,France,1,5,1,Winter,Medium,7.1,0.0,15.5,1
2022-08-12,Paris Charles de Gaulle,52.06,73.11,22.21126055,14.45731582,7.753944732,98.76,France,8,4,0,Summer,Large,25.7,0.0,16.6,1
2022-04-17,Nice,66.3,84.7,15.14130435,8.240710383,6.900593965,92.23,France,4,6,1,Spring,Medium,16.6,0.0,31.2,1
2023-04-18,Nice,66.67,83.91,15.5862069,8.793773946,6.79243295,92.89,France,4,1,0,Spring,Medium,15.5,0.0,15.5,1
2023-08-20,Nice,48.65,68.84,26.15878378,16.39434932,9.764434469,85.64,France,8,6,1,Summer,Medium,28.7,0.0,10.3,1
2023-09-27,Paris Charles de Gaulle,61.67,78.08,18.02502525,11.16311517,6.861910083,94.89,France,9,2,0,Autumn,Large,17.9,0.0,16.4,1
2024-12-17,Paris Charles de Gaulle,63.19,75.83,16.87045814,12.31363876,4.556819379,94.14,France,12,1,0,Winter,Large,6.5,0.0,14.4,1
2026-01-15,Paris Orly,77.87,85.77,14.20081967,8.006842818,6.193976854,92.51,France,1,3,0,Winter,Medium,10.2,0.5,22.1,0
2024-03-23,Paris Charles de Gaulle,73.13,81.58,15.03473492,11.23311404,3.801620883,97.68,France,3,5,1,Spring,Large,6.9,5.2,27.8,1
2025-11-10,Paris Orly,80.82,83.22,9.510273973,7.969798658,1.540475315,96.07,France,11,0,0,Autumn,Medium,9.3,1.3,16.3,0
2024-05-20,Paris Orly,57.96,70.62,22.02102102,15.95163205,6.069388974,94.92,France,5,0,0,Spring,Medium,15.5,9.6,13.2,1
2025-08-14,Paris Charles de Gaulle,59.03,76.12,20.2916074,13.9056882,6.385919195,94.8,France,8,3,0,Summer,Large,25.0,0.0,15.8,1
2025-12-26,Paris Orly,65.62,86.08,16.93375394,7.752795359,9.180958585,96.96,France,12,4,0,Winter,Medium,-0.4,0.0,10.2,1
2022-02-27,Paris Charles de Gaulle,66.45,82.67,14.60706402,8.420037037,6.187026981,95.61,France,2,6,1,Winter,Large,3.6,0.0,19.7,0
2025-02-01,Paris Orly,63.08,82.33,16.17757009,9.51627907,6.661291024,94.27,France,2,5,1,Winter,Medium,2.4,0.0,8.9,1
2022-11-19,Nice,82.35,82.52,10.19607843,9.937055016,0.259023415,91.6,France,11,5,1,Autumn,Medium,13.3,0.0,20.9,0
2024-08-19,Paris Orly,57.19,71.17,21.0748503,14.73308308,6.341767216,94.93,France,8,0,0,Summer,Medium,16.9,0.0,8.9,1
2026-05-24,Paris Orly,74.48,87.13,14.26409496,8.002994012,6.261100944,96.3,France,5,6,1,Spring,Medium,24.2,0.0,13.0,0
2024-05-31,Nice,61.69,75.74,18.14559387,15.42598039,2.719613478,91.86,France,5,4,0,Spring,Medium,18.7,0.1,15.5,1
2026-05-04,Paris Orly,74.77,84.5,11.79279279,8.140020263,3.652772529,96.83,France,5,0,0,Spring,Medium,14.5,14.3,8.3,0
2025-10-29,Nice,81.29,83.8,10.02301075,9.265492958,0.757517795,87.29,France,10,2,0,Autumn,Medium,14.4,5.6,10.9,0
2022-06-15,Paris Charles de Gaulle,51.9,67.91,24.93037975,18.52206915,6.408310595,95.56,France,6,2,0,Summer,Large,21.6,0.0,13.2,1
2022-03-09,Paris Charles de Gaulle,78.2,88.24,10.21348315,7.163687783,3.049795363,95.36,France,3,2,0,Spring,Large,7.0,0.0,16.4,0
2024-12-30,Nice,71.71,76.88,19.80263158,15.79375,4.008881579,95.65,France,12,0,0,Winter,Medium,8.0,0.0,8.8,1
2022-01-23,Paris Charles de Gaulle,80.27,89.92,11.28168889,6.027895668,5.253793221,96.92,France,1,6,1,Winter,Large,3.6,0.1,12.2,0
2023-12-07,Nice,79.22,86.93,16.57164502,9.443246187,7.128398834,90.7,France,12,3,0,Winter,Medium,7.7,0.0,13.6,1
2022-09-09,Paris Charles de Gaulle,39.71,58.0,32.01458671,24.05623349,7.958353218,96.73,France,9,4,0,Autumn,Large,16.1,12.0,29.1,1
2026-01-05,Paris Orly,22.14,38.41,51.45357143,38.37759662,13.07597481,89.62,France,1,0,0,Winter,Medium,-2.4,3.9,14.0,1
2025-02-04,Paris Orly,70.0,81.16,12.47,8.787439614,3.682560386,95.37,France,2,1,0,Winter,Medium,1.1,0.0,10.2,0
2026-04-29,Paris Charles de Gaulle,72.04,86.14,13.73668639,8.441753602,5.294932789,95.65,France,4,2,0,Spring,Large,16.6,0.0,24.1,0
2022-08-08,Nice,43.15,65.98,27.39596774,16.61459198,10.78137576,87.06,France,8,0,0,Summer,Medium,27.7,0.0,17.9,1
2022-04-26,Paris Orly,71.28,86.94,12.63321799,7.215750286,5.417467707,98.65,France,4,1,0,Spring,Medium,10.3,0.0,14.9,0
2022-10-19,Nice,73.42,79.87,17.47468354,12.51865828,4.956025263,91.57,France,10,2,0,Autumn,Medium,18.5,0.0,8.3,1
2024-06-21,Paris Charles de Gaulle,38.72,63.24,31.94614265,20.44683099,11.49931166,96.53,France,6,4,0,Summer,Large,17.1,8.3,14.8,1
2022-04-23,Paris Charles de Gaulle,55.83,72.74,21.51216137,14.19708183,7.315079537,97.62,France,4,5,1,Spring,Large,13.1,2.6,20.2,1
2026-01-08,Paris Charles de Gaulle,35.12,49.74,42.4550173,36.20017391,6.254843388,92.86,France,1,3,0,Winter,Large,4.3,7.9,30.0,1
2025-09-22,Nice,41.96,55.14,31.49411765,22.52599451,8.968123134,86.08,France,9,0,0,Autumn,Medium,21.7,33.8,21.1,1
2024-01-14,Paris Charles de Gaulle,44.06,62.24,27.96038251,22.1357538,5.82462871,95.2,France,1,6,1,Winter,Large,-2.0,0.0,12.7,1
2026-02-17,Paris Charles de Gaulle,71.92,81.48,14.71103896,9.583579235,5.127459726,96.88,France,2,1,0,Winter,Large,5.4,0.5,21.0,0
2022-05-16,Nice,51.82,73.43,20.92416667,13.49951691,7.424649758,88.8,France,5,0,0,Spring,Medium,18.8,0.0,10.5,1
2024-11-05,Paris Orly,62.15,75.81,19.71962617,17.21379845,2.505827719,89.16,France,11,1,0,Autumn,Medium,9.4,0.0,8.1,1
2025-04-27,Paris Charles de Gaulle,71.93,78.16,15.55396217,12.35182007,3.202142095,96.24,France,4,6,1,Spring,Large,14.5,0.0,13.7,1
2023-03-06,Nice,66.26,76.62,16.20858896,12.24415584,3.964433113,89.12,France,3,0,0,Spring,Medium,9.7,0.0,20.9,1
2025-03-02,Paris Charles de Gaulle,79.63,84.19,11.94156928,8.560194731,3.381374551,96.03,France,3,6,1,Spring,Large,4.2,0.0,15.4,0
2022-06-09,Paris Charles de Gaulle,41.53,52.44,31.83957219,29.19119952,2.648372675,87.29,France,6,3,0,Summer,Large,15.7,0.3,19.6,1
2026-02-08,Paris Orly,69.07,80.89,16.78006873,13.0778157,3.702253029,96.36,France,2,6,1,Winter,Medium,7.7,0.0,11.3,1
2022-01-30,Nice,82.68,91.2,8.850393701,4.480133333,4.370260367,83.44,France,1,6,1,Winter,Medium,8.4,0.0,9.8,0
2023-11-12,Paris Charles de Gaulle,67.73,78.98,16.12207358,11.09316384,5.028909737,98.85,France,11,6,1,Autumn,Large,8.4,8.1,24.7,1
2023-04-22,Paris Orly,55.98,71.92,21.96525097,15.79012821,6.17512276,90.03,France,4,5,1,Spring,Medium,11.1,5.9,20.9,1
2025-10-30,Paris Charles de Gaulle,71.15,85.8,15.19694656,8.862345679,6.334600886,96.09,France,10,3,0,Autumn,Large,10.1,0.1,18.0,1
2025-03-29,Nice,82.2,83.61,14.21186441,9.167759563,5.044104844,64.74,France,3,5,1,Spring,Medium,13.1,0.4,12.7,0
2025-08-16,Nice,43.19,66.12,31.71206226,18.03292517,13.67913709,85.34,France,8,5,1,Summer,Medium,30.0,0.0,15.9,1
2023-07-16,Nice,37.81,54.85,37.47508834,23.33028607,14.14480227,84.79,France,7,6,1,Summer,Medium,26.2,0.0,10.8,1
2024-02-09,Paris Charles de Gaulle,66.1,75.9,18.58809975,11.87204301,6.716056737,94.98,France,2,4,0,Winter,Large,11.1,4.0,30.1,1
2022-05-02,Paris Charles de Gaulle,61.76,77.61,17.60660323,13.42264957,4.183953657,97.82,France,5,0,0,Spring,Large,12.5,0.1,15.1,1
2023-05-21,Nice,59.29,67.74,21.11475626,13.38340054,7.731355721,87.63,France,5,6,1,Spring,Medium,19.3,9.6,16.5,1
2024-09-05,Paris Charles de Gaulle,43.62,62.99,31.1926835,21.36341808,9.829265418,93.64,France,9,3,0,Autumn,Large,15.9,22.2,20.7,1
2023-01-06,Paris Charles de Gaulle,62.07,79.25,18.70172414,12.97426304,5.727461099,97.19,France,1,4,0,Winter,Large,10.6,0.0,24.2,1
2025-05-06,Paris Charles de Gaulle,66.08,78.48,17.83185841,12.35490782,5.476950584,95.03,France,5,1,0,Spring,Large,10.1,0.0,22.7,1
2022-04-02,Paris Charles de Gaulle,46.69,55.3,26.27999332,28.88045738,-2.60046406,94.81,France,4,5,1,Spring,Large,2.8,0.0,30.2,1
2024-01-02,Paris Orly,58.72,68.59,20.4519573,17.12845969,3.323497608,94.06,France,1,1,0,Winter,Medium,10.6,13.5,38.0,1
2024-04-28,Paris Orly,74.03,85.16,12.18507463,7.029821958,5.155252668,97.1,France,4,6,1,Spring,Medium,12.0,3.9,28.3,0
2025-06-23,Paris Orly,57.35,72.57,20.97352941,13.90334317,7.070186246,95.53,France,6,0,0,Summer,Medium,21.9,0.0,20.0,1
2023-09-08,Paris Charles de Gaulle,55.88,72.96,20.98610687,13.73013868,7.255968188,95.11,France,9,4,0,Autumn,Large,25.2,0.0,10.2,1
2023-09-18,Paris Orly,50.16,58.24,31.62616822,24.56602941,7.060138813,89.86,France,9,0,0,Autumn,Medium,18.6,15.0,23.1,1
2024-04-08,Paris Charles de Gaulle,58.48,80.84,18.17045455,10.04847804,8.121976502,95.83,France,4,0,0,Spring,Large,14.2,10.2,20.6,1
2022-05-14,Paris Orly,71.19,79.75,15.95713277,11.00070323,4.956429533,98.38,France,5,5,1,Spring,Medium,16.2,0.0,10.2,1
2025-02-26,Paris Orly,87.1,87.4,7.358870968,6.806167979,0.552702989,93.68,France,2,2,0,Winter,Medium,7.0,2.7,23.7,0
2026-03-14,Paris Orly,80.0,76.99,14.40888889,13.79911504,0.609773845,94.17,France,3,5,1,Spring,Medium,5.6,4.9,16.9,0
2023-02-21,Nice,88.7,89.19,6.134202899,4.528828829,1.60537407,95.12,France,2,1,0,Winter,Medium,10.1,0.0,8.9,0
2026-02-04,Paris Charles de Gaulle,73.53,80.52,13.73073818,10.81844828,2.912289902,95.95,France,2,2,0,Winter,Large,6.3,0.4,19.8,0
2022-11-30,Paris Charles de Gaulle,74.27,84.8,13.2051399,9.961172161,3.243967742,98.93,France,11,2,0,Autumn,Large,6.0,0.0,17.7,0
2023-07-08,Nice,43.36,56.37,33.52734375,26.89234234,6.635001408,87.38,France,7,5,1,Summer,Medium,27.6,0.0,20.5,1
2023-08-08,Nice,67.98,74.58,18.61842105,15.46645833,3.151962719,87.19,France,8,1,0,Summer,Medium,21.4,0.0,14.6,1
2022-09-10,Nice,53.33,66.84,24.16923077,17.22400691,6.945223861,90.35,France,9,5,1,Autumn,Medium,24.2,0.0,16.4,1
2025-11-18,Paris Charles de Gaulle,70.0,81.1,14.02372881,10.79612598,3.227602838,94.59,France,11,1,0,Autumn,Large,2.8,0.0,16.3,0
2023-02-07,Paris Orly,54.4,76.22,21.85164835,12.28711712,9.564531235,74.29,France,2,1,0,Winter,Medium,1.6,0.0,14.5,1
2026-03-24,Nice,89.21,93.62,5.417266187,3.89929078,1.517975407,83.53,France,3,1,0,Spring,Medium,11.5,0.0,15.3,0
2025-05-05,Nice,55.74,73.97,21.17622951,13.11756198,8.058667525,88.21,France,5,0,0,Spring,Medium,16.5,1.0,15.4,1
2022-03-03,Nice,86.32,88.33,6.6002849,5.636944444,0.963340456,88.49,France,3,3,0,Spring,Medium,9.8,0.4,14.8,0
2022-08-29,Nice,62.17,71.67,19.67391304,15.19012876,4.483784288,88.13,France,8,0,0,Summer,Medium,25.0,0.0,13.6,1
2022-03-25,Paris Orly,78.28,88.72,10.76841448,6.180827068,4.587587414,96.06,France,3,4,0,Spring,Medium,11.2,0.0,16.8,0
2024-03-13,Nice,81.41,88.54,7.576923077,5.347027601,2.229895476,87.17,France,3,2,0,Spring,Medium,11.0,0.0,9.8,0
2022-02-28,Paris Charles de Gaulle,75.6,85.59,11.59985348,7.528531073,4.071322406,95.06,France,2,0,0,Winter,Large,3.3,0.0,12.7,0
2026-02-22,Paris Charles de Gaulle,76.9,82.68,14.81848185,9.40008489,5.418396959,95.76,France,2,6,1,Winter,Large,11.5,6.2,22.1,0
2022-05-11,Paris Charles de Gaulle,68.49,81.58,14.85445205,10.21766082,4.636791236,98.18,France,5,2,0,Spring,Large,18.1,0.0,30.9,0
2026-03-24,Paris Charles de Gaulle,82.67,89.88,9.51980198,5.280044223,4.239757757,94.42,France,3,1,0,Spring,Large,10.4,0.0,20.5,0
2026-02-10,Nice,81.97,88.29,9.754098361,9.966966967,-0.212868606,84.93,France,2,1,0,Winter,Medium,9.8,3.6,15.0,0
2022-12-08,Paris Orly,73.31,87.36,12.0075188,7.310025543,4.697493254,96.04,France,12,3,0,Winter,Medium,2.4,0.3,7.4,0
2022-06-18,Paris Orly,61.22,72.24,19.45627376,13.34505703,6.11121673,97.77,France,6,5,1,Summer,Medium,28.2,0.0,16.0,1
2023-02-19,Paris Charles de Gaulle,64.12,76.56,17.07650273,10.95110271,6.125400023,97.73,France,2,6,1,Winter,Large,9.4,0.1,18.7,1
2022-03-12,Nice,72.04,80.0,13.56989247,12.59984848,0.970043988,86.96,France,3,5,1,Spring,Medium,11.4,0.0,31.3,0
2023-12-23,Nice,56.85,64.9,23.09589041,18.92483444,4.171055974,91.98,France,12,5,1,Winter,Medium,10.6,0.0,13.9,1
2024-09-23,Nice,43.09,54.55,30.5545393,23.57107438,6.983464915,92.57,France,9,0,0,Autumn,Medium,18.5,19.6,10.5,1
2023-03-12,Paris Orly,39.73,47.42,29.55471842,28.60500782,0.949710592,79.35,France,3,6,1,Spring,Medium,10.3,3.7,23.6,1
2023-10-08,Paris Orly,74.92,84.35,13.73333333,9.025665602,4.707667732,95.8,France,10,6,1,Autumn,Medium,16.8,0.0,10.5,0
2025-10-10,Nice,58.9,69.72,19.96610169,13.72244356,6.243658136,86.96,France,10,4,0,Autumn,Medium,19.6,0.0,17.2,1
2024-11-08,Paris Orly,50.57,77.65,20.92075472,10.06818182,10.8525729,94.72,France,11,4,0,Autumn,Medium,9.6,0.0,10.3,1
2024-03-31,Paris Orly,67.41,82.58,16.72222222,8.16010101,8.562121212,89.31,France,3,6,1,Spring,Medium,9.8,4.6,22.4,1
2023-05-29,Paris Orly,51.84,59.26,21.67121677,18.44927984,3.221936934,96.75,France,5,0,0,Spring,Medium,18.3,0.0,26.9,1
2022-09-19,Paris Orly,71.92,74.21,13.39090431,13.41420335,-0.023299043,96.97,France,9,0,0,Autumn,Medium,12.8,0.0,16.5,0
2022-02-17,Nice,81.48,86.67,7.950925926,7.217777778,0.733148148,83.1,France,2,3,0,Winter,Medium,9.9,0.0,8.5,0
2022-01-05,Paris Charles de Gaulle,64.32,81.71,15.58787879,8.999151235,6.588727553,96.1,France,1,2,0,Winter,Large,2.7,0.1,24.2,1
2026-02-16,Paris Orly,57.09,56.08,22.1722973,20.5375,1.634797297,94.94,France,2,0,0,Winter,Medium,7.9,1.8,27.4,1
2022-07-20,Paris Charles de Gaulle,26.09,53.77,39.87111801,27.08370787,12.78741015,97.18,France,7,2,0,Summer,Large,21.3,28.4,17.6,1
2026-02-01,Paris Orly,72.66,82.8,16.84892086,11.17550777,5.673413097,96.21,France,2,6,1,Winter,Medium,6.7,2.7,13.8,1
2025-11-07,Nice,72.19,72.08,11.85430464,12.03419913,-0.179894498,82.83,France,11,4,0,Autumn,Medium,13.1,14.2,15.7,0
2024-01-02,Nice,68.79,76.98,13.08510638,11.42482014,1.660286239,88.41,France,1,1,0,Winter,Medium,9.1,0.0,21.9,0
2024-03-25,Paris Orly,76.64,90.37,9.678832117,4.473888889,5.204943228,96.53,France,3,0,0,Spring,Medium,7.2,0.0,20.9,0
2024-08-05,Paris Charles de Gaulle,52.76,76.66,22.99380888,11.85447761,11.13933127,96.14,France,8,0,0,Summer,Large,20.2,0.0,10.8,1
2025-06-27,Paris Orly,51.6,73.49,24.20991254,14.14087416,10.06903838,94.01,France,6,4,0,Summer,Medium,23.0,0.4,12.1,1
2025-08-26,Paris Orly,72.27,77.42,14.23303835,14.14462366,0.088414692,96.09,France,8,1,0,Summer,Medium,22.6,0.0,15.7,0
2022-06-04,Paris Orly,33.33,55.02,34.0515873,28.55650558,5.495081725,92.11,France,6,5,1,Summer,Medium,20.0,12.9,16.6,1
2023-02-04,Paris Orly,75.46,82.95,10.51851852,9.843241167,0.675277351,95.22,France,2,5,1,Winter,Medium,8.5,0.4,13.0,0
2026-02-13,Paris Charles de Gaulle,68.39,76.76,18.8513302,14.35936037,4.491969829,96.26,France,2,4,0,Winter,Large,7.7,7.2,16.4,1
2024-07-01,Paris Orly,41.4,65.42,28.16316812,19.06974063,9.09342749,95.83,France,7,0,0,Summer,Medium,17.7,2.0,18.1,1
2023-02-26,Paris Charles de Gaulle,62.36,71.54,17.49039394,15.35958254,2.130811397,97.88,France,2,6,1,Winter,Large,1.4,0.0,32.6,1
2024-03-29,Paris Charles de Gaulle,62.25,80.83,18.10411148,9.595151515,8.508959964,96.82,France,3,4,0,Spring,Large,9.9,6.8,24.2,1
2026-01-30,Paris Charles de Gaulle,68.6,81.71,16.25950413,9.070593081,7.188911052,97.44,France,1,4,0,Winter,Large,6.3,3.5,20.2,1
2026-05-10,Paris Charles de Gaulle,62.7,77.42,17.95096582,12.44091142,5.510054406,97.13,France,5,6,1,Spring,Large,14.2,13.6,16.2,1
2023-02-21,Paris Charles de Gaulle,72.43,83.07,15.58516579,7.536928105,8.048237689,96.98,France,2,1,0,Winter,Large,5.4,0.0,11.5,1
2025-12-05,Nice,55.09,65.27,26.95209581,19.41187625,7.540219561,89.47,France,12,4,0,Winter,Medium,9.3,0.0,13.7,1
2024-03-18,Paris Charles de Gaulle,76.17,86.71,12.25167785,7.133252296,5.118425556,96.77,France,3,0,0,Spring,Large,12.1,3.5,13.4,0
2026-01-28,Paris Charles de Gaulle,72.71,78.58,14.57664319,13.08020649,1.496436703,96.8,France,1,2,0,Winter,Large,4.2,0.0,9.5,0
2022-06-01,Nice,54.81,78.2,20.92788462,13.01018957,7.917695042,88.38,France,6,2,0,Summer,Medium,21.1,0.0,14.8,1
2022-02-19,Paris Charles de Gaulle,59.61,77.1,17.6487429,13.97558411,3.673158791,95.65,France,2,5,1,Winter,Large,5.8,0.6,32.8,1
2023-10-26,Paris Orly,55.21,65.81,20.7444795,16.33407881,4.410400688,94.96,France,10,3,0,Autumn,Medium,13.1,13.7,19.8,1
2026-02-27,Paris Charles de Gaulle,75.32,86.83,12.20411392,8.330982236,3.873131688,96.65,France,2,4,0,Winter,Large,11.1,5.8,20.2,0
2022-10-28,Paris Orly,59.94,67.26,18.84337349,16.89017857,1.953194923,95.43,France,10,4,0,Autumn,Medium,18.5,0.0,16.4,1
2025-07-19,Paris Orly,39.17,57.05,30.70700637,22.86907001,7.837936359,94.59,France,7,5,1,Summer,Medium,23.8,2.8,21.2,1
2023-09-19,Nice,71.13,80.31,13.27706186,8.708894646,4.56816721,87.5,France,9,1,0,Autumn,Medium,22.0,0.0,12.7,0
2023-05-08,Paris Charles de Gaulle,60.82,71.62,17.18274854,13.75165924,3.431089301,97.18,France,5,0,0,Spring,Large,13.7,0.2,9.5,1
2024-02-12,Paris Orly,79.71,91.35,9.526570048,5.170432692,4.356137356,96.76,France,2,0,0,Winter,Medium,6.0,0.5,14.1,0
2023-05-07,Nice,60.66,76.78,21.8056872,13.0906793,8.715007899,94.35,France,5,6,1,Spring,Medium,17.3,0.0,10.9,1
2024-04-21,Nice,70.09,76.79,16.58928571,11.77433036,4.814955357,91.16,France,4,6,1,Spring,Medium,12.2,0.0,27.9,1
2025-10-09,Paris Charles de Gaulle,65.83,79.09,15.79234168,11.21337752,4.578964163,95.15,France,10,3,0,Autumn,Large,14.4,0.0,10.6,1
2022-06-14,Paris Orly,73.11,82.58,12.1442623,7.840967742,4.303294553,98.41,France,6,1,0,Summer,Medium,19.0,0.0,12.0,0
2025-10-16,Paris Charles de Gaulle,62.5,76.93,16.17005814,11.07678832,5.093269818,94.82,France,10,3,0,Autumn,Large,11.7,0.1,16.1,1
2022-08-22,Nice,66.54,77.35,17.26848249,13.3789886,3.889493886,91.72,France,8,0,0,Summer,Medium,25.5,0.0,9.8,1
2023-12-12,Paris Charles de Gaulle,57.6,73.56,20.37331081,13.92644068,6.446870133,97.56,France,12,1,0,Winter,Large,9.9,0.6,25.8,1
2024-04-17,Paris Charles de Gaulle,59.13,77.24,20.5024961,12.95756149,7.544934614,93.88,France,4,2,0,Spring,Large,6.7,1.8,22.0,1
2025-03-16,Nice,82.61,80.49,10.32298137,9.44004065,0.882940716,92.05,France,3,6,1,Spring,Medium,8.6,0.0,29.2,0
2025-04-07,Paris Orly,82.55,86.65,9.987538941,8.335766046,1.651772895,95.59,France,4,0,0,Spring,Medium,9.5,0.0,9.8,0
2023-08-11,Paris Charles de Gaulle,47.08,71.28,24.38153846,16.5781002,7.803438263,96.36,France,8,4,0,Summer,Large,20.8,3.2,15.1,1
2026-03-03,Nice,92.48,94.57,4.203007519,2.999224806,1.203782713,84.47,France,3,1,0,Spring,Medium,11.9,0.0,20.3,0
2023-07-14,Paris Charles de Gaulle,39.44,56.67,34.49153727,26.26714143,8.224395838,96.31,France,7,4,0,Summer,Large,22.1,0.0,26.6,1
2024-05-09,Nice,71.36,80.37,12.91549296,8.505175038,4.41031792,90.72,France,5,3,0,Spring,Medium,17.8,0.0,17.8,0
2023-02-20,Nice,62.84,71.53,21.93243243,16.22222222,5.71021021,84.38,France,2,0,0,Winter,Medium,11.3,0.0,13.0,1
2025-04-25,Nice,67.12,78.6,16.09589041,10.41410853,5.681781884,90.95,France,4,4,0,Spring,Medium,15.9,0.0,14.7,1
2024-01-30,Nice,89.69,93.9,4.741924399,4.244512195,0.497412204,95.19,France,1,1,0,Winter,Medium,8.7,0.0,7.3,0
2023-02-15,Paris Orly,72.03,87.25,14.24022989,7.313081009,6.927148876,96.32,France,2,2,0,Winter,Medium,4.1,0.0,11.2,0
2024-05-01,Paris Charles de Gaulle,61.96,73.09,22.86656442,16.07611465,6.790449767,94.65,France,5,2,0,Spring,Large,15.6,6.9,15.6,1
2025-02-08,Paris Orly,79.82,89.14,11.31390135,6.183861237,5.130040108,95.38,France,2,5,1,Winter,Medium,5.8,2.1,17.1,0
2022-07-19,Paris Charles de Gaulle,38.91,65.14,34.6203125,21.57218717,13.04812533,96.57,France,7,1,0,Summer,Large,30.6,0.0,28.7,1
2022-05-30,Nice,29.33,56.48,43.37468231,22.32386489,21.05081741,73.84,France,5,0,0,Spring,Medium,20.5,1.3,12.3,1
2022-04-04,Nice,72.08,82.43,12.59090909,9.771058559,2.819850532,88.46,France,4,0,0,Spring,Medium,9.0,0.4,16.5,0
2022-01-18,Nice,84.38,81.82,9.609375,9.399747475,0.209627525,85.54,France,1,1,0,Winter,Medium,7.8,0.0,8.8,0
2024-11-19,Paris Orly,80.3,92.5,8.242424242,4.520666667,3.721757576,94.31,France,11,1,0,Autumn,Medium,10.4,23.0,26.5,0
2026-04-13,Paris Orly,75.31,81.39,11.79375,9.383017876,2.410732124,96.99,France,4,0,0,Spring,Medium,9.5,0.4,10.2,0
2024-08-24,Paris Charles de Gaulle,52.03,73.84,22.8963905,15.11514699,7.781243518,97.6,France,8,5,1,Summer,Large,20.9,3.2,27.8,1
2025-05-20,Nice,40.74,48.61,58.31481481,31.5787037,26.73611111,82.25,France,5,1,0,Spring,Medium,17.4,17.3,29.2,1
2024-02-11,Paris Charles de Gaulle,71.83,86.59,14.55555556,9.183468835,5.372086721,96.25,France,2,6,1,Winter,Large,7.7,1.7,28.5,0
2025-03-26,Paris Orly,87.29,95.0,7.670409605,2.887013889,4.783395716,95.55,France,3,2,0,Spring,Medium,10.0,0.5,13.1,0
2023-07-01,Paris Charles de Gaulle,38.35,66.2,31.61180124,20.41924883,11.19255242,96.16,France,7,5,1,Summer,Large,18.8,4.6,25.2,1
2025-09-08,Paris Charles de Gaulle,61.62,82.41,17.66162311,9.474630656,8.186992453,95.83,France,9,0,0,Autumn,Large,19.6,0.1,13.1,1
2023-12-19,Paris Charles de Gaulle,51.03,75.28,27.41679873,15.49394184,11.92285689,98.77,France,12,1,0,Winter,Large,5.9,5.1,24.6,1
2026-01-02,Paris Orly,36.66,50.96,33.81672026,27.83157051,5.985149744,93.75,France,1,4,0,Winter,Medium,1.9,2.7,18.4,1
2025-11-05,Paris Orly,82.95,86.27,10.39534884,7.671111111,2.724237726,88.44,France,11,2,0,Autumn,Medium,13.3,0.0,14.6,0
2025-05-18,Paris Charles de Gaulle,62.31,75.54,16.99099099,11.57798165,5.41300934,97.69,France,5,6,1,Spring,Large,12.9,0.0,13.8,1
2023-01-07,Nice,81.25,82.41,10.91071429,9.202777778,1.707936508,90.91,France,1,5,1,Winter,Medium,11.1,0.2,11.5,0
2023-05-06,Paris Charles de Gaulle,47.31,65.58,25.16613924,17.0165855,8.149553743,97.86,France,5,5,1,Spring,Large,14.8,1.5,13.9,1
2025-03-08,Nice,86.07,87.7,8.016393443,5.937295082,2.079098361,92.48,France,3,5,1,Spring,Medium,11.4,0.0,15.9,0
2025-01-13,Nice,79.02,82.44,8.692307692,8.005216285,0.687091407,88.55,France,1,0,0,Winter,Medium,7.1,0.0,15.9,0
2024-11-29,Paris Orly,79.66,89.5,9.402542373,5.293767507,4.108774866,93.65,France,11,4,0,Autumn,Medium,3.6,0.0,12.2,0
2024-09-26,Paris Charles de Gaulle,40.71,58.87,29.95033333,21.43477633,8.515556999,95.14,France,9,3,0,Autumn,Large,15.5,12.8,31.4,1
2022-08-27,Nice,57.63,66.52,21.3700565,17.40157368,3.96848282,90.41,France,8,5,1,Summer,Medium,25.4,0.0,9.7,1
2026-05-06,Paris Charles de Gaulle,75.98,84.56,11.68277946,8.176486757,3.5062927,95.27,France,5,2,0,Spring,Large,10.9,6.1,18.7,0
2026-03-13,Nice,75.81,81.22,11.69892473,8.138121547,3.560803184,82.76,France,3,4,0,Spring,Medium,11.8,0.0,12.6,0
2024-11-19,Paris Charles de Gaulle,65.78,80.31,17.45967078,11.09907085,6.360599934,94.44,France,11,1,0,Autumn,Large,10.0,22.2,29.5,1
2026-01-27,Nice,82.65,87.39,9.183673469,8.928528529,0.255144941,83.33,France,1,1,0,Winter,Medium,6.5,34.4,27.9,0
2025-09-28,Paris Charles de Gaulle,56.2,74.38,21.73393124,13.1046875,8.629243741,97.25,France,9,6,1,Autumn,Large,12.4,0.0,8.2,1
2026-03-20,Nice,81.18,87.95,9.864705882,5.633835341,4.230870541,86.7,France,3,4,0,Spring,Medium,10.8,0.0,17.2,0
2024-03-07,Paris Orly,79.32,90.15,8.714285714,5.161363636,3.552922078,96.06,France,3,3,0,Spring,Medium,6.6,0.0,19.4,0
2024-02-03,Nice,89.52,89.0,9.685714286,11.05183333,-1.366119048,94.74,France,2,5,1,Winter,Medium,10.0,0.0,9.5,0
2022-05-17,Paris Charles de Gaulle,61.89,79.97,17.41958042,10.29422184,7.125358585,97.32,France,5,1,0,Spring,Large,21.6,0.0,11.5,1
2022-04-17,Paris Charles de Gaulle,66.67,82.45,14.63035382,10.58738994,4.04296388,97.85,France,4,6,1,Spring,Large,11.8,0.0,13.2,0
2022-09-06,Paris Orly,69.78,74.62,12.34974039,10.95535168,1.394388713,98.48,France,9,1,0,Autumn,Medium,20.5,0.0,18.7,0
2024-03-01,Paris Charles de Gaulle,63.32,79.7,20.65661642,12.10790349,8.548712921,96.62,France,3,4,0,Spring,Large,7.0,6.8,40.3,1
2022-02-08,Paris Orly,87.57,96.83,5.394594595,2.197530864,3.19706373,93.07,France,2,1,0,Winter,Medium,7.7,0.0,16.4,0
2025-08-02,Paris Charles de Gaulle,51.56,71.91,24.73472429,16.44493639,8.289787905,96.45,France,8,5,1,Summer,Large,16.1,1.1,15.0,1
2023-04-25,Paris Orly,65.5,73.85,17.29392971,14.34902564,2.944904071,96.63,France,4,1,0,Spring,Medium,8.4,0.7,17.4,1
2024-11-13,Nice,82.03,88.55,7.7734375,5.144783715,2.628653785,90.48,France,11,2,0,Autumn,Medium,11.2,0.0,18.6,0
2022-07-12,Paris Charles de Gaulle,37.5,69.05,32.27056962,17.07833333,15.19223629,96.97,France,7,1,0,Summer,Large,24.2,0.0,12.5,1
2024-06-07,Paris Orly,38.51,61.49,28.76716418,18.92731343,9.839850746,94.13,France,6,4,0,Summer,Medium,14.6,0.0,9.8,1
2023-10-05,Nice,72.33,79.6,12.76699029,8.315008292,4.451981999,91.27,France,10,3,0,Autumn,Medium,21.5,0.0,14.9,0
2025-12-09,Paris Charles de Gaulle,67.14,84.22,17.42138365,8.924401042,8.496982606,94.29,France,12,1,0,Winter,Large,11.5,0.4,17.9,1
2023-11-11,Paris Charles de Gaulle,67.2,79.22,15.38709677,11.61487322,3.772223552,98.94,France,11,5,1,Autumn,Large,6.7,0.4,16.8,1
2023-08-22,Nice,62.67,78.44,20.6,14.55091743,6.049082569,87.18,France,8,1,0,Summer,Medium,29.9,0.0,13.4,1
2022-11-20,Paris Orly,66.79,63.12,16.00746269,17.27072243,-1.263259747,96.07,France,11,6,1,Autumn,Medium,6.4,1.8,24.2,1
2025-06-22,Nice,38.05,48.11,39.31986532,30.53064147,8.789223854,86.93,France,6,6,1,Summer,Medium,26.2,0.0,11.8,1
2022-07-12,Paris Orly,43.97,74.28,25.15960912,12.72207931,12.43752981,96.88,France,7,1,0,Summer,Medium,24.9,0.0,11.5,1
2022-05-29,Paris Orly,56.78,63.11,21.31545741,20.34061489,0.974842527,95.59,France,5,6,1,Spring,Medium,12.0,0.0,18.4,1
2026-05-12,Paris Orly,78.79,85.0,9.612794613,7.287333333,2.325461279,96.46,France,5,1,0,Spring,Medium,10.3,0.3,11.4,0
2022-02-21,Nice,56.3,52.38,31.47058824,33.70793651,-2.237348273,75.29,France,2,0,0,Winter,Medium,11.4,0.0,34.4,1
2023-08-10,Nice,53.6,72.76,22.028,13.28482385,8.743176152,88.67,France,8,3,0,Summer,Medium,22.9,0.0,9.2,1
2023-08-23,Nice,51.09,69.64,23.95196507,14.48670715,9.465257913,87.32,France,8,2,0,Summer,Medium,30.4,0.0,12.3,1
2023-07-25,Paris Charles de Gaulle,37.59,60.15,36.27630015,24.90859649,11.36770366,94.2,France,7,1,0,Summer,Large,16.6,16.0,18.0,1
2023-06-19,Nice,51.94,58.57,26.82919897,22.93784861,3.891350361,85.94,France,6,0,0,Summer,Medium,24.0,0.0,16.2,1
2025-02-06,Paris Orly,80.54,89.14,10.06334842,5.800904977,4.262443439,95.3,France,2,3,0,Winter,Medium,3.1,0.0,15.5,0
2023-04-11,Paris Charles de Gaulle,51.16,69.85,21.02310231,14.21202053,6.811081781,97.62,France,4,1,0,Spring,Large,9.7,6.6,22.0,1
2023-03-20,Nice,50.0,60.54,26.11486486,21.15884354,4.956021327,84.41,France,3,0,0,Spring,Medium,12.5,0.0,12.3,1
2026-04-16,Nice,83.59,88.21,7.979487179,5.213247863,2.766239316,89.09,France,4,3,0,Spring,Medium,18.6,0.0,13.9,0
2023-05-22,Paris Orly,63.64,73.78,16.32424242,12.84751016,3.476732262,97.95,France,5,0,0,Spring,Medium,16.1,0.0,20.5,1
2023-11-13,Nice,79.53,82.61,11.35682261,8.157660455,3.199162157,89.12,France,11,0,0,Autumn,Medium,13.5,0.0,14.2,0
2024-09-15,Paris Charles de Gaulle,62.76,75.84,20.0148368,13.76195209,6.252884706,97.28,France,9,6,1,Autumn,Large,11.6,0.0,9.9,1
2025-07-16,Nice,37.04,56.36,32.25185185,20.51054545,11.7413064,82.46,France,7,2,0,Summer,Medium,26.1,0.0,9.1,1
2025-03-23,Paris Orly,84.81,86.74,8.819787986,5.866069295,2.953718691,97.26,France,3,6,1,Spring,Medium,9.9,2.6,14.8,0
2022-01-16,Paris Orly,79.65,89.53,9.552325581,5.013856589,4.538468992,95.05,France,1,6,1,Winter,Medium,1.7,0.9,17.8,0
2025-02-14,Paris Charles de Gaulle,59.16,77.69,19.70186335,13.50390016,6.197963198,96.01,France,2,4,0,Winter,Large,0.8,0.0,12.0,1
2023-10-21,Paris Charles de Gaulle,55.29,74.3,20.04017904,13.1727073,6.867471738,96.39,France,10,5,1,Autumn,Large,12.6,6.6,40.4,1
2024-10-31,Paris Charles de Gaulle,67.6,87.67,15.52959502,7.037570621,8.492024394,94.39,France,10,3,0,Autumn,Large,11.3,0.0,9.4,1
2024-10-29,Paris Orly,76.99,82.93,13.70711297,10.34485095,3.362262022,85.92,France,10,1,0,Autumn,Medium,11.1,0.0,10.7,0
2022-05-01,Nice,70.15,81.38,14.1641791,8.663386525,5.50079258,92.38,France,5,6,1,Spring,Medium,16.3,0.0,14.2,0
2024-11-17,Paris Charles de Gaulle,70.75,86.51,16.17414966,9.602743724,6.571405935,96.14,France,11,6,1,Autumn,Large,7.0,0.8,14.8,1
2026-05-19,Paris Charles de Gaulle,74.22,84.9,13.56482861,8.940209268,4.624619346,95.48,France,5,1,0,Spring,Large,13.0,2.5,24.0,0
2026-02-11,Paris Orly,70.59,71.94,17.78039216,15.11343874,2.666953422,94.89,France,2,2,0,Winter,Medium,11.0,10.7,26.8,1
2025-05-03,Paris Orly,64.8,76.35,20.45394737,11.08085586,9.373091513,94.77,France,5,5,1,Spring,Medium,19.4,4.9,16.0,1
2022-05-15,Nice,51.64,71.98,20.20078247,15.18478261,5.015999864,88.24,France,5,6,1,Spring,Medium,18.7,0.0,11.0,1
2023-12-07,Paris Charles de Gaulle,57.69,71.0,20.61917355,14.46247222,6.156701331,97.27,France,12,3,0,Winter,Large,3.8,3.8,19.3,1
2022-05-16,Paris Charles de Gaulle,51.97,71.1,21.8295082,14.428763,7.400745197,98.25,France,5,0,0,Spring,Large,19.5,0.0,20.5,1
2024-10-31,Paris Orly,66.67,74.63,16.48717949,11.99742647,4.489753017,90.91,France,10,3,0,Autumn,Medium,11.9,0.0,8.5,1
2025-05-16,Nice,51.7,72.18,22.36603774,12.87969925,9.486338488,90.37,France,5,4,0,Spring,Medium,18.0,1.9,22.9,1
2025-01-01,Paris Charles de Gaulle,68.99,77.86,15.51618399,10.93403632,4.582147665,94.89,France,1,2,0,Winter,Large,5.9,0.0,28.8,1
2023-05-27,Nice,51.81,59.62,22.99203481,19.96596154,3.026073267,80.53,France,5,5,1,Spring,Medium,21.8,0.0,15.1,1
2023-08-09,Paris Orly,62.14,71.85,19.13268608,14.01572848,5.116957607,96.57,France,8,2,0,Summer,Medium,19.2,0.2,13.9,1
2025-09-02,Paris Charles de Gaulle,70.2,80.26,14.51002865,10.70441106,3.80561759,94.91,France,9,1,0,Autumn,Large,15.2,4.2,23.1,0
2022-10-11,Paris Orly,79.36,85.31,11.07117438,8.091258741,2.979915636,97.6,France,10,1,0,Autumn,Medium,12.8,0.0,15.1,0
2022-09-25,Paris Orly,73.55,81.73,14.46451613,11.6209856,2.843530525,95.71,France,9,6,1,Autumn,Medium,14.0,0.0,18.0,0
2024-06-06,Paris Charles de Gaulle,56.59,73.58,21.92614613,12.93553504,8.990611094,95.43,France,6,3,0,Summer,Large,13.4,0.0,15.0,1
2022-09-09,Nice,35.02,56.38,36.52742616,25.12331962,11.40410654,87.46,France,9,4,0,Autumn,Medium,26.4,0.0,24.5,1
2022-11-13,Paris Charles de Gaulle,68.69,81.13,14.89686924,9.977578616,4.919290629,98.56,France,11,6,1,Autumn,Large,8.5,0.0,10.4,0
2025-03-27,Paris Charles de Gaulle,71.74,89.4,13.56459627,6.003789042,7.560807231,94.94,France,3,3,0,Spring,Large,8.2,0.0,10.0,0
2022-05-03,Nice,73.56,83.13,11.03448276,8.854116466,2.180366293,89.76,France,5,1,0,Spring,Medium,17.2,0.0,13.1,0
2024-01-07,Paris Charles de Gaulle,58.24,70.4,20.3843594,17.06965003,3.314709372,95.58,France,1,6,1,Winter,Large,2.5,0.0,23.2,1
2024-12-04,Paris Orly,74.4,77.07,12.29951691,10.0,2.299516908,93.27,France,12,2,0,Winter,Medium,4.2,0.0,10.5,0
2022-03-04,Paris Charles de Gaulle,74.09,84.98,13.91636302,7.540879828,6.375483195,96.52,France,3,4,0,Spring,Large,7.5,0.0,9.8,0
2024-11-27,Nice,89.34,83.19,8.180327869,8.621848739,-0.441520871,87.32,France,11,2,0,Autumn,Medium,12.4,0.0,9.9,0
2023-07-22,Nice,31.77,50.71,37.55956679,27.07392857,10.48563822,85.1,France,7,5,1,Summer,Medium,28.7,0.0,26.7,1
2026-04-23,Paris Charles de Gaulle,71.68,83.43,13.23303835,8.046252465,5.186785883,95.1,France,4,3,0,Spring,Large,13.4,0.0,18.1,0
2022-11-17,Paris Orly,75.09,78.26,12.15384615,11.20416667,0.949679487,95.82,France,11,3,0,Autumn,Medium,11.6,1.3,36.6,0
2023-03-14,Paris Charles de Gaulle,66.2,80.21,17.2992741,13.00591873,4.293355372,97.82,France,3,1,0,Spring,Large,7.8,4.6,33.7,1
2026-03-15,Paris Charles de Gaulle,78.89,86.46,11.10472973,6.957320602,4.147409128,95.82,France,3,6,1,Spring,Large,5.5,0.0,17.0,0
2026-02-07,Paris Charles de Gaulle,72.65,82.69,15.18827709,9.825567833,5.362709254,97.58,France,2,5,1,Winter,Large,8.0,0.1,22.5,1
2022-01-20,Paris Charles de Gaulle,73.11,85.93,12.99755501,7.694927536,5.302627476,98.33,France,1,3,0,Winter,Large,3.4,0.3,18.7,0
2024-06-01,Paris Orly,64.56,78.09,16.8,9.584864547,7.215135453,95.97,France,6,5,1,Summer,Medium,13.5,1.9,23.5,1
2023-08-02,Paris Orly,49.19,64.95,24.31067961,18.18365488,6.127024735,95.69,France,8,2,0,Summer,Medium,19.4,23.3,41.4,1
2025-03-07,Paris Orly,84.83,87.16,8.282758621,5.729560811,2.55319781,95.11,France,3,4,0,Spring,Medium,10.6,0.0,11.4,0
2026-05-20,Nice,74.69,80.09,11.67219917,9.956709957,1.715489213,87.59,France,5,2,0,Spring,Medium,18.1,0.0,8.7,0
2022-11-15,Nice,75.0,82.69,11.22115385,7.732051282,3.489102564,89.34,France,11,1,0,Autumn,Medium,14.8,28.4,14.3,0
2025-05-24,Paris Orly,73.74,79.39,14.41750842,11.27578829,3.141720129,94.92,France,5,5,1,Spring,Medium,13.9,0.0,18.3,0
2024-06-09,Paris Charles de Gaulle,45.79,71.47,26.54731659,14.95771371,11.58960289,95.96,France,6,6,1,Summer,Large,14.2,0.0,19.5,1
2022-10-02,Nice,55.68,69.53,22.88257576,14.05414878,8.828426974,85.89,France,10,6,1,Autumn,Medium,19.0,0.0,11.3,1
2024-02-09,Paris Orly,79.19,88.69,11.8959276,8.436802413,3.459125189,95.71,France,2,4,0,Winter,Medium,11.3,2.5,30.0,0
2023-10-20,Nice,33.02,26.17,52.74418605,50.74291277,2.001273274,89.39,France,10,4,0,Autumn,Medium,18.4,39.0,41.6,1
2024-01-31,Paris Orly,77.53,86.93,10.59550562,6.945454545,3.650051073,95.74,France,1,2,0,Winter,Medium,7.0,0.0,14.0,0
2025-02-25,Paris Charles de Gaulle,73.03,84.98,13.54704076,7.610588559,5.9364522,94.22,France,2,1,0,Winter,Large,7.9,18.4,26.0,0
2023-07-12,Paris Orly,45.76,67.57,28.76271186,17.4170045,11.34570736,92.21,France,7,2,0,Summer,Medium,21.3,5.3,17.4,1
2024-05-23,Paris Orly,61.97,74.42,18.45245902,10.79900332,7.653455694,95.95,France,5,3,0,Spring,Medium,14.6,4.4,12.7,1
2022-12-10,Paris Orly,66.67,73.16,19.00438596,16.75050505,2.253880914,97.47,France,12,5,1,Winter,Medium,1.0,0.0,13.6,1
2025-01-16,Paris Orly,81.34,88.83,10.6937799,6.626213592,4.067566312,95.5,France,1,3,0,Winter,Medium,3.2,0.0,12.4,0
2023-11-01,Paris Charles de Gaulle,67.83,81.98,15.67564103,10.67469671,5.000944319,93.14,France,11,2,0,Autumn,Large,11.7,2.7,27.7,1
2022-11-15,Paris Orly,80.86,90.8,7.1875,5.606449553,1.581050447,95.93,France,11,1,0,Autumn,Medium,10.8,3.2,22.6,0
2025-12-31,Paris Orly,71.27,78.52,18.75272727,16.30506173,2.447665544,96.18,France,12,2,0,Winter,Medium,-0.2,0.0,10.5,1
2022-01-11,Paris Charles de Gaulle,64.05,85.03,18.19654008,9.535744501,8.660795584,94.56,France,1,1,0,Winter,Large,-0.5,0.0,9.7,1
2022-10-26,Nice,76.88,81.65,10.4375,8.962869198,1.474630802,90.91,France,10,2,0,Autumn,Medium,19.0,0.0,10.7,0
2024-06-30,Paris Charles de Gaulle,44.51,68.56,29.58711567,18.27413088,11.31298479,95.84,France,6,6,1,Summer,Large,17.9,1.8,18.2,1
2024-04-26,Paris Orly,51.87,71.35,22.25936599,13.24269663,9.016669365,95.36,France,4,4,0,Spring,Medium,9.5,0.5,17.4,1
2024-09-28,Nice,67.28,76.47,14.52995392,10.52753268,4.002421237,88.84,France,9,5,1,Autumn,Medium,18.0,0.0,14.2,0
2024-06-12,Nice,63.22,73.82,21.24028926,13.34835479,7.891934464,86.62,France,6,2,0,Summer,Medium,19.7,1.7,15.4,1
2023-10-25,Paris Orly,73.0,81.69,13.87333333,9.961186441,3.912146893,93.81,France,10,2,0,Autumn,Medium,12.9,11.2,26.6,0
2024-11-18,Nice,84.18,89.81,7.626582278,6.038853503,1.587728775,90.86,France,11,0,0,Autumn,Medium,12.6,0.0,12.1,0
2025-12-09,Nice,89.06,87.79,7.328125,6.788167939,0.539957061,86.0,France,12,1,0,Winter,Medium,10.2,0.0,8.7,0
2022-10-04,Paris Orly,36.01,42.16,37.6794289,33.77003484,3.909394061,98.29,France,10,1,0,Autumn,Medium,12.2,0.0,11.1,1
2022-04-28,Paris Orly,71.1,80.79,12.65584416,8.758057395,3.897786761,98.41,France,4,3,0,Spring,Medium,14.3,0.0,18.1,0
2026-02-15,Paris Charles de Gaulle,56.24,62.4,24.77927063,21.12366667,3.655603967,83.04,France,2,6,1,Winter,Large,1.1,8.1,27.9,1
2023-12-01,Paris Charles de Gaulle,54.88,63.39,23.80096,19.56424731,4.236712688,97.67,France,12,4,0,Winter,Large,1.6,0.2,17.2,1
2024-06-08,Paris Orly,65.38,80.48,17.08041958,8.598972603,8.481446978,96.36,France,6,5,1,Summer,Medium,15.1,0.0,19.5,1
2026-01-20,Nice,83.15,84.52,9.08988764,7.855357143,1.234530498,73.05,France,1,1,0,Winter,Medium,11.1,0.0,15.4,0
2025-09-08,Paris Orly,71.31,79.61,15.32386364,10.76308194,4.5607817,95.92,France,9,0,0,Autumn,Medium,20.1,0.0,10.5,1
2023-01-12,Nice,75.7,87.62,12.64485981,5.298571429,7.346288385,91.94,France,1,3,0,Winter,Medium,10.3,0.0,14.1,0
2025-11-07,Paris Charles de Gaulle,46.53,66.51,29.10271903,18.20527651,10.89744252,98.23,France,11,4,0,Autumn,Large,11.0,0.2,14.8,1
2024-01-24,Paris Charles de Gaulle,67.31,79.96,16.93333333,10.02094109,6.912392241,95.13,France,1,2,0,Winter,Large,11.7,1.1,31.1,1
2023-09-07,Paris Charles de Gaulle,60.09,76.27,20.49649123,12.70658466,7.789906568,94.76,France,9,3,0,Autumn,Large,23.1,0.0,10.6,1
2023-05-27,Paris Charles de Gaulle,60.06,77.72,18.63404649,11.59102981,7.043016677,96.94,France,5,5,1,Spring,Large,16.7,0.0,17.2,1
2024-11-04,Nice,63.93,71.35,22.16502732,16.47807018,5.686957147,92.0,France,11,0,0,Autumn,Medium,14.8,0.0,7.8,1
2025-03-09,Paris Charles de Gaulle,73.88,83.9,13.07487521,9.220367232,3.854507976,94.99,France,3,6,1,Spring,Large,12.1,0.1,15.6,0
2022-08-23,Paris Charles de Gaulle,62.86,77.23,18.588483,12.53994872,6.048534286,97.94,France,8,1,0,Summer,Large,22.2,0.2,8.9,1
2022-12-30,Paris Charles de Gaulle,59.7,75.08,18.34401349,12.53070321,5.813310279,98.35,France,12,4,0,Winter,Large,9.2,9.6,37.8,1
2025-05-14,Paris Charles de Gaulle,75.0,83.38,13.33136095,9.440344311,3.891016635,96.04,France,5,2,0,Spring,Large,16.8,0.0,18.9,0
2026-01-29,Nice,72.41,76.03,15.46896552,14.10833333,1.360632184,83.98,France,1,3,0,Winter,Medium,7.5,0.0,13.1,1
2024-12-27,Paris Orly,53.68,69.4,23.36491228,16.87506219,6.489850092,92.86,France,12,4,0,Winter,Medium,1.9,0.0,5.6,1
2024-03-18,Nice,78.98,82.39,11.66912879,7.464779874,4.204348914,92.23,France,3,0,0,Spring,Medium,12.4,0.0,18.0,0
2023-09-10,Paris Charles de Gaulle,57.55,71.79,22.96226415,16.22332277,6.738941383,95.1,France,9,6,1,Autumn,Large,26.6,0.0,13.8,1
2024-01-27,Paris Charles de Gaulle,54.79,70.77,21.42316258,15.05491106,6.368251524,97.41,France,1,5,1,Winter,Large,2.1,0.0,11.9,1
2023-11-23,Nice,85.19,85.61,6.977777778,6.924494949,0.053282828,93.79,France,11,3,0,Autumn,Medium,11.8,0.0,18.0,0
2022-06-25,Nice,17.82,35.84,56.31034483,33.37052023,22.9398246,83.8,France,6,5,1,Summer,Medium,23.5,0.0,18.0,1
2023-11-28,Paris Charles de Gaulle,56.38,78.01,19.73358501,11.77537228,7.958212732,96.62,France,11,1,0,Autumn,Large,3.9,0.3,20.9,1
2024-02-19,Paris Orly,70.07,79.36,15.13685446,13.18297746,1.953876999,92.63,France,2,0,0,Winter,Medium,10.4,0.6,19.8,1
2022-02-15,Nice,81.9,89.58,6.2,4.282118056,1.917881944,92.24,France,2,1,0,Winter,Medium,8.6,1.1,12.5,0
2024-09-11,Paris Charles de Gaulle,64.47,77.47,18.03581662,11.76169297,6.274123649,95.64,France,9,2,0,Autumn,Large,14.0,4.9,27.7,1
2023-11-02,Nice,58.04,62.41,20.30769231,18.76737589,1.540316421,89.57,France,11,3,0,Autumn,Medium,14.2,24.5,13.2,1
2025-06-26,Nice,28.4,35.61,52.53307393,42.40517677,10.12789716,80.65,France,6,3,0,Summer,Medium,25.8,0.0,13.1,1
2025-09-13,Nice,48.84,57.14,29.33488372,22.13571429,7.199169435,83.27,France,9,5,1,Autumn,Medium,20.9,2.0,11.2,1
2023-11-26,Paris Orly,81.09,86.81,12.62909091,6.673504274,5.955586636,96.17,France,11,6,1,Autumn,Medium,2.7,0.0,13.8,0
2024-11-23,Nice,82.0,84.21,9.447166667,5.378947368,4.068219298,90.18,France,11,5,1,Autumn,Medium,8.0,0.0,17.4,0
2024-11-13,Paris Orly,80.82,85.58,8.228310502,5.908837209,2.319473293,94.09,France,11,2,0,Autumn,Medium,7.5,0.0,13.6,0
2026-02-13,Nice,63.64,75.31,19.47159091,15.86666667,3.604924242,86.45,France,2,4,0,Winter,Medium,11.0,7.1,21.6,1
2023-12-21,Paris Orly,59.47,70.08,21.98863636,19.02468434,2.96395202,94.74,France,12,3,0,Winter,Medium,10.4,1.5,29.2,1
2023-11-14,Paris Charles de Gaulle,64.91,75.26,15.28620102,12.34642039,2.939780633,98.33,France,11,1,0,Autumn,Large,11.0,3.9,31.9,1
2023-07-21,Paris Charles de Gaulle,45.12,66.37,28.04431525,19.97827828,8.066036967,96.61,France,7,4,0,Summer,Large,18.6,4.1,17.7,1
2025-10-07,Nice,83.87,84.02,8.064516129,6.404810997,1.659705132,85.65,France,10,1,0,Autumn,Medium,17.8,0.0,12.0,0
2025-04-12,Nice,78.26,79.04,11.97515528,12.2246507,-0.249495419,84.24,France,4,5,1,Spring,Medium,13.6,2.8,13.6,0
2025-02-23,Nice,66.27,64.46,18.24417671,17.125,1.119176707,92.31,France,2,6,1,Winter,Medium,11.9,0.0,8.1,1
2024-11-15,Nice,84.62,83.85,7.035502959,6.478364389,0.557138569,89.18,France,11,4,0,Autumn,Medium,10.5,0.0,12.8,0
2023-11-12,Paris Orly,73.61,83.51,11.38194444,7.45754386,3.924400585,94.75,France,11,6,1,Autumn,Medium,9.2,10.0,21.3,0
2025-11-13,Nice,84.46,89.8,6.554054054,4.054421769,2.499632285,85.31,France,11,3,0,Autumn,Medium,13.0,0.0,10.3,0
2024-03-08,Paris Charles de Gaulle,66.22,79.67,17.45424293,11.3569146,6.097328328,96.2,France,3,4,0,Spring,Large,7.6,0.0,26.6,1
2023-09-02,Paris Charles de Gaulle,52.48,65.88,22.15132832,16.58896751,5.562360816,96.67,France,9,5,1,Autumn,Large,20.9,0.7,15.1,1
2023-06-19,Paris Charles de Gaulle,35.44,56.01,34.8002451,25.85482983,8.945415268,92.55,France,6,0,0,Summer,Large,19.6,1.2,13.6,1
2024-11-23,Paris Charles de Gaulle,51.7,63.53,23.53207547,22.7501634,0.781912073,95.6,France,11,5,1,Autumn,Large,4.2,0.0,26.7,1
2026-04-03,Nice,68.47,75.66,14.49099099,11.10376106,3.387229929,88.42,France,4,4,0,Spring,Medium,15.0,0.0,17.5,0
2026-04-18,Paris Charles de Gaulle,70.48,82.22,13.85471406,8.378597884,5.476116181,96.44,France,4,5,1,Spring,Large,13.9,2.9,15.9,0
2025-03-31,Paris Orly,74.59,83.22,10.47524752,7.740268456,2.734979068,90.21,France,3,0,0,Spring,Medium,9.1,0.0,12.3,0
2022-01-10,Paris Charles de Gaulle,59.14,72.73,20.49406176,17.25666667,3.237395091,95.54,France,1,0,0,Winter,Large,1.4,0.0,11.3,1
2025-08-31,Nice,42.91,53.06,32.16891892,26.34421769,5.824701232,86.16,France,8,6,1,Summer,Medium,22.5,0.0,13.6,1
2022-06-26,Paris Orly,55.83,66.91,22.23321555,17.77973621,4.453479337,91.99,France,6,6,1,Summer,Medium,16.2,0.8,13.5,1
2022-07-26,Paris Orly,64.44,78.06,17.08888889,11.12110763,5.967781261,99.07,France,7,1,0,Summer,Medium,19.2,0.3,14.5,1
2024-05-27,Nice,39.22,64.31,26.68907563,16.09558974,10.59348589,79.57,France,5,0,0,Spring,Medium,18.4,0.0,8.9,1
2025-12-16,Paris Charles de Gaulle,63.31,78.11,17.71671827,12.5246118,5.192106465,95.88,France,12,1,0,Winter,Large,9.9,0.4,17.8,1
2026-01-26,Paris Charles de Gaulle,72.6,77.26,13.78979058,14.10831909,-0.318528512,94.9,France,1,0,0,Winter,Large,4.7,0.3,11.2,0
2022-12-18,Nice,59.44,71.62,17.39160839,16.63108108,0.760527311,92.07,France,12,6,1,Winter,Medium,9.7,0.0,16.7,1
2024-08-22,Paris Charles de Gaulle,64.48,80.56,16.8867688,9.607840376,7.278928427,96.39,France,8,3,0,Summer,Large,17.4,0.0,19.5,1
2025-03-02,Paris Orly,75.77,82.13,12.58703072,11.03608247,1.550948242,95.44,France,3,6,1,Spring,Medium,4.7,0.0,13.6,0
2024-01-27,Nice,83.95,87.5,7.777777778,8.883958333,-1.106180556,93.41,France,1,5,1,Winter,Medium,10.5,0.0,6.3,0
2024-07-24,Paris Charles de Gaulle,43.96,63.53,31.16086142,19.43667602,11.72418541,94.38,France,7,2,0,Summer,Large,19.2,0.1,8.4,1
2022-11-05,Nice,69.29,78.05,17.16535433,10.19607046,6.96928387,89.33,France,11,5,1,Autumn,Medium,13.8,0.5,14.3,1
2026-02-21,Paris Orly,73.52,83.73,13.85770751,10.33181217,3.525895341,95.17,France,2,5,1,Winter,Medium,11.9,0.6,19.2,0
2022-07-27,Paris Orly,66.45,78.83,16.1884984,10.50282302,5.685675384,93.49,France,7,2,0,Summer,Medium,19.8,0.0,16.4,1
2022-02-06,Paris Orly,69.0,78.5,13.38,10.14816667,3.231833333,91.4,France,2,6,1,Winter,Medium,8.2,4.4,36.6,0
2022-09-27,Paris Charles de Gaulle,64.8,78.68,17.73848684,11.41057851,6.32790833,97.29,France,9,1,0,Autumn,Large,10.9,4.6,23.7,1
2024-12-05,Paris Charles de Gaulle,38.14,59.76,29.79322034,20.92529711,8.867923225,93.18,France,12,3,0,Winter,Large,6.8,4.9,23.9,1
2022-11-07,Paris Orly,76.45,81.44,11.18771331,9.891924399,1.295788912,96.44,France,11,0,0,Autumn,Medium,12.9,0.0,28.1,0
2023-08-28,Paris Orly,57.99,63.96,21.35207101,22.27752753,-0.925456522,91.51,France,8,0,0,Summer,Medium,16.4,0.9,16.0,1
2026-01-03,Paris Charles de Gaulle,27.38,37.06,45.37377049,40.51223914,4.861531349,95.81,France,1,5,1,Winter,Large,-0.8,0.2,17.3,1
2022-01-20,Nice,84.78,86.02,8.77173913,9.267921147,-0.496182017,84.35,France,1,3,0,Winter,Medium,7.3,0.0,20.0,0
2022-04-06,Paris Charles de Gaulle,64.73,83.14,16.68242652,8.805103359,7.877323157,95.08,France,4,2,0,Spring,Large,9.8,1.1,29.6,1
2024-02-21,Paris Orly,73.97,85.95,11.03305785,7.320592287,3.712465565,95.4,France,2,2,0,Winter,Medium,8.3,10.3,30.6,0
2022-10-13,Paris Charles de Gaulle,63.32,75.82,18.3917489,11.97154605,6.420202851,97.15,France,10,3,0,Autumn,Large,12.9,2.4,18.4,1
2025-12-06,Paris Charles de Gaulle,55.93,70.12,23.08135593,18.72873462,4.35262131,96.9,France,12,5,1,Winter,Large,9.2,4.2,26.6,1
2022-05-15,Paris Orly,36.43,57.35,36.11785714,23.95925926,12.15859788,96.6,France,5,6,1,Spring,Medium,20.7,0.3,20.4,1
2023-03-15,Nice,50.32,64.34,22.96129032,17.71130536,5.249984961,83.08,France,3,2,0,Spring,Medium,12.8,0.0,22.1,1
2024-12-12,Paris Orly,72.87,83.06,11.83805668,7.392561983,4.445494697,95.77,France,12,3,0,Winter,Medium,3.9,0.0,9.8,0
2024-04-01,Paris Orly,72.08,82.04,13.95759717,8.378051643,5.57954553,92.7,France,4,0,0,Spring,Medium,9.7,2.6,23.3,0
2026-01-21,Paris Charles de Gaulle,73.2,83.04,14.68414269,9.592946429,5.091196257,95.74,France,1,2,0,Winter,Large,9.1,3.2,20.7,0
2022-01-10,Paris Orly,70.0,82.54,13.93008772,9.009876543,4.920211176,93.72,France,1,0,0,Winter,Medium,2.0,0.0,11.5,0
2026-02-12,Paris Orly,58.75,74.03,21.6614786,19.11963824,2.541840356,89.0,France,2,3,0,Winter,Medium,10.1,4.5,27.0,1
2024-02-16,Nice,73.53,76.12,11.125,9.58880597,1.53619403,96.67,France,2,4,0,Winter,Medium,11.3,0.1,7.2,0
2024-11-01,Paris Charles de Gaulle,55.43,75.35,23.61426256,15.78649922,7.827763346,92.73,France,11,4,0,Autumn,Large,10.5,0.0,6.9,1
2025-05-11,Paris Orly,64.97,65.36,18.6257485,21.33172691,-2.705978405,94.69,France,5,6,1,Spring,Medium,17.7,8.4,17.2,1
2023-05-09,Paris Charles de Gaulle,61.31,77.64,18.84708788,13.50986025,5.337227635,98.18,France,5,1,0,Spring,Large,13.7,13.7,19.9,1
2023-07-19,Paris Orly,61.54,77.74,18.0474359,10.57752688,7.469909016,95.72,France,7,2,0,Summer,Medium,21.0,0.0,21.0,1
2023-08-06,Nice,43.75,62.04,28.02395833,18.65072993,9.373228406,87.72,France,8,6,1,Summer,Medium,23.6,0.0,12.2,1
2022-07-23,Nice,39.04,61.22,33.19521912,22.1529932,11.04222593,80.84,France,7,5,1,Summer,Medium,27.3,0.0,11.9,1
2023-07-29,Paris Orly,54.14,65.17,21.77586207,18.73201149,3.043850575,95.42,France,7,5,1,Summer,Medium,19.8,5.4,18.8,1
2023-05-29,Paris Charles de Gaulle,62.37,74.78,19.46923457,14.42328358,5.045950986,95.53,France,5,0,0,Spring,Large,17.2,0.0,26.6,1
2024-10-04,Paris Orly,61.84,77.6,19.48684211,13.18555195,6.301290157,91.92,France,10,4,0,Autumn,Medium,10.0,0.0,11.0,1
2025-09-12,Paris Orly,62.95,78.39,17.02785515,11.32945522,5.698399936,95.77,France,9,4,0,Autumn,Medium,15.5,0.5,19.8,1
2022-10-27,Paris Charles de Gaulle,64.2,75.25,18.39244663,13.82491803,4.567528601,97.93,France,10,3,0,Autumn,Large,16.9,0.0,21.6,1
2025-07-28,Paris Orly,58.55,69.14,19.87246377,15.0652381,4.807225673,96.37,France,7,0,0,Summer,Medium,18.1,0.9,14.1,1
2024-01-17,Nice,84.47,79.21,7.32038835,10.75,-3.42961165,87.8,France,1,2,0,Winter,Medium,9.5,15.2,13.5,0
2025-07-09,Paris Orly,42.6,62.16,31.6183432,21.41556557,10.20277763,95.54,France,7,2,0,Summer,Medium,18.0,0.0,8.9,1
2026-01-12,Paris Orly,77.29,80.97,11.83150183,8.669651741,3.16185009,96.48,France,1,0,0,Winter,Medium,8.4,9.6,21.9,0
2026-03-21,Paris Charles de Gaulle,78.69,89.65,11.93814433,7.183362573,4.754781757,95.6,France,3,5,1,Spring,Large,9.8,0.0,13.2,0
2023-06-02,Nice,60.16,70.52,19.59756098,15.11772908,4.479831892,88.36,France,6,4,0,Summer,Medium,20.9,0.0,15.1,1
2026-04-19,Nice,71.11,72.61,14.32444444,14.27623188,0.04821256,87.45,France,4,6,1,Spring,Medium,17.8,0.0,10.0,0
2024-11-28,Paris Orly,74.89,85.78,15.74889868,7.733333333,8.015565345,94.21,France,11,3,0,Autumn,Medium,6.6,0.0,9.4,1
2024-05-29,Nice,63.68,75.22,16.20994021,11.81536232,4.39457789,89.96,France,5,2,0,Spring,Medium,19.4,0.0,10.8,1
2023-10-31,Nice,79.14,81.88,13.79856115,13.10301932,0.695541827,88.82,France,10,1,0,Autumn,Medium,16.2,0.0,27.7,0
2025-04-11,Paris Charles de Gaulle,66.15,78.45,15.49304482,12.01530461,3.477740216,96.61,France,4,4,0,Spring,Large,11.5,0.0,13.7,1
2022-07-18,Paris Orly,49.06,71.06,23.65625,18.6233119,5.032938103,97.31,France,7,0,0,Summer,Medium,28.2,0.0,10.4,1
2026-03-05,Paris Orly,89.0,91.99,9.356930126,6.018989547,3.337940579,96.71,France,3,3,0,Spring,Medium,11.3,0.0,9.2,0
2024-01-22,Nice,81.6,86.78,9.776,8.808126722,0.967873278,92.7,France,1,0,0,Winter,Medium,6.6,0.0,17.9,0
2025-12-27,Nice,62.32,72.52,19.95652174,11.71234097,8.244180772,84.43,France,12,5,1,Winter,Medium,9.3,0.0,20.4,1
2025-02-08,Paris Charles de Gaulle,72.83,83.59,15.67097967,9.75178117,5.919198497,97.49,France,2,5,1,Winter,Large,5.5,1.6,18.6,1
2025-01-03,Paris Orly,29.17,49.13,35.20138889,25.60155709,9.599831795,93.87,France,1,4,0,Winter,Medium,0.2,0.0,8.8,1
2023-03-01,Paris Orly,78.36,89.02,9.921641791,5.284027778,4.637614013,96.14,France,3,2,0,Spring,Medium,1.6,0.0,19.9,0
2025-12-07,Nice,77.42,84.31,10.58064516,8.352178649,2.228466512,87.91,France,12,6,1,Winter,Medium,10.0,0.0,10.7,0
2024-04-13,Nice,84.43,90.12,10.94510978,4.171608527,6.773501253,89.95,France,4,5,1,Spring,Medium,18.9,0.0,14.8,0
2024-03-22,Nice,86.47,85.08,7.135294118,9.361786372,-2.226492254,94.51,France,3,4,0,Spring,Medium,14.1,0.0,8.1,0
2024-09-21,Nice,69.19,78.5,15.16835017,12.98341667,2.184933502,92.27,France,9,5,1,Autumn,Medium,19.4,0.0,24.6,1
2026-05-21,Paris Charles de Gaulle,71.92,84.88,16.13892909,11.31499516,4.823933933,95.85,France,5,3,0,Spring,Large,16.6,0.0,7.2,1
2026-03-11,Paris Charles de Gaulle,79.77,86.64,12.51779935,7.783441911,4.734357442,94.29,France,3,2,0,Spring,Large,9.8,11.3,24.9,0
2022-08-03,Nice,60.61,73.68,18.27272727,12.08355263,6.189174641,89.14,France,8,2,0,Summer,Medium,29.0,0.0,13.4,1
2026-03-04,Paris Charles de Gaulle,79.9,85.74,12.90284757,8.774957555,4.127890016,93.08,France,3,2,0,Spring,Large,10.8,0.0,14.7,0
2023-12-24,Paris Charles de Gaulle,57.06,71.67,20.04708098,14.6764853,5.370595676,98.33,France,12,6,1,Winter,Large,9.9,0.2,27.1,1
2023-11-25,Nice,85.0,80.58,8.34,9.498867314,-1.158867314,93.52,France,11,5,1,Autumn,Medium,9.7,1.4,16.2,0
2022-12-24,Paris Charles de Gaulle,61.78,65.12,23.47520661,22.59334038,0.881866231,96.63,France,12,5,1,Winter,Large,10.2,1.9,17.8,1
2024-04-11,Nice,77.73,82.67,10.11374408,8.340740741,1.773003335,92.77,France,4,3,0,Spring,Medium,15.7,0.8,13.0,0
2024-04-23,Paris Orly,67.88,80.92,14.59768212,9.77308114,4.824600979,94.43,France,4,1,0,Spring,Medium,6.1,0.1,18.9,0
2022-05-13,Paris Charles de Gaulle,66.03,80.43,16.0158046,10.068534,5.947270595,97.7,France,5,4,0,Spring,Large,14.2,0.0,11.5,1
2025-07-22,Paris Charles de Gaulle,58.2,76.28,20.05049088,14.50577652,5.544714368,95.59,France,7,1,0,Summer,Large,18.4,2.1,21.1,1
2024-03-16,Paris Charles de Gaulle,76.07,83.94,13.76635514,9.550732951,4.215622189,97.3,France,3,5,1,Spring,Large,11.2,2.3,21.3,0
2026-03-11,Paris Orly,90.57,93.47,5.37295082,3.684897959,1.68805286,95.33,France,3,2,0,Spring,Medium,10.3,7.8,24.3,0
2022-07-16,Nice,32.58,54.23,39.20833333,23.61070513,15.59762821,80.91,France,7,5,1,Summer,Medium,26.7,0.0,19.9,1
2025-01-07,Paris Orly,82.55,82.27,8.301886792,7.9075,0.394386792,94.71,France,1,1,0,Winter,Medium,5.1,0.3,25.8,0
2024-12-25,Paris Charles de Gaulle,70.39,78.63,17.49186275,12.95885621,4.533006536,93.57,France,12,2,0,Winter,Large,8.9,0.2,8.2,1
2024-12-23,Paris Orly,57.29,64.34,19.85069444,18.29463869,1.55605575,93.4,France,12,0,0,Winter,Medium,5.9,0.3,23.5,1
2025-11-28,Paris Charles de Gaulle,47.26,70.45,25.90483871,15.62029221,10.2845465,93.1,France,11,4,0,Autumn,Large,8.3,7.8,15.9,1
2022-04-08,Paris Charles de Gaulle,39.75,57.14,30.96563823,21.36006631,9.605571929,97.73,France,4,4,0,Spring,Large,5.3,23.2,26.4,1
2025-03-21,Nice,64.63,65.0,18.81707317,16.23125,2.585823171,91.3,France,3,4,0,Spring,Medium,12.5,8.7,33.0,1
2026-02-19,Nice,73.24,77.86,17.70422535,13.88119048,3.823034876,84.12,France,2,3,0,Winter,Medium,11.6,14.7,27.1,1
2025-12-19,Nice,69.15,73.08,14.52659574,12.38956044,2.137035305,88.64,France,12,4,0,Winter,Medium,11.1,4.7,12.8,0
2022-03-10,Nice,80.49,84.38,8.853658537,8.951041667,-0.09738313,88.59,France,3,3,0,Spring,Medium,9.4,0.0,14.1,0
2023-07-23,Nice,47.96,65.12,26.83968254,19.39163701,7.448045529,86.24,France,7,6,1,Summer,Medium,26.6,0.0,13.5,1
2026-05-18,Nice,65.72,82.77,16.49116608,10.35411985,6.137046228,88.96,France,5,0,0,Spring,Medium,16.0,2.9,9.7,1
2022-04-07,Nice,62.11,72.33,17.77018634,11.66100629,6.109180046,90.22,France,4,3,0,Spring,Medium,14.2,0.0,27.7,1
2023-05-11,Paris Orly,62.97,74.92,14.83860759,12.08095238,2.757655214,98.14,France,5,3,0,Spring,Medium,11.8,4.8,15.1,0
2022-05-20,Nice,47.39,51.87,27.79620853,23.68239875,4.113809777,83.88,France,5,4,0,Spring,Medium,21.5,0.0,10.7,1
2025-01-21,Nice,78.22,80.58,12.6039604,11.60161812,1.002342273,83.87,France,1,1,0,Winter,Medium,9.0,0.0,9.9,0
2024-12-31,Nice,85.71,86.54,7.732142857,6.288461538,1.443681319,96.55,France,12,1,0,Winter,Medium,8.6,0.0,7.5,0
2023-07-20,Paris Charles de Gaulle,51.46,73.31,23.40524781,14.2209433,9.184304509,96.23,France,7,3,0,Summer,Large,19.3,0.0,14.1,1
2023-01-12,Paris Orly,84.12,88.36,7.626609442,6.709051724,0.917557718,96.68,France,1,3,0,Winter,Medium,10.7,0.7,31.2,0
2026-04-14,Nice,86.03,87.64,8.100558659,5.657958801,2.442599858,85.51,France,4,1,0,Spring,Medium,16.0,0.0,13.2,0
2022-07-11,Paris Orly,44.69,61.17,27.14469453,20.83705502,6.307639518,96.64,France,7,0,0,Summer,Medium,22.8,0.0,15.1,1
2026-02-28,Nice,85.5,82.31,7.534351145,8.433846154,-0.899495009,81.66,France,2,5,1,Winter,Medium,11.5,0.0,6.3,0
2023-04-09,Nice,78.39,88.78,10.70854271,5.207312925,5.501229788,92.63,France,4,6,1,Spring,Medium,13.2,0.0,19.8,0
2023-08-13,Paris Charles de Gaulle,59.53,74.72,19.74421875,14.81923688,4.924981866,96.25,France,8,6,1,Summer,Large,18.9,0.2,17.4,1
2025-01-08,Nice,84.11,87.85,8.504672897,6.642523364,1.862149533,90.0,France,1,2,0,Winter,Medium,10.8,0.2,18.6,0
2022-11-07,Paris Charles de Gaulle,76.19,82.57,12.89065256,9.537986464,3.352666094,97.44,France,11,0,0,Autumn,Large,12.6,0.3,28.9,0
2023-08-18,Nice,53.17,68.13,26.10873016,18.17616202,7.93256814,87.78,France,8,4,0,Summer,Medium,26.2,0.0,8.9,1
2023-09-18,Nice,36.23,50.78,40.3263285,28.33100775,11.99532075,88.25,France,9,0,0,Autumn,Medium,22.8,10.2,16.5,1
2023-03-27,Nice,40.99,56.1,31.45341615,23.47428862,7.979127531,81.95,France,3,0,0,Spring,Medium,15.8,0.0,21.7,1
2023-06-07,Paris Orly,61.18,72.33,21.57236842,15.54311111,6.02925731,96.53,France,6,2,0,Summer,Medium,21.2,0.0,17.7,1
2022-06-09,Paris Orly,67.66,81.13,14.67656766,11.37577263,3.30079503,98.38,France,6,3,0,Summer,Medium,16.0,0.1,19.7,0
2025-03-19,Nice,81.68,89.71,7.93129771,7.111029412,0.820268298,92.31,France,3,2,0,Spring,Medium,8.1,0.0,19.0,0
2024-04-18,Nice,60.71,69.85,23.85204082,19.47998325,4.372057567,90.13,France,4,3,0,Spring,Medium,11.1,6.7,16.4,1
2022-10-24,Paris Charles de Gaulle,59.38,72.38,18.45476974,14.69148641,3.763283325,97.34,France,10,0,0,Autumn,Large,16.0,4.8,30.1,1
2022-07-08,Paris Orly,39.59,69.5,33.80938416,17.23465298,16.57473118,97.99,France,7,4,0,Summer,Medium,18.6,0.0,15.5,1
2022-08-01,Paris Charles de Gaulle,45.09,72.32,25.88957055,17.01284404,8.876726515,97.76,France,8,0,0,Summer,Large,21.4,0.8,11.6,1
2022-05-31,Nice,50.66,69.29,23.68791849,17.454426,6.233492483,85.81,France,5,1,0,Spring,Medium,20.5,0.0,11.9,1
2022-10-16,Paris Charles de Gaulle,64.32,72.12,17.69068541,15.47619904,2.214486372,97.3,France,10,6,1,Autumn,Large,15.9,1.7,15.6,1
2024-03-21,Nice,81.21,88.82,10.67785235,8.266008772,2.411843577,94.44,France,3,3,0,Spring,Medium,13.1,0.0,17.9,0
2024-07-09,Paris Charles de Gaulle,40.76,66.62,31.90973202,19.40933522,12.5003968,94.58,France,7,1,0,Summer,Large,20.7,1.5,13.0,1
2022-12-16,Paris Charles de Gaulle,32.65,49.5,38.16151203,31.84527405,6.316237978,96.25,France,12,4,0,Winter,Large,-2.2,0.0,14.6,1
2022-08-14,Paris Charles de Gaulle,45.3,64.4,27.69966443,20.57526973,7.124394696,97.74,France,8,6,1,Summer,Large,21.2,7.8,21.1,1
2023-04-03,Nice,44.63,60.23,30.88135593,24.33920455,6.542151387,90.29,France,4,0,0,Spring,Medium,15.6,0.1,18.2,1
2023-08-11,Paris Orly,58.1,74.92,20.52726809,13.56787513,6.959392968,95.11,France,8,4,0,Summer,Medium,21.5,3.6,14.6,1
2023-09-23,Paris Orly,73.17,81.25,13.02787456,10.84340278,2.184471787,95.7,France,9,5,1,Autumn,Medium,13.2,0.4,12.3,0
2025-11-25,Paris Charles de Gaulle,71.86,82.26,12.46063652,11.76487009,0.695766422,95.24,France,11,1,0,Autumn,Large,5.2,2.4,24.3,0
2022-03-08,Paris Orly,78.6,89.57,10.6768559,6.347608696,4.3292472,97.05,France,3,1,0,Spring,Medium,4.5,0.0,16.2,0
2026-01-19,Nice,73.05,78.95,16.4822695,13.70313283,2.779136671,86.06,France,1,0,0,Winter,Medium,11.5,0.0,17.5,1
2022-08-28,Nice,42.11,66.14,29.96466165,16.65813648,13.30652517,88.5,France,8,6,1,Summer,Medium,24.7,0.0,13.8,1
2025-07-27,Paris Orly,57.51,67.64,20.51156069,14.87458698,5.636973716,95.59,France,7,6,1,Summer,Medium,18.3,20.9,14.2,1
2024-09-20,Paris Orly,49.55,55.82,22.77177177,21.17547264,1.596299135,94.35,France,9,4,0,Autumn,Medium,16.3,9.7,16.3,1
2022-11-25,Paris Orly,81.0,83.33,10.35483871,8.503309693,1.851529017,95.59,France,11,4,0,Autumn,Medium,8.9,1.5,22.5,0
2024-04-17,Paris Orly,66.67,75.73,18.01282051,12.27270766,5.740112854,93.24,France,4,2,0,Spring,Medium,7.3,1.7,21.8,1
2025-09-05,Paris Charles de Gaulle,63.0,75.6,19.41116006,13.20141844,6.209741619,97.45,France,9,4,0,Autumn,Large,15.8,0.9,12.8,1
2022-07-05,Paris Charles de Gaulle,42.97,68.67,28.610623,18.18982684,10.42079616,95.65,France,7,1,0,Summer,Large,17.7,0.0,19.2,1
2022-10-21,Paris Orly,43.95,55.48,31.61242038,24.91650538,6.695915006,93.0,France,10,4,0,Autumn,Medium,16.5,6.9,21.5,1
2023-01-19,Paris Orly,23.17,33.54,70.32560976,46.88670886,23.4389009,76.74,France,1,3,0,Winter,Medium,0.2,2.5,14.5,1
2024-10-15,Nice,76.92,81.07,11.48901099,8.78234714,2.706663849,94.36,France,10,1,0,Autumn,Medium,19.2,0.0,16.7,0
2022-06-28,Paris Charles de Gaulle,39.97,65.87,32.7184466,19.20320513,13.51524147,96.16,France,6,1,0,Summer,Large,17.9,0.0,10.9,1
2026-03-09,Paris Orly,83.61,87.84,7.882943144,5.737218468,2.145724675,95.57,France,3,0,0,Spring,Medium,11.4,0.2,9.9,0
2023-06-23,Paris Charles de Gaulle,30.46,60.18,42.50505128,24.23823529,18.26681599,92.85,France,6,4,0,Summer,Large,19.4,0.2,16.2,1
2024-07-14,Paris Orly,50.63,54.49,27.90566038,26.42874097,1.476919407,94.94,France,7,6,1,Summer,Medium,18.2,0.0,8.9,1
2022-09-23,Paris Charles de Gaulle,51.71,69.7,22.98205546,16.5333595,6.448695967,97.81,France,9,4,0,Autumn,Large,13.3,0.0,10.0,1
2024-03-11,Nice,76.21,77.66,12.12621359,10.46463621,1.661577382,95.45,France,3,0,0,Spring,Medium,9.1,5.8,11.0,0
2024-02-27,Paris Orly,79.66,84.58,10.72930791,7.633194444,3.096113465,96.79,France,2,1,0,Winter,Medium,6.2,0.2,27.2,0
2023-10-27,Paris Orly,64.5,75.44,19.47337278,14.78816568,4.685207101,95.82,France,10,4,0,Autumn,Medium,12.1,6.7,26.0,1
2022-01-07,Paris Charles de Gaulle,66.81,79.86,14.32361718,10.74057315,3.583044024,95.27,France,1,4,0,Winter,Large,4.5,5.2,27.6,0
2024-06-16,Paris Charles de Gaulle,51.1,72.96,23.78770132,14.69274924,9.094952073,97.17,France,6,6,1,Summer,Large,14.9,2.9,29.9,1
2026-02-22,Nice,75.0,84.35,11.23717949,7.055555556,4.181623932,85.33,France,2,6,1,Winter,Medium,10.9,0.0,8.9,0
2023-04-29,Paris Orly,47.37,67.83,26.52,19.96008159,6.559918415,94.43,France,4,5,1,Spring,Medium,12.2,0.1,14.5,1
2022-01-12,Paris Orly,84.0,86.75,11.07666667,7.978587196,3.09807947,92.68,France,1,2,0,Winter,Medium,0.1,0.0,10.5,0
2024-12-08,Paris Charles de Gaulle,62.69,76.73,17.24006908,10.34807578,6.8919933,95.75,France,12,6,1,Winter,Large,6.8,3.8,26.6,1
2022-04-10,Nice,59.56,75.96,20.57076503,15.88114754,4.689617486,93.03,France,4,6,1,Spring,Medium,12.1,0.0,18.1,1
2023-08-01,Paris Orly,34.85,58.68,39.87296417,26.36019979,13.51276438,94.28,France,8,1,0,Summer,Medium,18.6,4.0,29.5,1
2026-05-12,Paris Charles de Gaulle,77.89,85.84,12.9037594,8.307990868,4.595768531,95.86,France,5,1,0,Spring,Large,9.2,0.2,13.2,0
2026-03-10,Paris Orly,87.39,89.71,7.411764706,4.427983539,2.983781167,95.26,France,3,1,0,Spring,Medium,11.6,2.2,13.0,0
2022-07-11,Nice,43.37,54.05,38.46987952,25.97271557,12.49716395,83.08,France,7,0,0,Summer,Medium,25.8,0.0,11.6,1
2024-02-16,Paris Orly,69.83,87.07,14.41016949,7.172222222,7.237947269,92.38,France,2,4,0,Winter,Medium,12.0,1.7,21.4,0
2022-09-14,Paris Charles de Gaulle,47.85,64.47,25.74562798,17.59480171,8.150826266,97.4,France,9,2,0,Autumn,Large,20.2,17.2,17.1,1
2024-08-27,Paris Charles de Gaulle,65.29,76.13,16.9501607,13.01673488,3.933425818,96.85,France,8,1,0,Summer,Large,18.6,0.0,9.1,1
2022-05-28,Paris Charles de Gaulle,55.43,67.43,20.28333333,15.68991228,4.593421053,95.18,France,5,5,1,Spring,Large,13.9,0.0,21.1,1
2023-06-23,Paris Orly,35.94,56.3,34.48115942,25.63465298,8.846506439,93.78,France,6,4,0,Summer,Medium,20.3,0.0,11.3,1
2023-08-05,Paris Charles de Gaulle,39.29,60.32,34.27329193,23.22642857,11.04686335,95.58,France,8,5,1,Summer,Large,15.3,2.2,31.1,1
2023-08-14,Paris Orly,47.47,65.61,26.93164557,17.00562633,9.926019243,93.82,France,8,0,0,Summer,Medium,20.4,7.1,18.6,1
2026-01-25,Paris Orly,81.25,79.35,11.91176471,12.16527778,-0.253513072,95.45,France,1,6,1,Winter,Medium,5.1,1.5,16.7,0
2024-12-09,Nice,77.3,81.71,11.94478528,10.18678862,1.757996658,91.62,France,12,0,0,Winter,Medium,8.8,0.1,7.4,0
2025-05-20,Paris Charles de Gaulle,66.72,81.35,15.71893491,10.73127753,4.987657378,95.42,France,5,1,0,Spring,Large,17.3,0.0,17.0,1
2022-07-13,Paris Orly,58.33,78.01,23.27083333,13.43499427,9.835839061,89.46,France,7,2,0,Summer,Medium,27.1,0.0,22.0,1
2024-08-19,Paris Charles de Gaulle,58.32,72.79,21.48262265,14.94721455,6.535408101,95.83,France,8,0,0,Summer,Large,16.6,0.0,8.0,1
2025-12-08,Nice,77.58,84.24,13.81818182,10.0,3.818181818,88.08,France,12,0,0,Winter,Medium,10.1,0.0,10.1,0
2025-06-24,Nice,66.94,77.24,18.00816327,15.26280488,2.745358387,89.68,France,6,1,0,Summer,Medium,25.4,0.0,10.1,1
2026-05-12,Nice,74.37,83.73,12.79899497,8.935167464,3.863827511,88.09,France,5,1,0,Spring,Medium,21.0,0.0,19.1,0
2025-08-06,Paris Orly,59.64,76.12,17.98813056,11.74497512,6.243155439,96.57,France,8,2,0,Summer,Medium,18.6,0.0,7.4,1
2022-09-12,Paris Orly,68.21,79.14,15.5781893,10.70005112,4.878138176,97.04,France,9,0,0,Autumn,Medium,19.3,0.0,11.3,1
2024-08-21,Paris Orly,69.72,75.55,14.87697161,12.85480669,2.022164921,94.41,France,8,2,0,Summer,Medium,16.3,0.0,14.7,0
2023-08-29,Paris Orly,73.65,73.18,15.23952096,14.66472303,0.574797926,94.96,France,8,1,0,Summer,Medium,16.0,0.8,11.7,1
2025-04-20,Paris Orly,71.51,86.3,12.54375,7.306559767,5.237190233,96.1,France,4,6,1,Spring,Medium,12.9,6.2,17.7,0
2023-05-25,Paris Orly,61.74,67.75,17.19292605,15.46802389,1.724902158,96.28,France,5,3,0,Spring,Medium,15.0,0.0,24.1,1
2024-05-10,Paris Charles de Gaulle,72.28,81.71,16.00629921,11.82799797,4.178301245,97.4,France,5,4,0,Spring,Large,16.0,0.0,15.8,1
2023-04-11,Paris Orly,66.67,72.57,17.79928315,13.91521991,3.884063247,98.6,France,4,1,0,Spring,Medium,10.2,5.9,22.0,1
2022-06-16,Nice,60.7,71.14,23.07462687,14.72106136,8.353565506,84.85,France,6,3,0,Summer,Medium,24.7,0.0,9.7,1
2024-01-30,Paris Charles de Gaulle,72.65,84.36,16.47222222,10.1051797,6.367042518,94.76,France,1,1,0,Winter,Large,9.1,0.1,15.1,1
2026-01-07,Paris Charles de Gaulle,18.56,32.93,92.33932136,74.41743641,17.92188494,80.54,France,1,2,0,Winter,Large,-0.8,3.0,22.1,1
2025-10-06,Nice,56.69,69.01,21.94488189,15.96763085,5.977251036,86.49,France,10,0,0,Autumn,Medium,17.5,0.0,17.5,1
2026-04-27,Paris Orly,79.53,87.72,10.70623145,5.581387226,5.124844228,96.87,France,4,0,0,Spring,Medium,16.4,0.0,12.8,0
2023-02-27,Nice,63.86,77.33,16.48985944,12.60211111,3.887748327,87.24,France,2,0,0,Winter,Medium,8.7,2.1,22.3,1
2022-04-06,Nice,79.05,82.61,8.244369369,8.085817805,0.158551564,86.96,France,4,2,0,Spring,Medium,10.9,0.0,11.6,0
2026-04-04,Paris Charles de Gaulle,72.24,82.6,12.53733766,9.176666667,3.360670996,95.88,France,4,5,1,Spring,Large,13.6,0.5,19.4,0
2025-03-27,Nice,75.15,75.57,15.24242424,12.78986742,2.452556818,91.85,France,3,3,0,Spring,Medium,13.8,0.0,17.4,1
2025-05-13,Paris Charles de Gaulle,56.12,77.85,21.92985075,12.05781487,9.872035875,93.91,France,5,1,0,Spring,Large,15.0,0.2,7.1,1
2023-12-05,Paris Charles de Gaulle,61.97,78.57,18.81494058,12.94092971,5.874010872,96.6,France,12,1,0,Winter,Large,6.7,9.3,30.3,1
2024-04-02,Paris Orly,80.54,85.77,10.39299611,7.918269231,2.474726878,91.7,France,4,1,0,Spring,Medium,10.4,0.5,32.8,0
2022-03-22,Nice,81.13,84.55,10.28301887,8.902878788,1.38014008,94.96,France,3,1,0,Spring,Medium,10.0,0.0,24.0,0
2024-03-14,Nice,81.15,92.11,7.628272251,4.638596491,2.98967576,89.91,France,3,3,0,Spring,Medium,10.7,0.0,8.0,0
2022-01-25,Paris Charles de Gaulle,62.22,87.39,18.02556818,7.912698413,10.11286977,94.21,France,1,1,0,Winter,Large,-0.6,0.0,9.8,1
2025-05-19,Paris Orly,47.32,55.96,27.06040268,22.63907285,4.421329837,87.43,France,5,0,0,Spring,Medium,16.5,0.0,13.0,1
2024-12-01,Paris Charles de Gaulle,50.43,73.04,22.09982788,13.99642857,8.103399312,96.54,France,12,6,1,Winter,Large,4.9,0.0,15.9,1
2026-05-03,Nice,68.03,75.3,18.40892193,14.75305445,3.655867484,86.83,France,5,6,1,Spring,Medium,16.7,0.0,9.0,1
2025-04-07,Nice,76.07,85.05,11.26068376,7.802725857,3.457957904,91.92,France,4,0,0,Spring,Medium,13.7,0.2,15.3,0
2026-01-14,Paris Charles de Gaulle,68.75,78.69,17.2,12.35600947,4.843990527,95.42,France,1,2,0,Winter,Large,9.0,1.3,14.1,1
2025-12-02,Paris Charles de Gaulle,73.56,83.39,12.88998358,8.069139785,4.820843795,95.33,France,12,1,0,Winter,Large,7.6,0.7,19.5,0
2022-06-02,Nice,54.24,69.75,21.12704802,15.85287115,5.274176874,86.3,France,6,3,0,Summer,Medium,21.9,0.0,11.5,1
2026-04-18,Paris Orly,82.68,86.36,8.532679739,6.571969697,1.960710042,96.26,France,4,5,1,Spring,Medium,15.4,0.5,17.2,0
2024-02-20,Paris Charles de Gaulle,71.05,85.28,13.90941385,8.260283688,5.649130166,93.74,France,2,1,0,Winter,Large,7.6,0.1,15.8,0
2025-08-08,Paris Orly,65.5,82.56,18.1374269,10.04084302,8.096583877,95.3,France,8,4,0,Summer,Medium,23.1,0.0,12.8,1
2024-06-29,Paris Charles de Gaulle,30.61,56.8,47.34115919,30.08980583,17.25135336,94.35,France,6,5,1,Summer,Large,16.9,24.4,19.0,1
2025-08-03,Paris Orly,58.91,73.78,20.88505747,14.99558117,5.889476299,95.88,France,8,6,1,Summer,Medium,19.1,0.0,14.1,1
2025-08-06,Paris Charles de Gaulle,55.41,74.51,21.09563994,14.00908451,7.086555437,94.49,France,8,2,0,Summer,Large,16.6,0.0,9.3,1
2025-08-14,Nice,43.37,61.18,29.47389558,18.67921569,10.7946799,87.2,France,8,3,0,Summer,Medium,30.0,0.0,14.4,1
2024-11-10,Nice,82.35,86.09,9.405228758,5.958609272,3.446619487,91.76,France,11,6,1,Autumn,Medium,14.7,0.0,9.5,0
2022-01-22,Paris Charles de Gaulle,77.12,89.23,11.59435028,6.761464088,4.832886194,96.75,France,1,5,1,Winter,Large,3.6,0.0,8.2,0
2023-08-08,Paris Orly,54.28,70.38,24.64802632,15.79856688,8.849459437,94.72,France,8,1,0,Summer,Medium,18.4,0.7,16.6,1
2024-12-20,Paris Charles de Gaulle,50.76,70.61,22.94969512,14.62570707,8.323988051,95.33,France,12,4,0,Winter,Large,4.2,0.4,15.7,1
2024-07-26,Nice,41.14,62.07,27.75211817,19.13465517,8.617462999,84.28,France,7,4,0,Summer,Medium,27.3,0.0,10.4,1
2025-12-10,Paris Orly,82.23,92.89,9.599173554,4.950069735,4.649103819,94.57,France,12,2,0,Winter,Medium,11.6,1.2,14.4,0
2022-10-12,Paris Orly,67.61,79.43,14.18661972,9.169799054,5.016820664,94.39,France,10,2,0,Autumn,Medium,12.1,0.0,8.3,0
2025-11-08,Nice,85.95,93.39,6.94214876,3.717630854,3.224517906,86.11,France,11,5,1,Autumn,Medium,13.5,0.0,11.9,0
2022-02-01,Nice,89.74,92.5,5.820512821,3.708125,2.112387821,89.13,France,2,1,0,Winter,Medium,7.6,0.0,19.7,0
2026-03-31,Paris Charles de Gaulle,71.19,83.74,13.66920732,10.21533742,3.453869894,81.91,France,3,1,0,Spring,Large,7.8,0.2,13.7,0
2024-03-09,Nice,72.93,72.73,14.80451128,13.25239899,1.552112288,93.01,France,3,5,1,Spring,Medium,9.4,22.9,19.5,0
2023-05-01,Paris Charles de Gaulle,47.67,57.81,28.16850775,25.30761719,2.860890564,76.01,France,5,0,0,Spring,Large,11.6,4.8,18.7,1
2025-02-18,Nice,89.43,89.92,6.146341463,5.097759104,1.04858236,90.0,France,2,1,0,Winter,Medium,9.3,0.0,7.1,0
2022-05-01,Paris Charles de Gaulle,62.93,75.37,16.2875226,12.13526119,4.15226141,97.22,France,5,6,1,Spring,Large,10.4,0.0,15.5,1
2024-09-26,Nice,50.98,55.19,24.42398693,25.49561728,-1.071630356,82.76,France,9,3,0,Autumn,Medium,19.3,9.5,20.4,1
2022-11-06,Nice,62.5,71.17,18.07386364,17.03895706,1.034906581,89.0,France,11,6,1,Autumn,Medium,14.5,0.0,15.3,1
2023-12-10,Paris Charles de Gaulle,53.77,67.87,23.41708543,17.51623711,5.900848314,98.21,France,12,6,1,Winter,Large,9.7,4.9,34.0,1
2026-03-19,Nice,79.14,87.29,10.73006135,6.985911602,3.744149747,88.42,France,3,3,0,Spring,Medium,11.5,0.0,17.2,0
2025-10-17,Paris Orly,67.62,79.66,16.84527221,10.43498117,6.410291039,95.63,France,10,4,0,Autumn,Medium,12.3,0.2,14.2,1
2023-06-12,Nice,44.62,54.0,33.16153846,27.31486667,5.846671795,86.21,France,6,0,0,Summer,Medium,22.4,4.8,10.5,1
2024-07-23,Paris Orly,53.33,72.53,21.23174603,14.45514403,6.776601999,94.44,France,7,1,0,Summer,Medium,20.3,3.8,23.2,1
2022-04-29,Paris Charles de Gaulle,58.54,77.76,17.50522648,11.32337295,6.181853532,97.98,France,4,4,0,Spring,Large,13.4,1.0,18.8,1
2024-09-17,Paris Charles de Gaulle,65.95,79.39,15.8460077,10.20710855,5.638899147,95.77,France,9,1,0,Autumn,Large,15.4,0.0,25.7,1
2022-10-06,Paris Orly,75.25,81.31,11.51815182,9.166994536,2.35115728,95.03,France,10,3,0,Autumn,Medium,13.9,0.0,16.2,0
2023-01-14,Nice,84.71,85.06,9.164705882,7.018773946,2.145931936,94.62,France,1,5,1,Winter,Medium,9.2,0.0,10.7,0
2023-05-11,Nice,60.7,74.27,17.32835821,11.21221683,6.11614138,89.52,France,5,3,0,Spring,Medium,17.0,0.6,16.8,1
2022-04-05,Paris Charles de Gaulle,59.06,74.24,19.71174541,13.13368321,6.578062201,95.74,France,4,1,0,Spring,Large,9.5,1.3,21.0,1
2022-07-04,Nice,45.31,59.68,37.25377604,23.65127688,13.60249916,84.92,France,7,0,0,Summer,Medium,25.6,0.0,13.5,1
2022-07-25,Nice,49.62,62.6,29.43200758,19.50547074,9.926536838,88.89,France,7,0,0,Summer,Medium,27.8,0.0,12.4,1
2023-02-15,Nice,78.42,82.95,15.54676259,10.06821705,5.478545536,92.21,France,2,2,0,Winter,Medium,9.2,0.0,10.0,1
2023-09-03,Paris Charles de Gaulle,58.46,73.3,22.03179487,15.07199074,6.959804131,95.47,France,9,6,1,Autumn,Large,22.6,0.0,16.3,1
2024-06-28,Paris Charles de Gaulle,36.94,62.36,34.62770563,20.71432292,13.91338271,95.36,France,6,4,0,Summer,Large,17.5,0.0,14.1,1
2026-03-27,Paris Charles de Gaulle,68.7,81.48,17.1799687,9.943694401,7.2362743,95.55,France,3,4,0,Spring,Large,4.9,0.0,12.3,1
2022-08-20,Paris Orly,69.44,73.29,14.16319444,12.20593607,1.957258371,98.31,France,8,5,1,Summer,Medium,18.9,0.0,14.3,0
2022-01-03,Paris Charles de Gaulle,66.26,76.62,14.88604252,13.2154224,1.670620127,97.43,France,1,0,0,Winter,Large,10.5,7.0,31.1,0
2022-11-02,Nice,79.72,84.62,10.48951049,6.627692308,3.861818182,91.07,France,11,2,0,Autumn,Medium,16.6,0.0,10.7,0
2022-02-12,Paris Orly,69.19,85.16,14.12432432,10.90247253,3.221851797,96.95,France,2,5,1,Winter,Medium,2.0,0.0,13.9,0
2025-09-24,Paris Charles de Gaulle,56.01,74.39,21.95945946,13.15739899,8.80206047,94.27,France,9,2,0,Autumn,Large,10.3,12.0,19.7,1
2022-06-18,Nice,48.8,65.22,25.56937799,19.36457327,6.204804722,85.99,France,6,5,1,Summer,Medium,28.1,0.0,13.0,1
2022-12-04,Paris Orly,73.0,80.3,11.88593156,10.31527778,1.570653781,96.35,France,12,6,1,Winter,Medium,2.7,0.8,13.6,0
2023-12-25,Paris Charles de Gaulle,74.23,85.25,13.50103093,10.29124579,3.209785137,98.58,France,12,0,0,Winter,Large,10.7,0.5,25.0,0
2025-11-18,Nice,86.55,90.98,5.823529412,6.40942623,-0.585896818,85.82,France,11,1,0,Autumn,Medium,12.6,0.0,17.2,0
2022-04-04,Paris Orly,77.34,83.86,10.015625,7.826902887,2.188722113,89.24,France,4,0,0,Spring,Medium,4.4,0.1,21.1,0
2024-04-23,Nice,74.27,85.31,13.67563353,7.795103578,5.88052995,92.06,France,4,1,0,Spring,Medium,9.1,1.7,13.2,0
2023-11-11,Paris Orly,77.41,82.85,11.32635983,8.126778243,3.19958159,95.24,France,11,5,1,Autumn,Medium,7.4,0.5,16.2,0
2024-08-04,Paris Charles de Gaulle,57.66,75.26,22.87861272,16.84749632,6.031116399,97.75,France,8,6,1,Summer,Large,19.5,0.0,14.8,1
2026-05-22,Paris Charles de Gaulle,63.27,83.94,17.2244898,8.377464789,8.847025007,98.01,France,5,4,0,Spring,Large,19.4,0.0,7.8,1
2023-05-31,Paris Charles de Gaulle,61.34,73.72,17.66057839,12.95200927,4.708569113,96.37,France,5,2,0,Spring,Large,18.2,0.0,21.4,1
2023-09-05,Paris Orly,73.02,76.25,12.66031746,11.00197917,1.658338294,94.93,France,9,1,0,Autumn,Medium,24.6,0.0,12.2,0
2022-07-31,Nice,40.85,68.86,28.03267974,14.79152249,13.24115725,87.4,France,7,6,1,Summer,Medium,27.7,0.0,14.3,1
2025-12-11,Paris Charles de Gaulle,40.52,64.89,30.05007587,20.05791349,9.992162387,97.51,France,12,3,0,Winter,Large,7.3,0.0,12.5,1
2022-03-26,Nice,75.96,83.49,13.26923077,7.469877676,5.799353093,73.86,France,3,5,1,Spring,Medium,13.8,0.0,29.8,0
2024-08-27,Nice,56.9,71.9,19.68534483,13.93829201,5.747052817,88.48,France,8,1,0,Summer,Medium,27.1,0.0,15.8,1
2022-09-26,Paris Orly,68.35,74.37,14.86708861,15.82172996,-0.95464135,96.96,France,9,0,0,Autumn,Medium,12.4,10.3,30.2,0
2023-11-11,Nice,87.62,91.18,7.819047619,5.779084967,2.039962652,92.98,France,11,5,1,Autumn,Medium,12.5,0.0,19.9,0
2024-11-20,Paris Charles de Gaulle,53.7,76.33,19.99471831,13.32188612,6.672832189,94.57,France,11,2,0,Autumn,Large,3.6,1.6,22.7,1
2022-08-25,Paris Charles de Gaulle,62.2,72.49,18.51204819,13.8878926,4.624155589,97.55,France,8,3,0,Summer,Large,24.0,0.0,22.9,1
2025-06-23,Paris Charles de Gaulle,54.36,71.96,23.37482711,16.70458103,6.670246078,94.19,France,6,0,0,Summer,Large,19.7,0.1,23.6,1
2024-11-16,Paris Orly,77.1,91.43,9.532398754,4.318253968,5.214144786,94.3,France,11,5,1,Autumn,Medium,6.8,0.0,8.0,0
2023-07-20,Nice,51.49,65.91,24.2238806,16.2594697,7.9644109,84.29,France,7,3,0,Summer,Medium,27.1,0.0,10.5,1
2024-09-28,Paris Orly,68.46,77.01,16.3297491,11.53096107,4.798788033,96.89,France,9,5,1,Autumn,Medium,10.9,1.3,17.9,1
2025-11-28,Nice,87.66,84.81,7.103896104,7.230274262,-0.126378158,89.53,France,11,4,0,Autumn,Medium,8.4,0.0,16.2,0
2022-05-05,Paris Charles de Gaulle,64.12,78.98,18.15646259,11.98762712,6.168835466,98.18,France,5,3,0,Spring,Large,13.0,0.0,14.6,1
2022-05-30,Paris Orly,64.59,68.87,15.97377049,14.5793501,1.394420387,97.5,France,5,0,0,Spring,Medium,12.9,0.0,12.6,1
2023-11-12,Nice,87.65,91.82,7.024691358,5.256603774,1.768087584,90.61,France,11,6,1,Autumn,Medium,13.3,1.2,23.4,0
2024-04-09,Nice,67.21,74.85,18.14754098,13.83274854,4.314792446,89.0,France,4,1,0,Spring,Medium,14.7,10.5,16.9,1
2024-08-02,Nice,27.27,53.85,44.05944056,23.66480186,20.39463869,86.0,France,8,4,0,Summer,Medium,26.6,0.0,7.7,1
2025-03-25,Paris Orly,86.36,92.27,8.65,5.427575758,3.222424242,95.24,France,3,1,0,Spring,Medium,10.4,0.3,11.3,0
2026-02-12,Nice,65.0,69.54,24.07142857,20.1700883,3.901340271,79.89,France,2,3,0,Winter,Medium,13.0,1.1,27.9,1
2023-08-17,Paris Charles de Gaulle,53.99,70.04,21.59714004,15.96818182,5.628958221,95.26,France,8,3,0,Summer,Large,21.4,0.7,14.8,1
2024-08-16,Paris Orly,59.23,70.88,21.49702381,16.44656863,5.050455182,95.29,France,8,4,0,Summer,Medium,21.2,0.1,17.9,1
2022-12-13,Paris Charles de Gaulle,45.13,54.19,30.3359587,23.33416518,7.001793521,97.76,France,12,1,0,Winter,Large,-1.9,0.0,16.6,1
2024-09-04,Nice,55.36,59.92,21.19196429,20.37475387,0.817210418,89.92,France,9,2,0,Autumn,Medium,23.9,10.7,23.4,1
2025-04-10,Paris Charles de Gaulle,58.66,77.2,21.24170243,12.11688312,9.124819315,93.84,France,4,3,0,Spring,Large,9.1,0.0,15.5,1
2022-06-30,Nice,38.91,54.2,36.3479638,25.34411765,11.00384615,85.82,France,6,3,0,Summer,Medium,22.9,0.1,10.4,1
2024-12-03,Paris Orly,82.59,91.71,8.497512438,6.63601626,1.861496178,95.26,France,12,1,0,Winter,Medium,5.7,0.5,11.4,0
2023-03-09,Nice,46.55,51.15,27.55172414,22.90076336,4.650960779,78.06,France,3,3,0,Spring,Medium,16.0,0.5,25.2,1
2022-10-17,Nice,73.98,83.24,11.06632653,7.248468468,3.817858062,90.5,France,10,0,0,Autumn,Medium,19.4,0.0,14.2,0
2024-06-19,Paris Orly,51.65,72.92,21.66966967,12.35039683,9.319272844,96.0,France,6,2,0,Summer,Medium,17.7,2.6,23.5,1
2024-06-05,Paris Orly,60.83,77.88,18.88895966,10.84145299,8.047506669,96.02,France,6,2,0,Summer,Medium,16.0,0.6,17.8,1
2025-10-24,Nice,39.32,52.1,29.01282051,24.50609244,4.506728076,85.46,France,10,4,0,Autumn,Medium,16.2,0.0,21.3,1
2023-06-20,Nice,52.21,56.6,28.76054572,21.19355346,7.566992264,85.11,France,6,1,0,Summer,Medium,24.6,0.0,26.0,1
2022-11-05,Paris Orly,64.26,70.92,18.04417671,13.96155378,4.082622922,91.64,France,11,5,1,Autumn,Medium,8.1,0.1,17.0,1
2022-07-08,Nice,40.81,51.24,38.80422794,31.46060071,7.343627234,82.21,France,7,4,0,Summer,Medium,27.7,0.0,22.9,1
2022-07-10,Paris Orly,57.96,69.84,19.31847134,15.37597884,3.942492502,94.63,France,7,6,1,Summer,Medium,20.1,0.0,20.2,1
2025-10-13,Paris Charles de Gaulle,54.16,71.45,19.74744526,12.87661836,6.870826898,95.17,France,10,0,0,Autumn,Large,12.8,0.1,17.3,1
2022-10-07,Nice,55.84,68.16,23.23350254,14.84286899,8.39063355,91.96,France,10,4,0,Autumn,Medium,19.7,0.0,9.4,1
2023-01-02,Nice,58.79,69.75,19.92727273,12.22006173,7.707210999,93.41,France,1,0,0,Winter,Medium,11.7,0.0,9.4,1
2023-03-29,Paris Orly,56.34,56.67,21.28638498,18.48634921,2.80003577,78.18,France,3,2,0,Spring,Medium,13.4,4.2,21.0,1
2024-06-15,Nice,42.72,63.39,28.06103286,17.565625,10.49540786,91.02,France,6,5,1,Summer,Medium,19.9,0.0,14.5,1
2024-11-22,Nice,54.19,57.41,33.49591398,26.8462963,6.649617682,86.1,France,11,4,0,Autumn,Medium,11.6,0.8,28.4,1
2022-09-28,Nice,61.54,67.7,20.06613876,14.2030236,5.863115164,87.31,France,9,2,0,Autumn,Medium,20.9,0.0,27.1,1
2023-07-15,Paris Orly,45.61,57.84,34.36842105,28.32711963,6.041301424,92.88,France,7,5,1,Summer,Medium,22.7,3.7,32.3,1
2026-01-22,Nice,66.94,69.29,20.03508065,18.18142857,1.853652074,82.91,France,1,3,0,Winter,Medium,7.9,1.1,11.5,1
2023-08-30,Paris Orly,69.67,71.04,14.55555556,13.74740854,0.808147019,97.38,France,8,2,0,Summer,Medium,16.1,3.6,20.2,0
2022-01-11,Paris Orly,84.67,89.1,7.612555556,5.435363248,2.177192308,91.52,France,1,1,0,Winter,Medium,-0.3,0.0,9.2,0
2025-11-12,Paris Orly,85.44,89.41,7.475095785,4.844771242,2.630324544,96.32,France,11,2,0,Autumn,Medium,11.5,0.0,13.1,0
2023-02-16,Paris Charles de Gaulle,51.6,69.95,25.49007092,16.4102519,9.079819018,96.47,France,2,3,0,Winter,Large,6.4,1.0,17.1,1
2023-08-21,Paris Orly,59.69,71.96,23.48,16.01744548,7.462554517,92.16,France,8,0,0,Summer,Medium,21.8,0.0,13.4,1
2022-09-08,Paris Orly,70.4,71.83,17.37071651,13.41424149,3.956475025,97.87,France,9,3,0,Autumn,Medium,17.7,2.1,26.6,1
2022-04-22,Nice,60.57,73.21,19.23628571,13.67539683,5.560888889,93.63,France,4,4,0,Spring,Medium,15.0,1.1,21.4,1
2023-03-30,Paris Orly,44.34,56.68,29.83921569,22.50929339,7.329922291,85.17,France,3,3,0,Spring,Medium,13.8,3.2,28.7,1
2023-01-03,Nice,74.05,81.75,13.61832061,8.08968254,5.528638071,93.75,France,1,1,0,Winter,Medium,12.8,0.8,9.0,0
2022-03-31,Paris Charles de Gaulle,59.55,76.98,17.72918227,11.70531001,6.023872266,95.13,France,3,3,0,Spring,Large,5.2,0.7,26.4,1
2025-08-28,Nice,23.13,20.7,65.88432836,64.48789063,1.396437733,81.9,France,8,3,0,Summer,Medium,23.7,8.4,15.9,1
2022-08-09,Nice,60.66,74.52,19.54028436,12.00192308,7.538361283,88.89,France,8,1,0,Summer,Medium,28.5,0.0,15.8,1
2025-06-28,Paris Orly,54.36,76.17,24.68456376,14.49479866,10.1897651,92.17,France,6,5,1,Summer,Medium,24.0,0.0,12.8,1
2024-05-05,Paris Charles de Gaulle,66.1,78.79,18.24171779,11.950516,6.291201796,96.92,France,5,6,1,Spring,Large,11.9,1.3,19.0,1
2025-09-03,Paris Orly,74.29,83.15,13.22316384,8.583661049,4.639502793,97.27,France,9,2,0,Autumn,Medium,19.5,0.1,30.9,0
2023-12-06,Paris Charles de Gaulle,57.69,75.97,21.67721445,13.63395171,8.043262744,96.65,France,12,2,0,Winter,Large,4.4,0.1,12.0,1
2026-03-26,Paris Charles de Gaulle,66.2,77.32,19.10280374,13.40178478,5.701018961,95.16,France,3,3,0,Spring,Large,4.8,1.4,19.1,1
2023-12-22,Paris Charles de Gaulle,33.64,49.62,34.60983103,26.18504864,8.424782386,95.8,France,12,4,0,Winter,Large,9.7,1.7,29.1,1
2024-03-01,Nice,64.63,77.78,16.13605442,12.69146091,3.444593516,94.97,France,3,4,0,Spring,Medium,12.5,0.6,13.0,1
2024-07-02,Paris Orly,59.62,71.91,20.78548896,14.56399177,6.221497189,95.22,France,7,1,0,Summer,Medium,16.3,0.9,16.9,1
2023-04-07,Nice,54.59,72.17,20.97866345,14.39748428,6.581179169,90.79,France,4,4,0,Spring,Medium,12.0,0.1,15.6,1
2024-10-28,Paris Orly,49.47,69.75,24.83508772,15.8198102,9.015277518,83.72,France,10,0,0,Autumn,Medium,12.9,0.0,7.9,1
2026-04-16,Paris Charles de Gaulle,64.57,81.84,15.76720351,9.575963885,6.191239629,95.0,France,4,3,0,Spring,Large,13.1,0.0,10.3,1
2023-07-06,Nice,38.93,53.41,31.38931298,20.98794192,10.40137106,85.45,France,7,3,0,Summer,Medium,23.5,0.0,10.7,1
2024-10-21,Nice,61.29,68.57,20.37788018,17.50857143,2.869308756,92.47,France,10,0,0,Autumn,Medium,18.7,0.0,17.5,1
2024-01-17,Paris Charles de Gaulle,32.39,54.14,35.40148551,27.50290163,7.89858388,90.84,France,1,2,0,Winter,Large,0.6,29.6,18.2,1
2025-11-29,Paris Charles de Gaulle,57.04,79.14,20.93838028,11.61669799,9.321682287,96.62,France,11,5,1,Autumn,Large,9.1,4.3,23.3,1
2022-07-18,Nice,41.25,48.16,39.15953307,29.14857143,10.01096165,83.03,France,7,0,0,Summer,Medium,30.3,0.0,16.9,1
2024-01-21,Paris Orly,76.74,86.6,13.06511628,7.196331738,5.868784541,96.44,France,1,6,1,Winter,Medium,3.4,0.1,33.8,0
2026-02-16,Nice,66.67,66.44,17.58490566,17.44552573,0.139379933,85.95,France,2,0,0,Winter,Medium,11.5,1.1,26.9,1
2023-02-07,Nice,68.97,65.12,23.06896552,18.35193798,4.717027533,79.31,France,2,1,0,Winter,Medium,7.4,0.4,29.3,1
2024-10-07,Paris Orly,66.99,74.17,16.44444444,12.73736203,3.707082414,95.37,France,10,0,0,Autumn,Medium,15.8,8.7,19.3,1
2026-03-04,Paris Orly,92.22,92.97,7.559533074,6.033528646,1.526004428,94.53,France,3,2,0,Spring,Medium,11.0,0.0,11.6,0
2024-06-30,Paris Orly,46.44,70.66,29.31888545,18.52015968,10.79872577,93.18,France,6,6,1,Summer,Medium,18.1,2.0,18.6,1
2025-10-15,Paris Orly,72.81,83.33,12.765625,8.853563941,3.912061059,96.98,France,10,2,0,Autumn,Medium,12.6,0.0,14.0,0
2024-12-07,Paris Orly,68.63,83.17,14.64215686,8.753382838,5.888774024,95.81,France,12,5,1,Winter,Medium,8.8,11.1,26.9,0
2022-01-30,Warsaw Chopin,68.75,77.78,17.103125,10.6034188,6.499706197,96.38,Poland,1,6,1,Winter,Medium,3.1,7.7,41.8,1
2022-04-10,Warsaw Chopin,41.77,38.31,38.53639241,39.9547619,-1.4183695,97.62,Poland,4,6,1,Spring,Medium,4.0,0.4,25.6,1
2023-11-10,Warsaw Chopin,86.78,89.96,7.239941263,5.744541485,1.495399778,97.52,Poland,11,4,0,Autumn,Medium,8.3,0.5,18.8,0
2025-10-30,Warsaw Chopin,76.6,81.85,11.5245283,11.00508366,0.519444647,97.84,Poland,10,3,0,Autumn,Medium,9.4,0.3,27.9,0
2022-07-05,Warsaw Chopin,35.27,52.0,41.09263393,30.76844444,10.32418948,93.98,Poland,7,1,0,Summer,Medium,20.3,10.0,16.2,1
2024-07-03,Warsaw Chopin,62.03,66.17,19.32650376,17.91340852,1.413095238,96.48,Poland,7,2,0,Summer,Medium,17.2,0.7,14.2,1
2025-02-11,Warsaw Chopin,81.58,90.52,9.907894737,5.846048851,4.061845886,98.29,Poland,2,1,0,Winter,Medium,-5.6,0.0,15.5,0
2024-06-25,Warsaw Chopin,65.19,70.97,17.77944444,16.16798088,1.61146356,95.86,Poland,6,1,0,Summer,Medium,20.8,0.0,10.6,1
2024-04-24,Warsaw Chopin,77.82,85.12,9.437377964,9.436157025,0.001220939,95.75,Poland,4,2,0,Spring,Medium,6.1,0.0,15.8,0
2025-09-22,Warsaw Chopin,70.33,72.76,16.54016667,18.42696567,-1.886799003,97.43,Poland,9,0,0,Autumn,Medium,18.1,0.0,15.2,1
2026-02-02,Warsaw Chopin,55.34,72.18,25.72111959,16.89141604,8.829703553,97.81,Poland,2,0,0,Winter,Medium,-16.9,0.0,14.0,1
2026-04-27,Warsaw Chopin,91.24,91.14,4.674209246,4.955166052,-0.280956806,95.29,Poland,4,0,0,Spring,Medium,7.7,0.0,19.1,0
2025-04-08,Warsaw Chopin,82.95,86.97,8.354780362,7.456577267,0.898203095,96.36,Poland,4,1,0,Spring,Medium,4.8,0.3,23.4,0
2023-11-26,Warsaw Chopin,67.5,78.46,13.96116667,12.50444444,1.456722222,97.16,Poland,11,6,1,Autumn,Medium,-1.3,0.2,23.1,0
2026-02-06,Warsaw Chopin,73.71,56.49,16.80385126,27.61081425,-10.80696299,94.87,Poland,2,4,0,Winter,Medium,0.4,1.6,15.1,1
2024-06-05,Warsaw Chopin,75.85,80.61,10.69433962,8.833840304,1.860499318,96.47,Poland,6,2,0,Summer,Medium,18.8,0.0,15.9,0
2025-05-18,Warsaw Chopin,77.42,80.23,10.89964158,8.117870722,2.781770855,98.63,Poland,5,6,1,Spring,Medium,7.4,2.6,8.9,0
2022-09-28,Warsaw Chopin,64.41,77.29,16.54717514,11.69788937,4.849285767,97.23,Poland,9,2,0,Autumn,Medium,11.2,15.7,18.4,1
2026-05-17,Warsaw Chopin,80.2,84.82,9.882550336,7.974092409,1.908457926,97.14,Poland,5,6,1,Spring,Medium,11.1,0.9,19.3,0
2026-02-20,Warsaw Chopin,72.52,70.15,16.68314249,16.88606965,-0.202927158,95.67,Poland,2,4,0,Winter,Medium,-5.7,0.0,12.3,1
2024-07-26,Warsaw Chopin,57.24,64.44,24.05300353,23.42852113,0.624482407,97.28,Poland,7,4,0,Summer,Medium,19.7,0.8,10.0,1
2023-12-16,Warsaw Chopin,74.87,75.39,14.66158645,10.56849913,4.093087325,96.57,Poland,12,5,1,Winter,Medium,3.9,0.4,23.9,0
2024-03-23,Warsaw Chopin,84.66,88.02,9.21031746,8.140711806,1.069605655,96.12,Poland,3,5,1,Spring,Medium,9.8,7.1,33.7,0
2023-07-07,Warsaw Chopin,66.01,78.8,17.03405797,11.644,5.390057971,94.58,Poland,7,4,0,Summer,Medium,20.4,0.0,19.5,1
2024-04-25,Warsaw Chopin,75.93,84.26,11.17634855,9.121702128,2.05464642,95.56,Poland,4,3,0,Spring,Medium,7.3,1.0,15.1,0
2022-09-29,Warsaw Chopin,57.45,69.66,27.07886525,19.33717949,7.741685761,94.57,Poland,9,3,0,Autumn,Medium,9.5,0.3,15.5,1
2025-07-17,Warsaw Chopin,71.94,85.15,13.54193548,8.148624862,5.393310621,97.23,Poland,7,3,0,Summer,Medium,18.2,0.1,7.9,0
2024-02-26,Warsaw Chopin,82.67,87.61,9.311111111,7.003171091,2.30794002,95.9,Poland,2,0,0,Winter,Medium,7.9,4.4,12.2,0
2026-04-06,Warsaw Chopin,79.7,80.68,11.06159148,11.91332071,-0.851729228,98.53,Poland,4,0,0,Spring,Medium,8.1,5.4,30.8,0
2022-08-28,Warsaw Chopin,58.11,70.14,23.96936937,16.94125189,7.028117484,95.71,Poland,8,6,1,Summer,Medium,22.3,0.3,11.9,1
2024-10-20,Warsaw Chopin,62.26,50.4,19.73352201,22.83115079,-3.097628781,96.76,Poland,10,6,1,Autumn,Medium,7.7,0.0,17.8,1
2022-09-02,Warsaw Chopin,57.14,79.17,20.88319328,12.38013889,8.503054388,97.22,Poland,9,4,0,Autumn,Medium,14.5,0.0,9.8,1
2024-07-14,Warsaw Chopin,54.72,55.51,27.27371069,28.99505703,-1.721346342,95.19,Poland,7,6,1,Summer,Medium,20.2,19.3,13.8,1
2022-01-31,Warsaw Chopin,81.88,85.42,10.55821256,9.240046296,1.318166264,92.45,Poland,1,0,0,Winter,Medium,0.5,0.2,28.4,0
2022-10-31,Warsaw Chopin,77.49,84.69,13.40034904,8.482142857,4.918206183,95.15,Poland,10,0,0,Autumn,Medium,11.0,0.0,10.9,0
2024-09-09,Warsaw Chopin,59.79,66.08,21.02016317,20.70058275,0.31958042,94.77,Poland,9,0,0,Autumn,Medium,21.3,0.7,27.0,1
2025-12-16,Warsaw Chopin,81.27,76.89,10.34926959,11.75112882,-1.40185923,96.97,Poland,12,1,0,Winter,Medium,0.1,0.0,10.8,0
2022-10-26,Warsaw Chopin,71.98,81.43,11.58405797,8.848095238,2.735962733,96.54,Poland,10,2,0,Autumn,Medium,11.0,0.0,14.4,0
2023-12-22,Warsaw Chopin,35.68,43.81,42.23781204,36.39174041,5.846071628,95.97,Poland,12,4,0,Winter,Medium,2.6,4.1,38.4,1
2025-10-31,Warsaw Chopin,85.99,88.72,6.313942931,4.958834586,1.355108345,98.13,Poland,10,4,0,Autumn,Medium,8.4,0.0,27.4,0
2022-03-07,Warsaw Chopin,76.26,76.82,14.57470024,14.04602649,0.52867375,93.75,Poland,3,0,0,Spring,Medium,0.4,0.4,16.8,0
2025-11-05,Warsaw Chopin,83.87,91.3,8.617607527,5.146772069,3.470835458,97.32,Poland,11,2,0,Autumn,Medium,7.1,0.0,14.6,0
2024-09-06,Warsaw Chopin,64.11,72.03,18.34146341,12.61789044,5.723572972,97.03,Poland,9,4,0,Autumn,Medium,22.7,0.0,23.1,1
2023-05-01,Warsaw Chopin,82.27,85.25,10.63636364,8.68655914,1.949804497,94.98,Poland,5,0,0,Spring,Medium,9.4,0.0,14.1,0
2023-05-09,Warsaw Chopin,81.02,83.11,9.225231481,7.518569254,1.706662227,99.12,Poland,5,1,0,Spring,Medium,10.2,0.0,18.2,0
2022-01-24,Warsaw Chopin,92.42,92.62,5.567676768,5.341163311,0.226513457,95.86,Poland,1,0,0,Winter,Medium,-3.0,0.3,13.0,0
2024-03-13,Warsaw Chopin,83.9,87.38,8.014878049,6.904288026,1.110590023,95.15,Poland,3,2,0,Spring,Medium,4.7,2.0,6.6,0
2022-02-02,Warsaw Chopin,92.06,89.43,5.622883598,6.052710027,-0.429826429,96.35,Poland,2,2,0,Winter,Medium,1.2,6.1,26.8,0
2024-11-01,Warsaw Chopin,82.97,87.83,7.31441048,5.992318841,1.32209164,96.65,Poland,11,4,0,Autumn,Medium,11.4,0.0,34.8,0
2025-01-08,Warsaw Chopin,80.53,87.07,10.35022124,7.121623563,3.228597676,97.48,Poland,1,2,0,Winter,Medium,1.3,1.2,20.5,0
2022-11-13,Warsaw Chopin,76.76,87.36,11.24117117,6.690229885,4.550941286,98.41,Poland,11,6,1,Autumn,Medium,8.9,0.6,9.4,0
2023-09-19,Warsaw Chopin,59.04,67.63,23.09056225,21.58139696,1.509165292,95.2,Poland,9,1,0,Autumn,Medium,18.2,1.5,16.9,1
2024-04-18,Warsaw Chopin,71.49,79.91,15.77950355,12.40868946,3.370814087,95.72,Poland,4,3,0,Spring,Medium,4.3,1.6,21.6,1
2026-03-15,Warsaw Chopin,90.42,90.04,4.916666667,4.551226551,0.365440115,96.05,Poland,3,6,1,Spring,Medium,9.7,1.2,17.9,0
2025-03-06,Warsaw Chopin,87.21,90.28,8.895348837,5.928137652,2.967211185,98.12,Poland,3,3,0,Spring,Medium,9.5,0.0,18.4,0
2024-05-11,Warsaw Chopin,84.07,84.87,8.369616519,10.65581232,-2.286195806,97.07,Poland,5,5,1,Spring,Medium,12.0,0.0,14.8,0
2025-06-06,Warsaw Chopin,76.14,82.06,13.78997821,10.13078627,3.659191946,97.19,Poland,6,4,0,Summer,Medium,21.6,1.2,21.0,0
2022-05-05,Warsaw Chopin,68.06,81.57,15.06720679,8.520122888,6.547083902,93.25,Poland,5,3,0,Spring,Medium,14.0,0.0,18.6,1
2023-12-07,Warsaw Chopin,56.47,69.51,22.43534483,14.08931241,8.346032421,96.37,Poland,12,3,0,Winter,Medium,-1.4,3.8,13.0,1
2024-09-25,Warsaw Chopin,64.03,63.21,18.60023981,20.73488095,-2.134641144,95.35,Poland,9,2,0,Autumn,Medium,17.4,0.8,22.7,1
2025-07-03,Warsaw Chopin,67.21,77.89,17.51374459,15.56292629,1.950818296,96.93,Poland,7,3,0,Summer,Medium,26.5,0.0,22.9,1
2025-07-12,Warsaw Chopin,67.52,78.28,14.89927007,11.57810345,3.321166625,96.56,Poland,7,5,1,Summer,Medium,15.8,1.9,19.0,0
2023-02-03,Warsaw Chopin,36.92,64.1,31.28615385,16.89547009,14.39068376,97.06,Poland,2,4,0,Winter,Medium,-0.7,6.2,22.8,1
2022-03-12,Warsaw Chopin,53.17,76.15,22.85886243,12.17961538,10.67924705,93.84,Poland,3,5,1,Spring,Medium,0.0,0.0,7.9,1
2024-01-01,Warsaw Chopin,88.83,88.17,5.510638298,4.779092702,0.731545596,97.44,Poland,1,0,0,Winter,Medium,3.3,9.7,16.7,0
2022-03-11,Warsaw Chopin,64.14,87.1,15.35367816,7.609247312,7.744430849,92.09,Poland,3,4,0,Spring,Medium,-2.7,0.0,10.4,1
2022-03-01,Warsaw Chopin,75.0,79.49,11.96666667,13.46096866,-1.494301994,87.82,Poland,3,1,0,Spring,Medium,-1.5,0.0,9.5,0
2022-06-23,Warsaw Chopin,55.74,61.51,25.37998634,24.2292887,1.150697636,96.15,Poland,6,3,0,Summer,Medium,19.2,0.0,14.2,1
2022-06-18,Warsaw Chopin,37.73,57.27,27.885,20.21765152,7.667348485,95.74,Poland,6,5,1,Summer,Medium,20.1,0.0,18.4,1
2024-05-08,Warsaw Chopin,79.92,81.15,11.24350736,9.779030055,1.464477308,97.0,Poland,5,2,0,Spring,Medium,11.4,0.0,13.5,0
2023-03-06,Warsaw Chopin,67.34,81.82,16.50376884,11.11363636,5.390132481,99.04,Poland,3,0,0,Spring,Medium,-1.5,2.3,13.7,1
2025-08-06,Warsaw Chopin,79.74,86.14,10.53011983,7.824917492,2.705202334,97.46,Poland,8,2,0,Summer,Medium,17.1,3.4,17.8,0
2024-07-05,Warsaw Chopin,58.63,72.36,19.08573141,14.19212121,4.893610203,95.38,Poland,7,4,0,Summer,Medium,18.3,0.1,19.1,1
2023-06-17,Warsaw Chopin,70.69,76.69,12.45122126,13.23679379,-0.785572521,98.33,Poland,6,5,1,Summer,Medium,18.4,4.8,13.8,0
2023-04-24,Warsaw Chopin,82.24,86.43,9.302570093,6.969230769,2.333339324,97.32,Poland,4,0,0,Spring,Medium,14.7,0.4,18.4,0
2023-11-11,Warsaw Chopin,84.86,88.65,8.025405405,5.241801802,2.783603604,96.91,Poland,11,5,1,Autumn,Medium,6.7,2.5,12.0,0
2023-04-29,Warsaw Chopin,78.7,86.22,11.51628086,6.916814815,4.599466049,97.37,Poland,4,5,1,Spring,Medium,11.4,0.0,17.7,0
2023-09-21,Warsaw Chopin,46.36,48.28,32.07541507,30.64431673,1.43109834,96.44,Poland,9,3,0,Autumn,Medium,19.3,0.0,19.2,1
2022-11-06,Warsaw Chopin,71.58,85.64,13.14307018,6.242081031,6.900989144,98.97,Poland,11,6,1,Autumn,Medium,6.5,0.0,11.2,0
2023-09-08,Warsaw Chopin,65.52,78.04,19.36257982,10.07091503,9.291664789,92.49,Poland,9,4,0,Autumn,Medium,20.2,0.0,10.4,1
2024-03-20,Warsaw Chopin,87.1,89.3,8.373579109,5.330697674,3.042881435,96.97,Poland,3,2,0,Spring,Medium,3.5,0.0,10.1,0
2023-01-16,Warsaw Chopin,75.27,81.63,12.22688172,11.57219388,0.654687843,97.49,Poland,1,0,0,Winter,Medium,3.1,0.0,17.4,0
2025-11-21,Warsaw Chopin,77.61,82.06,9.826962677,10.56437659,-0.737413913,97.77,Poland,11,4,0,Autumn,Medium,0.2,0.0,13.3,0
2022-06-12,Warsaw Chopin,48.03,66.22,23.86921397,17.23674074,6.632473233,97.13,Poland,6,6,1,Summer,Medium,19.7,0.1,11.4,1
2023-08-23,Warsaw Chopin,77.65,86.17,12.56862745,9.318379447,3.250248004,93.95,Poland,8,2,0,Summer,Medium,19.9,3.9,10.9,0
2024-01-25,Warsaw Chopin,82.65,85.17,8.122907154,6.415709729,1.707197425,96.61,Poland,1,3,0,Winter,Medium,3.8,3.4,34.6,0
2025-07-23,Warsaw Chopin,74.35,83.11,11.50324675,8.895198675,2.608048078,97.2,Poland,7,2,0,Summer,Medium,19.9,0.6,17.3,0
2023-12-02,Warsaw Chopin,52.78,60.11,24.57564815,23.61385768,0.96179047,93.17,Poland,12,5,1,Winter,Medium,-2.9,2.3,15.9,1
2024-11-15,Warsaw Chopin,81.78,82.17,9.866396761,8.554521964,1.311874797,97.33,Poland,11,4,0,Autumn,Medium,5.8,0.3,14.6,0
2024-09-10,Warsaw Chopin,67.84,73.67,18.64310954,17.72147094,0.921638604,95.68,Poland,9,1,0,Autumn,Medium,16.9,7.5,13.6,1
2024-06-26,Warsaw Chopin,50.37,58.3,35.27238806,35.82669127,-0.554303207,92.64,Poland,6,2,0,Summer,Medium,23.5,0.0,17.1,1
2025-06-19,Warsaw Chopin,78.18,84.05,10.52480999,9.824806202,0.700003788,96.27,Poland,6,3,0,Summer,Medium,17.4,0.1,26.9,0
2022-12-28,Warsaw Chopin,68.97,82.68,14.54185824,8.693854749,5.848003489,99.44,Poland,12,2,0,Winter,Medium,2.8,0.4,22.8,0
2025-09-20,Warsaw Chopin,73.21,79.17,16.55714286,15.04699074,1.510152116,96.28,Poland,9,5,1,Autumn,Medium,20.0,0.0,14.8,1
2025-05-04,Warsaw Chopin,70.03,75.76,13.38047138,12.15690236,1.223569024,97.39,Poland,5,6,1,Spring,Medium,13.9,7.9,25.8,0
2024-01-07,Warsaw Chopin,70.73,71.65,16.32682927,17.8597079,-1.532878635,96.74,Poland,1,6,1,Winter,Medium,-7.2,0.0,20.7,1
2023-06-03,Warsaw Chopin,71.49,78.79,16.30555556,15.07705628,1.228499278,97.49,Poland,6,5,1,Summer,Medium,11.9,0.0,12.8,1
2026-04-24,Warsaw Chopin,85.87,89.55,7.019392813,5.127487562,1.891905251,97.16,Poland,4,4,0,Spring,Medium,11.2,0.0,18.2,0
2022-02-19,Warsaw Chopin,52.85,60.91,21.91409214,19.78090909,2.13318305,94.85,Poland,2,5,1,Winter,Medium,6.3,2.7,48.2,1
2025-06-23,Warsaw Chopin,65.13,70.3,17.21052632,16.72392739,0.486598923,97.15,Poland,6,0,0,Summer,Medium,21.5,3.5,22.4,1
2023-10-06,Warsaw Chopin,69.88,78.71,19.17168675,14.33025435,4.841432396,93.59,Poland,10,4,0,Autumn,Medium,12.7,0.5,26.7,1
2025-08-13,Warsaw Chopin,75.66,83.88,11.56907895,7.704276316,3.864802632,97.18,Poland,8,2,0,Summer,Medium,23.7,0.0,11.4,0
2025-08-15,Warsaw Chopin,77.3,83.95,11.96052632,8.14877369,3.811752626,97.76,Poland,8,4,0,Summer,Medium,25.9,0.0,13.2,0
2022-12-11,Warsaw Chopin,14.61,36.53,65.23511236,49.28353293,15.95157943,97.28,Poland,12,6,1,Winter,Medium,-2.8,9.8,20.3,1
2025-07-26,Warsaw Chopin,55.56,69.72,23.40268817,17.49659624,5.906091928,96.25,Poland,7,5,1,Summer,Medium,22.9,1.4,10.0,1
2025-10-26,Warsaw Chopin,81.18,85.49,9.949019608,9.051503268,0.89751634,89.04,Poland,10,6,1,Autumn,Medium,8.3,3.8,23.8,0
2026-05-22,Warsaw Chopin,80.6,84.85,9.515050167,8.145117845,1.369932322,95.99,Poland,5,4,0,Spring,Medium,17.4,0.0,14.4,0
2023-03-09,Warsaw Chopin,66.33,77.72,14.79740369,12.5656304,2.231773288,96.23,Poland,3,3,0,Spring,Medium,-0.2,7.4,20.2,0
2023-01-03,Warsaw Chopin,75.0,82.42,11.70314815,10.3474359,1.355712251,99.47,Poland,1,1,0,Winter,Medium,7.3,0.0,24.1,0
2025-10-09,Warsaw Chopin,62.08,72.09,15.69765101,14.47851606,1.219134949,97.77,Poland,10,3,0,Autumn,Medium,10.8,0.1,10.9,1
2025-03-09,Warsaw Chopin,88.94,88.16,6.965957447,8.767397661,-1.801440214,95.95,Poland,3,6,1,Spring,Medium,8.1,0.0,11.0,0
2022-08-26,Warsaw Chopin,46.81,65.93,29.56652482,20.71939528,8.847129542,96.05,Poland,8,4,0,Summer,Medium,23.8,0.0,15.2,1
2022-11-21,Warsaw Chopin,67.17,82.65,17.55286195,14.83112245,2.721739504,96.74,Poland,11,0,0,Autumn,Medium,-1.8,0.4,18.2,1
2024-09-13,Warsaw Chopin,57.64,70.77,20.99976852,16.02717136,4.972597157,97.39,Poland,9,4,0,Autumn,Medium,16.2,0.2,16.6,1
2025-10-12,Warsaw Chopin,61.64,66.78,22.17037671,21.29757062,0.872806091,98.35,Poland,10,6,1,Autumn,Medium,11.1,3.8,24.8,1
2023-11-24,Warsaw Chopin,81.78,83.26,9.634740741,8.824816446,0.809924294,97.07,Poland,11,4,0,Autumn,Medium,3.1,2.0,33.3,0
2024-02-07,Warsaw Chopin,80.61,86.15,12.01768707,7.77042735,4.247259724,94.93,Poland,2,2,0,Winter,Medium,4.9,5.4,36.2,0
2026-02-11,Warsaw Chopin,89.33,84.17,7.653952569,9.259930556,-1.605977986,98.08,Poland,2,2,0,Winter,Medium,1.4,0.0,14.8,0
2022-04-20,Warsaw Chopin,34.34,44.31,41.75331325,34.80449102,6.948822235,95.77,Poland,4,2,0,Spring,Medium,6.2,8.7,15.1,1
2024-01-30,Warsaw Chopin,85.85,89.37,12.45601626,10.41553945,2.040476808,96.31,Poland,1,1,0,Winter,Medium,2.8,0.0,14.4,0
2025-03-03,Warsaw Chopin,86.48,87.85,8.25,7.19851552,1.05148448,98.02,Poland,3,0,0,Spring,Medium,5.0,0.0,25.2,0
2024-09-21,Warsaw Chopin,62.14,69.77,19.2420439,16.09140827,3.150635627,96.12,Poland,9,5,1,Autumn,Medium,15.9,0.0,8.1,1
2023-02-10,Warsaw Chopin,62.37,75.38,19.23032646,19.57973199,-0.349405533,98.01,Poland,2,4,0,Winter,Medium,-0.2,0.0,23.1,1
2022-05-16,Warsaw Chopin,66.33,72.08,17.09547739,15.19534687,1.900130517,96.79,Poland,5,0,0,Spring,Medium,13.9,0.0,10.8,1
2025-10-04,Warsaw Chopin,51.7,55.72,27.75773585,24.84329643,2.914439416,95.41,Poland,10,5,1,Autumn,Medium,8.3,1.5,22.9,1
2023-01-02,Warsaw Chopin,76.5,87.62,14.96108333,6.798927393,8.162155941,99.51,Poland,1,0,0,Winter,Medium,10.0,0.0,19.3,0
2023-05-13,Warsaw Chopin,75.49,81.02,13.64705882,8.50941358,5.137645243,97.66,Poland,5,5,1,Spring,Medium,15.4,0.1,21.1,0
2023-03-02,Warsaw Chopin,80.31,84.13,8.379965458,6.220458554,2.159506904,98.07,Poland,3,3,0,Spring,Medium,0.4,0.0,9.2,0
2025-01-16,Warsaw Chopin,81.03,84.3,11.91831357,9.181267218,2.737046353,97.72,Poland,1,3,0,Winter,Medium,1.3,0.1,16.6,0
2022-02-21,Warsaw Chopin,78.01,81.82,15.30307329,8.666899767,6.636173519,95.51,Poland,2,0,0,Winter,Medium,6.1,3.9,33.0,1
2022-03-18,Warsaw Chopin,68.55,83.03,15.2548218,8.417272727,6.837549076,95.51,Poland,3,4,0,Spring,Medium,1.2,0.0,15.5,1
2023-02-25,Warsaw Chopin,85.54,87.64,9.52811245,6.985018727,2.543093723,95.6,Poland,2,5,1,Winter,Medium,2.5,8.0,19.8,0
2023-08-21,Warsaw Chopin,74.79,84.08,14.9214876,10.35721088,4.564276719,94.23,Poland,8,0,0,Summer,Medium,23.9,0.0,17.9,0
2022-08-09,Warsaw Chopin,62.15,77.42,21.86090343,16.14784946,5.713053964,94.14,Poland,8,1,0,Summer,Medium,18.2,1.0,12.1,1
2024-01-16,Warsaw Chopin,71.35,77.11,16.51710069,14.90323383,1.613866864,97.03,Poland,1,1,0,Winter,Medium,-5.5,0.0,27.4,1
2023-04-10,Warsaw Chopin,88.04,87.14,6.831020734,8.678492063,-1.84747133,98.17,Poland,4,0,0,Spring,Medium,10.0,1.9,9.2,0
2023-11-04,Warsaw Chopin,84.83,89.3,7.799344569,5.952673797,1.846670772,91.5,Poland,11,5,1,Autumn,Medium,8.9,0.3,32.6,0
2022-05-04,Warsaw Chopin,75.52,84.34,13.92465278,8.958838384,4.965814394,96.19,Poland,5,2,0,Spring,Medium,11.8,0.0,19.2,0
2023-09-04,Warsaw Chopin,67.32,77.34,16.77683727,13.5860026,3.190834666,94.91,Poland,9,0,0,Autumn,Medium,16.3,0.0,9.8,1
2023-06-07,Warsaw Chopin,75.63,83.83,12.99887955,8.104468085,4.894411467,96.84,Poland,6,2,0,Summer,Medium,21.2,0.1,13.0,0
2023-10-12,Warsaw Chopin,75.0,80.99,11.55416667,8.837741047,2.71642562,95.19,Poland,10,3,0,Autumn,Medium,15.9,4.9,25.0,0
2023-01-30,Warsaw Chopin,67.57,74.07,13.28810811,12.39241623,0.895691882,98.43,Poland,1,0,0,Winter,Medium,0.9,4.3,27.1,0
2022-11-03,Warsaw Chopin,81.07,86.73,10.16682848,7.814370748,2.352457731,95.93,Poland,11,3,0,Autumn,Medium,8.3,0.1,16.8,0
2023-06-13,Warsaw Chopin,70.78,78.78,12.03518519,11.19789116,0.837294029,96.58,Poland,6,1,0,Summer,Medium,12.6,4.1,13.8,0
2024-12-24,Warsaw Chopin,88.14,86.34,9.005154639,6.390731707,2.614422932,96.08,Poland,12,1,0,Winter,Medium,2.1,0.0,5.7,0
2022-10-02,Warsaw Chopin,48.25,63.35,27.09539474,21.00769231,6.087702429,97.89,Poland,10,6,1,Autumn,Medium,11.2,2.4,24.9,1
2025-09-27,Warsaw Chopin,53.33,46.0,25.55020833,25.25046667,0.299741667,94.27,Poland,9,5,1,Autumn,Medium,10.3,0.0,11.7,1
2022-07-23,Warsaw Chopin,46.19,66.51,35.83087302,25.87382075,9.957052261,95.61,Poland,7,5,1,Summer,Medium,23.5,14.8,14.0,1
2022-03-09,Warsaw Chopin,68.18,85.51,13.47575758,7.896859903,5.578897672,90.45,Poland,3,2,0,Spring,Medium,2.9,0.8,15.3,0
2022-07-04,Warsaw Chopin,49.77,63.11,31.54635659,21.98962963,9.55672696,93.09,Poland,7,0,0,Summer,Medium,22.8,0.2,9.4,1
2022-05-22,Warsaw Chopin,53.96,65.66,21.65280528,17.02718855,4.625616728,97.65,Poland,5,6,1,Spring,Medium,12.5,1.0,29.4,1
2025-04-02,Warsaw Chopin,84.94,87.4,8.077220077,7.772773537,0.30444654,97.79,Poland,4,2,0,Spring,Medium,11.1,0.0,18.4,0
2024-07-19,Warsaw Chopin,47.67,54.44,37.68972521,39.49932099,-1.809595779,94.97,Poland,7,4,0,Summer,Medium,21.3,0.0,11.7,1
2023-06-19,Warsaw Chopin,68.57,79.01,22.24639456,14.61419753,7.632197027,97.71,Poland,6,0,0,Summer,Medium,19.2,0.0,7.8,1
2025-04-17,Warsaw Chopin,70.96,82.05,13.79754902,9.982173382,3.815375637,98.95,Poland,4,3,0,Spring,Medium,20.6,0.0,18.8,0
2023-12-24,Warsaw Chopin,55.7,60.78,21.51339662,22.74172113,-1.228324508,98.76,Poland,12,6,1,Winter,Medium,0.7,2.5,26.3,1
2024-05-14,Warsaw Chopin,82.87,80.88,9.393227092,9.920717131,-0.52749004,96.69,Poland,5,1,0,Spring,Medium,15.0,0.0,15.8,0
2022-09-19,Warsaw Chopin,57.5,78.48,20.070625,12.15253165,7.918093354,96.53,Poland,9,0,0,Autumn,Medium,9.1,4.0,22.3,1
2023-08-14,Warsaw Chopin,74.38,81.82,16.99400826,10.95557851,6.038429752,95.08,Poland,8,0,0,Summer,Medium,23.8,0.0,12.8,1
2024-02-12,Warsaw Chopin,87.27,88.44,8.375909091,6.582888889,1.793020202,97.03,Poland,2,0,0,Winter,Medium,7.9,4.2,19.0,0
2023-05-06,Warsaw Chopin,79.17,79.39,13.51388889,12.25767544,1.25621345,96.55,Poland,5,5,1,Spring,Medium,7.9,19.2,24.2,0
2026-05-21,Warsaw Chopin,83.06,84.8,8.910299003,8.092905405,0.817393598,94.51,Poland,5,3,0,Spring,Medium,18.0,1.0,17.3,0
2022-10-25,Warsaw Chopin,74.88,78.87,12.59243156,9.676056338,2.916375224,97.72,Poland,10,1,0,Autumn,Medium,13.0,5.7,17.0,0
2025-02-06,Warsaw Chopin,85.2,88.8,7.058333333,5.661894882,1.396438451,97.74,Poland,2,3,0,Winter,Medium,1.8,0.7,8.6,0
2025-09-05,Warsaw Chopin,68.3,76.22,14.03594771,13.22312704,0.812820677,95.48,Poland,9,4,0,Autumn,Medium,21.7,2.9,11.3,0
2025-10-19,Warsaw Chopin,64.41,73.26,17.17627119,14.0015625,3.174708686,96.14,Poland,10,6,1,Autumn,Medium,5.2,0.0,13.1,1
2025-05-12,Warsaw Chopin,84.98,87.18,11.89377289,6.864468864,5.029304029,97.88,Poland,5,0,0,Spring,Medium,9.6,0.0,11.7,0
2025-02-08,Warsaw Chopin,86.63,88.94,8.52879538,6.754086538,1.774708841,97.12,Poland,2,5,1,Winter,Medium,-1.4,0.0,19.4,0
2025-02-18,Warsaw Chopin,64.22,75.95,16.51774425,12.56434599,3.953398261,97.12,Poland,2,1,0,Winter,Medium,-5.3,0.0,12.8,1
2022-10-28,Warsaw Chopin,66.35,74.76,18.30488782,16.13936508,2.165522741,96.52,Poland,10,4,0,Autumn,Medium,12.6,0.0,13.0,1
2023-09-30,Warsaw Chopin,68.53,72.88,18.84346264,17.58975989,1.253702757,97.17,Poland,9,5,1,Autumn,Medium,16.9,3.1,20.5,1
2023-04-08,Warsaw Chopin,85.71,90.72,6.544973545,4.764776632,1.780196913,98.97,Poland,4,5,1,Spring,Medium,7.5,0.6,13.3,0
2023-06-20,Warsaw Chopin,66.67,71.88,22.00919312,18.48834635,3.520846768,96.39,Poland,6,1,0,Summer,Medium,22.4,0.0,12.3,1
2023-02-20,Warsaw Chopin,66.84,74.87,15.35828877,11.31794872,4.040340052,96.53,Poland,2,0,0,Winter,Medium,3.6,3.7,37.5,1
2026-04-18,Warsaw Chopin,81.78,86.96,8.785280374,7.106376812,1.678903562,93.59,Poland,4,5,1,Spring,Medium,11.0,0.0,9.9,0
2025-03-05,Warsaw Chopin,87.82,89.36,6.040406162,5.598014184,0.442391978,97.62,Poland,3,2,0,Spring,Medium,7.5,0.0,20.6,0
2023-07-22,Warsaw Chopin,74.45,74.25,10.93223201,12.96874106,-2.036509047,98.27,Poland,7,5,1,Summer,Medium,18.9,5.2,25.2,0
2024-11-20,Warsaw Chopin,77.02,85.34,12.46042553,8.981106322,3.47931921,97.15,Poland,11,2,0,Autumn,Medium,4.5,7.3,25.6,0
2026-03-10,Warsaw Chopin,89.63,92.68,6.538658368,5.146883469,1.391774899,93.26,Poland,3,1,0,Spring,Medium,8.7,0.0,15.6,0
2023-01-18,Warsaw Chopin,82.04,91.23,10.14141717,6.096003899,4.045413267,99.42,Poland,1,2,0,Winter,Medium,1.2,4.5,16.4,0
2025-03-20,Warsaw Chopin,85.98,90.84,7.590909091,4.115537849,3.475371242,96.76,Poland,3,3,0,Spring,Medium,5.4,0.0,9.0,0
2023-02-16,Warsaw Chopin,64.71,80.9,15.18966132,10.0255618,5.164099521,95.19,Poland,2,3,0,Winter,Medium,2.1,0.0,16.0,1
2024-04-22,Warsaw Chopin,83.61,87.39,9.410294118,7.990266106,1.420028011,97.62,Poland,4,0,0,Spring,Medium,4.0,0.2,19.6,0
2023-04-17,Warsaw Chopin,77.57,84.86,13.10732087,9.760321101,3.346999771,99.11,Poland,4,0,0,Spring,Medium,10.2,7.4,18.9,0
2022-12-20,Warsaw Chopin,48.92,66.49,29.46550179,20.71544503,8.750056766,97.07,Poland,12,1,0,Winter,Medium,1.2,1.8,22.5,1
2023-07-15,Warsaw Chopin,70.13,76.6,17.26507937,14.01042553,3.254653833,96.71,Poland,7,5,1,Summer,Medium,23.9,0.0,15.9,1
2023-02-27,Warsaw Chopin,89.47,85.93,7.230438596,6.465242881,0.765195715,97.99,Poland,2,0,0,Winter,Medium,-1.2,0.1,12.6,0
2023-01-07,Warsaw Chopin,65.14,72.13,19.27438095,17.62650273,1.64787822,96.77,Poland,1,5,1,Winter,Medium,3.2,0.1,12.4,1
2024-03-18,Warsaw Chopin,63.35,80.0,16.51319759,10.27577778,6.237419809,96.6,Poland,3,0,0,Spring,Medium,1.2,1.6,19.2,1
2025-12-26,Warsaw Chopin,56.33,58.54,23.44639456,24.38685637,-0.940461811,99.6,Poland,12,4,0,Winter,Medium,-3.1,0.0,16.0,1
2022-06-20,Warsaw Chopin,29.73,44.59,41.76509009,35.45021645,6.31487364,93.65,Poland,6,0,0,Summer,Medium,20.9,8.5,21.2,1
2025-01-01,Warsaw Chopin,88.21,86.02,7.364102564,6.107526882,1.256575682,97.54,Poland,1,2,0,Winter,Medium,3.5,0.0,25.3,0
2025-03-28,Warsaw Chopin,88.57,90.44,6.485714286,4.462217795,2.02349649,98.81,Poland,3,4,0,Spring,Medium,7.6,0.0,12.5,0
2025-08-03,Warsaw Chopin,56.96,75.42,22.43969795,16.03200443,6.407693521,95.99,Poland,8,6,1,Summer,Medium,20.1,10.8,12.4,1
2022-02-14,Warsaw Chopin,86.57,92.52,7.42300995,4.580952381,2.842057569,97.35,Poland,2,0,0,Winter,Medium,2.3,0.0,17.4,0
2023-12-08,Warsaw Chopin,59.56,72.32,24.54881481,16.66919643,7.879618386,97.08,Poland,12,4,0,Winter,Medium,-3.9,0.0,15.7,1
2023-01-19,Warsaw Chopin,78.49,84.3,11.75698925,10.69534884,1.06164041,97.99,Poland,1,3,0,Winter,Medium,1.4,1.4,13.8,0
2024-06-06,Warsaw Chopin,78.39,80.95,15.32967033,9.553052503,5.776617827,95.55,Poland,6,3,0,Summer,Medium,18.3,1.9,17.2,1
2025-11-08,Warsaw Chopin,81.36,90.75,11.10772727,7.625991189,3.481736083,98.23,Poland,11,5,1,Autumn,Medium,5.2,0.0,12.1,0
2022-09-05,Warsaw Chopin,58.8,75.92,20.5037196,12.90782313,7.59589647,96.43,Poland,9,0,0,Autumn,Medium,15.6,0.0,15.5,1
2024-02-05,Warsaw Chopin,80.09,81.7,9.888310709,11.48772321,-1.599412505,95.88,Poland,2,0,0,Winter,Medium,5.4,9.6,34.2,0
2025-04-29,Warsaw Chopin,86.23,85.77,9.593236715,8.150374532,1.442862183,95.58,Poland,4,1,0,Spring,Medium,14.9,0.0,20.2,0
2024-11-27,Warsaw Chopin,86.28,84.65,7.430088496,7.679532164,-0.249443668,95.87,Poland,11,2,0,Autumn,Medium,5.9,0.2,11.5,0
2023-08-20,Warsaw Chopin,71.78,80.17,18.36258645,12.57489451,5.787691931,96.08,Poland,8,6,1,Summer,Medium,25.1,0.4,13.4,1
2024-11-09,Warsaw Chopin,82.61,88.68,9.01489533,6.74827044,2.26662489,97.65,Poland,11,5,1,Autumn,Medium,4.3,0.0,14.1,0
2022-04-26,Warsaw Chopin,67.98,72.99,15.70468165,13.78227969,1.922401954,96.45,Poland,4,1,0,Spring,Medium,8.5,0.9,9.7,1
2023-01-10,Warsaw Chopin,80.77,89.56,8.648168498,6.310531136,2.337637363,97.89,Poland,1,1,0,Winter,Medium,4.6,1.4,12.4,0
2023-07-31,Warsaw Chopin,74.06,83.12,17.57942817,11.74915612,5.830272055,92.45,Poland,7,0,0,Summer,Medium,19.7,0.1,18.8,1
2025-04-12,Warsaw Chopin,79.4,80.5,11.99835479,11.33983402,0.658520768,100.0,Poland,4,5,1,Spring,Medium,8.6,0.0,11.7,0
2022-06-25,Warsaw Chopin,26.98,47.22,37.59860465,28.49660494,9.101999713,94.42,Poland,6,5,1,Summer,Medium,23.6,0.0,17.4,1
2025-07-16,Warsaw Chopin,69.0,78.07,13.21122222,9.907032115,3.304190107,95.3,Poland,7,2,0,Summer,Medium,17.5,5.5,18.2,0
2026-03-01,Warsaw Chopin,89.26,89.57,5.655853994,5.302608696,0.353245299,91.45,Poland,3,6,1,Spring,Medium,7.2,0.2,16.2,0
2023-08-13,Warsaw Chopin,65.85,83.4,16.50813008,9.375460993,7.132669088,96.88,Poland,8,6,1,Summer,Medium,22.7,2.0,15.5,1
2023-03-28,Warsaw Chopin,65.2,74.4,18.46658497,15.68276973,2.783815241,94.3,Poland,3,1,0,Spring,Medium,-1.2,0.9,26.6,1
2022-03-20,Warsaw Chopin,78.52,79.14,10.69038031,8.745803357,1.944576956,95.0,Poland,3,6,1,Spring,Medium,2.1,0.0,10.6,0
2024-02-21,Warsaw Chopin,86.27,91.0,8.189869281,9.415083333,-1.225214052,97.31,Poland,2,2,0,Winter,Medium,5.6,3.4,20.5,0
2026-05-16,Warsaw Chopin,83.96,86.25,9.674067164,7.511771995,2.162295169,98.2,Poland,5,5,1,Spring,Medium,10.7,4.3,10.4,0
2024-11-03,Warsaw Chopin,74.78,80.09,13.4584058,11.91736111,1.541044686,99.15,Poland,11,6,1,Autumn,Medium,3.6,0.0,24.6,0
2024-10-10,Warsaw Chopin,52.01,50.94,22.76581197,25.74575531,-2.97994334,94.95,Poland,10,3,0,Autumn,Medium,16.3,0.3,24.5,1
2025-04-04,Warsaw Chopin,82.4,82.96,10.97134831,8.704691358,2.266656957,97.16,Poland,4,4,0,Spring,Medium,13.4,0.0,14.3,0
2023-01-17,Warsaw Chopin,82.16,89.5,8.961171171,5.686924494,3.274246678,97.45,Poland,1,1,0,Winter,Medium,3.0,1.3,17.8,0
2023-08-15,Warsaw Chopin,73.08,84.32,15.81851852,10.4170904,5.401428123,97.96,Poland,8,1,0,Summer,Medium,26.2,0.0,16.4,1
2022-07-18,Warsaw Chopin,49.77,66.67,20.07891933,16.58296784,3.495951494,96.14,Poland,7,0,0,Summer,Medium,18.0,0.1,17.6,1
2022-01-16,Warsaw Chopin,81.29,87.5,9.732494005,15.24583333,-5.513339329,97.35,Poland,1,6,1,Winter,Medium,-0.9,0.5,23.9,0
2025-09-21,Warsaw Chopin,70.42,79.8,16.45016077,12.23084989,4.219310882,97.21,Poland,9,6,1,Autumn,Medium,22.1,0.0,15.8,1
2023-03-27,Warsaw Chopin,75.0,79.21,11.86947279,12.59521452,-0.725741732,89.52,Poland,3,0,0,Spring,Medium,3.6,0.0,26.3,0
2022-09-09,Warsaw Chopin,46.09,62.76,32.24828532,20.69449093,11.55379439,95.54,Poland,9,4,0,Autumn,Medium,14.0,8.4,24.0,1
2023-10-23,Warsaw Chopin,80.34,83.84,12.23881766,7.525400291,4.713417373,98.38,Poland,10,0,0,Autumn,Medium,11.2,0.1,19.5,0
2025-11-25,Warsaw Chopin,84.78,92.05,6.154927536,4.874337517,1.280590019,96.68,Poland,11,1,0,Autumn,Medium,0.5,3.4,13.9,0
2022-10-03,Warsaw Chopin,59.29,70.0,22.18724189,15.06355072,7.123691163,95.2,Poland,10,0,0,Autumn,Medium,10.7,2.1,35.8,1
2022-12-19,Warsaw Chopin,56.76,64.4,28.95252252,24.86745201,4.085070516,98.45,Poland,12,0,0,Winter,Medium,-7.6,0.0,20.2,1
2026-01-31,Warsaw Chopin,70.48,70.71,20.64787078,19.92057183,0.727298951,99.13,Poland,1,5,1,Winter,Medium,-12.2,0.0,20.2,1
2025-07-31,Warsaw Chopin,71.15,79.28,15.59353632,11.74533991,3.848196413,97.28,Poland,7,3,0,Summer,Medium,16.8,3.0,13.6,1
2023-08-26,Warsaw Chopin,47.06,64.63,33.20889894,23.15705968,10.05183926,96.17,Poland,8,5,1,Summer,Medium,23.8,1.1,12.9,1
2023-05-16,Warsaw Chopin,85.84,84.62,7.509969559,6.862368024,0.647601534,97.07,Poland,5,1,0,Spring,Medium,14.7,0.0,23.0,0
2023-06-12,Warsaw Chopin,80.08,82.23,11.69788136,10.99497245,0.702908904,95.38,Poland,6,0,0,Summer,Medium,15.9,0.1,29.7,0
2022-07-19,Warsaw Chopin,43.91,52.4,31.33036232,26.21950509,5.110857224,95.93,Poland,7,1,0,Summer,Medium,22.2,0.1,13.7,1
2026-03-21,Warsaw Chopin,87.84,86.7,5.509009009,5.797496423,-0.288487414,97.81,Poland,3,5,1,Spring,Medium,5.8,0.0,11.7,0
2026-04-28,Warsaw Chopin,95.06,92.18,3.237928669,5.033470508,-1.795541838,98.42,Poland,4,1,0,Spring,Medium,6.5,0.0,17.4,0
2026-05-19,Warsaw Chopin,88.97,91.48,7.129277567,4.62962963,2.499647937,97.1,Poland,5,1,0,Spring,Medium,13.3,0.8,11.5,0
2024-12-03,Warsaw Chopin,86.86,92.5,6.800211864,5.108402778,1.691809087,96.41,Poland,12,1,0,Winter,Medium,2.9,0.0,10.8,0
2022-11-28,Warsaw Chopin,75.65,84.62,10.62176166,6.592393162,4.029368496,96.63,Poland,11,0,0,Autumn,Medium,1.2,2.4,16.2,0
2025-06-15,Warsaw Chopin,64.08,77.05,19.00312837,14.88437158,4.118756786,96.3,Poland,6,6,1,Summer,Medium,21.1,0.0,9.0,1
2023-06-11,Warsaw Chopin,63.93,75.1,17.18032787,15.6186722,1.56165567,96.5,Poland,6,6,1,Summer,Medium,18.5,0.0,22.1,1
2026-04-02,Warsaw Chopin,77.19,83.21,10.21111111,7.763392857,2.447718254,97.64,Poland,4,3,0,Spring,Medium,8.6,0.0,11.4,0
2023-03-04,Warsaw Chopin,79.77,84.09,9.501541426,8.131534091,1.370007335,98.31,Poland,3,5,1,Spring,Medium,0.3,1.8,29.0,0
2025-08-19,Warsaw Chopin,72.94,77.63,18.39933993,14.80098684,3.598353092,97.15,Poland,8,1,0,Summer,Medium,18.3,0.0,10.2,1
2023-07-16,Warsaw Chopin,69.39,80.08,19.49639456,14.69591978,4.800474779,97.27,Poland,7,6,1,Summer,Medium,26.9,0.7,19.1,1
2025-02-16,Warsaw Chopin,61.47,73.57,16.54112554,13.88810573,2.653019814,96.65,Poland,2,6,1,Winter,Medium,-4.7,0.3,13.8,1
2024-12-27,Warsaw Chopin,54.92,54.98,20.81632514,21.09203187,-0.275706736,96.89,Poland,12,4,0,Winter,Medium,0.7,0.6,8.5,1
2022-09-17,Warsaw Chopin,55.56,69.3,23.21442901,19.77589147,3.438537539,94.47,Poland,9,5,1,Autumn,Medium,11.7,0.1,23.5,1
2026-05-06,Warsaw Chopin,87.86,90.88,5.072142857,4.229440389,0.842702468,96.01,Poland,5,2,0,Spring,Medium,19.2,0.0,17.6,0
2022-08-29,Warsaw Chopin,50.66,68.0,23.96828194,17.70592593,6.262356012,95.6,Poland,8,0,0,Summer,Medium,20.2,0.7,21.3,1
2025-12-31,Warsaw Chopin,25.64,32.69,68.26188034,50.63469551,17.62718483,91.71,Poland,12,2,0,Winter,Medium,-3.8,4.6,23.0,1
2022-02-26,Warsaw Chopin,73.5,73.45,14.10512821,15.37035398,-1.265225777,90.3,Poland,2,5,1,Winter,Medium,1.8,0.7,12.2,0
2022-03-15,Warsaw Chopin,84.17,80.77,7.798800959,8.128333333,-0.329532374,96.67,Poland,3,1,0,Spring,Medium,4.8,0.0,14.9,0
2023-12-29,Warsaw Chopin,81.74,87.84,9.164383562,7.528453453,1.635930108,98.27,Poland,12,4,0,Winter,Medium,6.4,0.0,25.8,0
2022-02-13,Warsaw Chopin,81.06,92.97,8.776641414,4.217317708,4.559323706,95.14,Poland,2,6,1,Winter,Medium,0.8,0.0,22.5,0
2022-04-11,Warsaw Chopin,59.63,63.16,18.95548654,20.90653021,-1.951043672,96.65,Poland,4,0,0,Spring,Medium,3.3,1.9,16.9,1
2024-09-15,Warsaw Chopin,65.36,72.49,16.39642857,16.10545229,0.290976279,97.24,Poland,9,6,1,Autumn,Medium,18.4,13.4,26.1,1
2022-04-12,Warsaw Chopin,45.09,42.86,26.50549133,26.26626984,0.239221488,97.28,Poland,4,1,0,Spring,Medium,5.1,0.0,10.1,1
2024-01-26,Warsaw Chopin,81.78,88.74,11.36915888,7.478678679,3.8904802,96.15,Poland,1,4,0,Winter,Medium,1.1,2.7,21.2,0
2022-04-18,Warsaw Chopin,78.53,78.18,11.70357873,10.52434343,1.179235298,97.08,Poland,4,0,0,Spring,Medium,6.0,0.0,18.3,0
2024-03-03,Warsaw Chopin,84.29,86.67,6.849761905,6.370714286,0.479047619,96.92,Poland,3,6,1,Spring,Medium,7.7,0.0,21.4,0
2026-01-08,Warsaw Chopin,59.38,70.12,22.46302083,20.13552457,2.327496265,97.04,Poland,1,3,0,Winter,Medium,-8.9,1.2,13.4,1
2023-09-12,Warsaw Chopin,65.31,75.82,19.73537415,14.03565574,5.699718412,96.2,Poland,9,1,0,Autumn,Medium,21.8,0.0,8.6,1
2024-05-31,Warsaw Chopin,82.33,75.57,7.781954887,9.881424936,-2.099470049,96.13,Poland,5,4,0,Spring,Medium,19.9,0.2,13.1,0
2023-09-24,Warsaw Chopin,65.22,78.63,16.57793149,10.11525538,6.462676112,96.99,Poland,9,6,1,Autumn,Medium,15.2,0.0,13.8,1
2023-08-12,Warsaw Chopin,72.81,82.14,12.07834101,9.365104167,2.713236847,98.65,Poland,8,5,1,Summer,Medium,19.4,0.0,11.4,0
2025-12-05,Warsaw Chopin,74.35,79.23,15.4948575,14.98551282,0.509344676,96.53,Poland,12,4,0,Winter,Medium,5.7,0.0,17.3,1
2024-07-10,Warsaw Chopin,61.13,70.0,24.04528302,21.96641026,2.078872762,96.48,Poland,7,2,0,Summer,Medium,27.3,0.2,25.5,1
2022-05-09,Warsaw Chopin,73.37,79.13,12.20519263,11.37330097,0.831891659,96.4,Poland,5,0,0,Spring,Medium,12.6,0.0,15.0,0
2023-02-13,Warsaw Chopin,81.38,90.77,8.584574468,4.821025641,3.763548827,97.0,Poland,2,0,0,Winter,Medium,4.9,0.3,24.3,0
2025-04-07,Warsaw Chopin,79.25,80.45,11.18220126,9.702192982,1.480008275,96.43,Poland,4,0,0,Spring,Medium,2.8,1.8,20.3,0
2025-01-23,Warsaw Chopin,75.92,83.47,11.6,8.628856749,2.971143251,97.68,Poland,1,3,0,Winter,Medium,0.7,0.1,16.9,0
2025-02-12,Warsaw Chopin,85.22,90.27,7.268333333,4.896533923,2.37179941,97.92,Poland,2,2,0,Winter,Medium,-3.5,0.0,14.8,0
2026-02-04,Warsaw Chopin,49.21,39.51,24.82202381,37.32949246,-12.50746865,98.46,Poland,2,2,0,Winter,Medium,-8.3,0.5,18.8,1
2024-04-26,Warsaw Chopin,72.09,79.38,16.2126615,12.65317769,3.559483807,97.42,Poland,4,4,0,Spring,Medium,8.5,0.1,19.0,1
2022-10-17,Warsaw Chopin,68.78,77.93,15.38056911,11.59726135,3.78330776,97.69,Poland,10,0,0,Autumn,Medium,15.6,0.0,14.6,1
2025-05-25,Warsaw Chopin,78.87,80.94,11.43151408,11.44046763,-0.008953541,98.98,Poland,5,6,1,Spring,Medium,13.6,0.0,9.3,0
2025-08-28,Warsaw Chopin,73.57,78.8,13.45859873,9.901160338,3.557438389,97.55,Poland,8,3,0,Summer,Medium,22.5,0.0,19.5,0
2023-10-14,Warsaw Chopin,77.57,82.27,10.09937695,8.758560606,1.340816341,95.58,Poland,10,5,1,Autumn,Medium,17.5,2.2,29.4,0
2024-05-23,Warsaw Chopin,68.58,73.08,16.29904215,16.09641026,0.202631889,95.44,Poland,5,3,0,Spring,Medium,18.3,7.4,14.8,1
2025-01-22,Warsaw Chopin,84.78,85.27,7.706521739,7.201264881,0.505256858,97.51,Poland,1,2,0,Winter,Medium,0.2,0.0,6.8,0
2022-12-06,Warsaw Chopin,73.63,86.89,11.0797619,7.087522769,3.992239136,97.93,Poland,12,1,0,Winter,Medium,1.6,3.9,12.9,0
2025-09-26,Warsaw Chopin,41.56,37.5,28.79458874,29.7627193,-0.968130554,96.58,Poland,9,4,0,Autumn,Medium,10.1,0.0,17.2,1
2025-11-19,Warsaw Chopin,82.86,90.5,6.816598639,5.597865014,1.218733626,98.42,Poland,11,2,0,Autumn,Medium,1.9,0.0,12.5,0
2025-01-29,Warsaw Chopin,89.78,92.92,4.617777778,3.584070796,1.033706981,98.7,Poland,1,2,0,Winter,Medium,8.3,0.5,17.9,0
2024-10-28,Warsaw Chopin,80.0,84.52,12.74326531,10.48277545,2.260489853,93.68,Poland,10,0,0,Autumn,Medium,10.6,0.1,19.4,0
2025-03-14,Warsaw Chopin,89.24,90.12,6.218061089,4.190184453,2.027876636,99.22,Poland,3,4,0,Spring,Medium,3.3,4.6,24.9,0
2022-08-20,Warsaw Chopin,52.31,65.09,22.14845679,17.25589623,4.892560564,96.46,Poland,8,5,1,Summer,Medium,24.8,0.0,18.2,1
2025-10-06,Warsaw Chopin,61.3,60.41,17.94731735,18.25238908,-0.305071727,98.03,Poland,10,0,0,Autumn,Medium,9.8,1.8,15.4,1
2023-05-30,Warsaw Chopin,72.73,76.29,16.66666667,13.10761494,3.559051724,97.62,Poland,5,1,0,Spring,Medium,17.5,0.0,24.3,1
2022-06-13,Warsaw Chopin,54.89,65.25,21.23624113,16.81666667,4.419574468,93.39,Poland,6,0,0,Summer,Medium,16.7,10.0,21.4,1
2023-03-15,Warsaw Chopin,85.33,86.7,8.165851449,8.164361702,0.001489747,98.95,Poland,3,2,0,Spring,Medium,4.0,0.7,32.9,0
2022-09-24,Warsaw Chopin,55.67,71.78,23.34236453,19.13283828,4.209526248,94.14,Poland,9,5,1,Autumn,Medium,10.3,0.0,7.9,1
2025-09-13,Warsaw Chopin,60.22,71.48,18.64832736,14.3534937,4.29483366,95.93,Poland,9,5,1,Autumn,Medium,17.6,0.0,14.0,1
2024-04-14,Warsaw Chopin,80.27,87.91,11.33632287,7.369224806,3.967098064,95.82,Poland,4,6,1,Spring,Medium,14.6,2.5,29.6,0
2024-01-14,Warsaw Chopin,66.67,70.94,22.48590982,17.19679803,5.289111793,96.36,Poland,1,6,1,Winter,Medium,0.7,2.3,26.9,1
2023-07-06,Warsaw Chopin,64.34,69.8,19.13320413,16.83424837,2.298955768,95.67,Poland,7,3,0,Summer,Medium,20.7,0.5,17.2,1
2025-06-25,Warsaw Chopin,77.08,78.45,11.46511628,9.212457912,2.252658367,96.26,Poland,6,2,0,Summer,Medium,18.2,3.5,29.2,0
2022-07-12,Warsaw Chopin,48.92,62.34,29.20606061,21.77950938,7.426551227,96.37,Poland,7,1,0,Summer,Medium,16.2,1.9,30.3,1
2023-07-09,Warsaw Chopin,61.63,71.43,23.85658915,16.93605442,6.920534726,97.43,Poland,7,6,1,Summer,Medium,22.1,0.0,15.3,1
2022-03-05,Warsaw Chopin,67.46,78.33,13.39603175,15.30083333,-1.904801587,97.1,Poland,3,5,1,Spring,Medium,-0.3,0.1,12.3,0
2026-01-20,Warsaw Chopin,81.36,81.2,9.360946328,10.06908832,-0.708141991,97.21,Poland,1,1,0,Winter,Medium,-10.7,0.0,12.2,0
2025-01-05,Warsaw Chopin,47.83,55.71,31.79246377,25.57640791,6.216055853,94.33,Poland,1,6,1,Winter,Medium,-3.6,0.0,14.0,1
2024-10-26,Warsaw Chopin,69.13,65.27,19.55652174,21.04177127,-1.48524953,97.14,Poland,10,5,1,Autumn,Medium,10.6,0.0,10.8,1
2024-10-04,Warsaw Chopin,67.28,71.38,15.68321078,16.86425031,-1.181039525,96.89,Poland,10,4,0,Autumn,Medium,10.1,0.4,15.2,1
2022-12-09,Warsaw Chopin,59.0,70.92,18.298,14.7702381,3.527761905,98.13,Poland,12,4,0,Winter,Medium,-0.3,0.1,12.5,1
2024-05-17,Warsaw Chopin,65.77,60.39,16.77596154,20.10660131,-3.330639769,95.41,Poland,5,4,0,Spring,Medium,16.7,0.0,27.0,1
2022-11-29,Warsaw Chopin,79.57,87.63,10.14937276,5.668010753,4.481362007,97.03,Poland,11,1,0,Autumn,Medium,0.2,0.0,17.6,0
2023-09-29,Warsaw Chopin,72.9,78.85,15.60521628,11.67346154,3.931754747,95.44,Poland,9,4,0,Autumn,Medium,18.8,0.0,17.9,1
2022-08-07,Warsaw Chopin,58.9,73.27,19.50182648,13.90599078,5.595835701,98.24,Poland,8,6,1,Summer,Medium,17.0,0.0,11.9,1
2023-09-11,Warsaw Chopin,72.31,79.37,16.30596154,11.48227513,4.823686406,94.72,Poland,9,0,0,Autumn,Medium,21.3,0.0,9.8,1
2022-10-14,Warsaw Chopin,63.23,69.86,17.28258595,12.99436834,4.288217608,95.97,Poland,10,4,0,Autumn,Medium,9.8,0.3,12.9,1
2023-08-06,Warsaw Chopin,59.76,72.1,23.10172643,17.17310443,5.928621993,95.88,Poland,8,6,1,Summer,Medium,22.2,14.0,30.0,1
2025-07-20,Warsaw Chopin,67.33,76.82,19.11333333,17.10932671,2.004006623,96.5,Poland,7,6,1,Summer,Medium,20.3,6.0,14.5,1
2023-09-10,Warsaw Chopin,70.75,79.28,14.81027668,10.96972112,3.840555564,95.19,Poland,9,6,1,Autumn,Medium,20.6,0.0,12.1,0
2023-09-22,Warsaw Chopin,45.49,45.35,29.02280702,27.52855297,1.494254046,94.44,Poland,9,4,0,Autumn,Medium,20.7,0.2,24.1,1
2026-04-22,Warsaw Chopin,90.87,87.7,5.075330688,7.315915301,-2.240584613,97.0,Poland,4,2,0,Spring,Medium,10.2,0.0,22.7,0
2025-08-16,Warsaw Chopin,70.42,79.86,14.85099765,10.77436343,4.076634227,96.93,Poland,8,5,1,Summer,Medium,24.3,0.0,16.7,0
2024-08-06,Warsaw Chopin,75.19,79.2,12.16541353,11.51173966,0.653673874,96.1,Poland,8,1,0,Summer,Medium,18.6,1.5,14.3,0
2025-11-06,Warsaw Chopin,81.18,88.71,10.7372549,6.585752688,4.151502214,97.75,Poland,11,3,0,Autumn,Medium,7.2,0.0,12.2,0
2023-12-09,Warsaw Chopin,62.5,78.69,15.59818841,11.58242259,4.015765819,98.4,Poland,12,5,1,Winter,Medium,-1.8,2.5,16.3,1
2024-08-24,Warsaw Chopin,74.07,84.11,12.22791495,9.50872093,2.719194022,97.21,Poland,8,5,1,Summer,Medium,22.6,0.0,13.7,0
2023-08-25,Warsaw Chopin,57.81,67.45,24.33222656,18.54111111,5.791115451,94.29,Poland,8,4,0,Summer,Medium,20.3,3.4,14.8,1
2022-12-17,Warsaw Chopin,31.33,47.4,40.80863454,34.78208092,6.026553613,95.56,Poland,12,5,1,Winter,Medium,-5.8,0.7,16.1,1
2023-12-14,Warsaw Chopin,79.83,79.74,10.87528011,10.82377874,0.051501376,96.47,Poland,12,3,0,Winter,Medium,1.0,4.6,12.0,0
2025-04-25,Warsaw Chopin,78.45,87.99,10.50530035,6.696937574,3.80836278,96.42,Poland,4,4,0,Spring,Medium,12.5,11.2,18.2,0
2026-01-07,Warsaw Chopin,61.13,58.63,21.40026991,24.50401606,-3.103746159,96.14,Poland,1,2,0,Winter,Medium,-10.1,0.0,5.8,1
2024-03-24,Warsaw Chopin,82.27,87.56,11.90254516,7.16907131,4.733473846,97.66,Poland,3,6,1,Spring,Medium,4.2,2.6,21.9,0
2022-12-18,Warsaw Chopin,56.11,67.07,21.55055556,18.92724551,2.623310047,98.42,Poland,12,6,1,Winter,Medium,-5.8,0.0,10.7,1
2024-04-23,Warsaw Chopin,85.29,86.5,8.605812325,8.412939522,0.192872803,96.11,Poland,4,1,0,Spring,Medium,4.8,0.3,14.8,0
2026-03-28,Warsaw Chopin,87.67,90.87,5.977973568,4.67,1.307973568,99.13,Poland,3,5,1,Spring,Medium,8.8,0.2,15.4,0
2023-06-14,Warsaw Chopin,68.5,83.33,17.2480315,9.293834688,7.954196808,95.67,Poland,6,2,0,Summer,Medium,15.3,2.2,15.8,1
2024-07-31,Warsaw Chopin,65.2,61.68,22.01587302,22.94537713,-0.929504113,96.86,Poland,7,2,0,Summer,Medium,20.3,0.0,13.4,1
2023-11-01,Warsaw Chopin,86.07,91.41,8.445936982,5.719781145,2.726155837,94.57,Poland,11,2,0,Autumn,Medium,9.1,0.2,22.8,0
2025-07-02,Warsaw Chopin,74.51,79.33,13.64079521,10.13183333,3.508961874,98.13,Poland,7,2,0,Summer,Medium,24.0,0.0,11.2,0
2022-10-05,Warsaw Chopin,78.97,82.04,13.88286604,11.89199029,1.990875752,98.24,Poland,10,2,0,Autumn,Medium,12.3,0.0,17.6,0
2026-05-14,Warsaw Chopin,83.92,84.81,9.416841492,7.922084806,1.494756686,96.7,Poland,5,3,0,Spring,Medium,12.0,0.8,20.5,0
2025-11-07,Warsaw Chopin,72.03,83.83,13.4844189,10.32274436,3.161674541,94.77,Poland,11,4,0,Autumn,Medium,6.5,0.0,12.3,0
2025-02-20,Warsaw Chopin,67.76,78.01,13.50612245,9.46473029,4.041392159,94.8,Poland,2,3,0,Winter,Medium,-2.4,0.6,11.6,0
2022-08-25,Warsaw Chopin,49.15,71.91,27.13247863,17.69439716,9.438081469,97.62,Poland,8,3,0,Summer,Medium,24.5,0.1,14.5,1
2023-11-09,Warsaw Chopin,87.83,92.24,10.10869565,3.189117199,6.919578453,98.35,Poland,11,3,0,Autumn,Medium,7.0,0.0,19.2,0
2025-09-03,Warsaw Chopin,82.96,86.23,9.568006431,7.390874317,2.177132114,98.13,Poland,9,2,0,Autumn,Medium,19.3,1.2,12.1,0
2026-03-30,Warsaw Chopin,81.62,76.21,12.16911765,18.29237918,-6.123261535,91.15,Poland,3,0,0,Spring,Medium,6.4,0.0,12.4,0
2023-02-18,Warsaw Chopin,56.8,68.75,24.02820513,17.51590909,6.512296037,95.19,Poland,2,5,1,Winter,Medium,5.8,1.7,47.5,1
2025-01-18,Warsaw Chopin,77.32,79.59,14.39690722,14.61879252,-0.221885301,95.1,Poland,1,5,1,Winter,Medium,1.7,0.0,15.5,0
2022-07-28,Warsaw Chopin,57.96,70.69,22.68775811,16.92191092,5.765847193,98.29,Poland,7,3,0,Summer,Medium,18.0,0.0,12.4,1
2023-09-14,Warsaw Chopin,66.15,80.15,16.01005188,11.10896947,4.901082415,93.97,Poland,9,3,0,Autumn,Medium,18.9,1.4,20.3,1
2023-05-11,Warsaw Chopin,78.69,82.11,10.24180328,8.996138211,1.245665067,98.84,Poland,5,3,0,Spring,Medium,12.8,0.0,21.3,0
2025-12-28,Warsaw Chopin,64.09,60.76,16.948713,20.32383966,-3.375126664,99.24,Poland,12,6,1,Winter,Medium,1.6,0.1,24.2,1
2022-02-28,Warsaw Chopin,81.25,82.01,12.1640625,8.644724221,3.519338279,87.58,Poland,2,0,0,Winter,Medium,-1.3,0.0,12.3,0
2025-06-22,Warsaw Chopin,76.14,76.9,14.66900871,12.00770077,2.661307945,96.87,Poland,6,6,1,Summer,Medium,20.6,7.0,18.6,0
2024-03-27,Warsaw Chopin,85.58,88.68,6.5,6.268867925,0.231132075,96.07,Poland,3,2,0,Spring,Medium,10.5,0.0,26.3,0
2026-04-15,Warsaw Chopin,83.65,89.06,7.876489227,5.895898438,1.980590789,95.77,Poland,4,2,0,Spring,Medium,12.4,0.9,12.4,0
2024-04-09,Warsaw Chopin,87.01,92.53,6.298701299,3.659681881,2.639019418,94.25,Poland,4,1,0,Spring,Medium,19.2,0.0,15.0,0
2025-06-28,Warsaw Chopin,71.75,72.14,13.26771995,13.23327381,0.034446141,95.82,Poland,6,5,1,Summer,Medium,18.0,0.2,22.6,0
2025-09-28,Warsaw Chopin,56.8,55.24,18.59863946,23.10425408,-4.505614623,96.17,Poland,9,6,1,Autumn,Medium,10.1,0.0,11.3,1
2022-12-21,Warsaw Chopin,72.58,82.12,14.84713262,9.575139665,5.271992952,96.97,Poland,12,2,0,Winter,Medium,1.3,4.6,14.5,0
2024-03-28,Warsaw Chopin,76.75,85.45,9.454678363,6.984428795,2.470249568,95.47,Poland,3,3,0,Spring,Medium,11.5,2.8,27.8,0
2025-07-19,Warsaw Chopin,48.01,60.64,28.64963899,21.66010638,6.989532606,98.59,Poland,7,5,1,Summer,Medium,18.9,4.3,15.1,1
2023-03-10,Warsaw Chopin,69.81,77.88,16.52350629,18.13141026,-1.607903967,96.43,Poland,3,4,0,Spring,Medium,4.3,1.5,22.2,1
2024-11-19,Warsaw Chopin,74.59,85.66,13.13620219,10.81898907,2.317213115,95.8,Poland,11,1,0,Autumn,Medium,4.1,5.1,24.9,0
2022-10-20,Warsaw Chopin,65.18,66.82,18.99017857,17.37235202,1.617826547,96.75,Poland,10,3,0,Autumn,Medium,6.7,0.0,11.4,1
2025-11-18,Warsaw Chopin,86.7,88.28,6.17167382,5.624546722,0.547127097,98.33,Poland,11,1,0,Autumn,Medium,2.7,0.3,20.6,0
2025-05-21,Warsaw Chopin,73.43,80.97,12.20979021,10.36280277,1.846987442,97.01,Poland,5,2,0,Spring,Medium,16.9,0.0,16.8,0
2026-03-12,Warsaw Chopin,80.77,85.04,9.596153846,9.244094488,0.352059358,94.37,Poland,3,3,0,Spring,Medium,9.9,0.2,12.5,0
2024-08-04,Warsaw Chopin,55.8,63.06,22.80434783,19.81548507,2.988862751,93.65,Poland,8,6,1,Summer,Medium,20.2,2.1,13.8,1
2022-08-22,Warsaw Chopin,66.07,78.17,19.14828869,11.27692868,7.871360015,96.71,Poland,8,0,0,Summer,Medium,21.8,1.0,14.1,1
2023-07-03,Warsaw Chopin,68.72,79.42,16.82716049,11.14320988,5.683950617,94.98,Poland,7,0,0,Summer,Medium,19.8,0.0,23.6,1
2022-07-16,Warsaw Chopin,45.83,69.27,27.27152778,19.27408257,7.997445209,94.85,Poland,7,5,1,Summer,Medium,15.3,6.7,20.4,1
2024-01-27,Warsaw Chopin,83.24,83.43,9.579865125,8.978190476,0.601674649,94.68,Poland,1,5,1,Winter,Medium,2.7,3.2,31.4,0
2025-10-05,Warsaw Chopin,62.24,72.07,27.35856009,23.32057471,4.037985378,97.7,Poland,10,6,1,Autumn,Medium,10.3,6.4,22.7,1
2022-03-23,Warsaw Chopin,77.4,88.24,12.32751142,8.554575163,3.772936252,91.48,Poland,3,2,0,Spring,Medium,7.5,0.0,13.8,0
2026-02-13,Warsaw Chopin,78.28,76.3,11.22546816,11.52314815,-0.297679983,96.75,Poland,2,4,0,Winter,Medium,2.7,2.2,20.2,0
2025-04-16,Warsaw Chopin,76.32,83.14,13.43070175,10.38971903,3.040982725,97.85,Poland,4,2,0,Spring,Medium,17.4,0.7,17.6,0
2026-05-18,Warsaw Chopin,81.21,89.76,8.315436242,5.633503982,2.68193226,97.13,Poland,5,0,0,Spring,Medium,13.2,0.5,12.0,0
2022-04-22,Warsaw Chopin,37.43,36.21,48.43836127,49.65383142,-1.215470151,94.97,Poland,4,4,0,Spring,Medium,8.6,0.5,22.4,1
2026-02-05,Warsaw Chopin,56.47,48.41,22.3430719,28.54583333,-6.202761438,97.01,Poland,2,3,0,Winter,Medium,-2.6,0.2,17.7,1
2024-06-12,Warsaw Chopin,69.34,69.37,21.55772506,22.79071341,-1.232988346,95.64,Poland,6,2,0,Summer,Medium,14.4,0.1,17.7,1
2025-09-19,Warsaw Chopin,76.62,81.17,10.1508658,8.331980519,1.818885281,97.48,Poland,9,4,0,Autumn,Medium,18.0,2.4,22.5,0
2023-04-28,Warsaw Chopin,68.42,83.26,16.23910819,10.36079295,5.878315236,96.41,Poland,4,4,0,Spring,Medium,7.4,0.1,13.8,1
2025-09-17,Warsaw Chopin,70.53,83.44,13.59602649,8.926048565,4.669977925,98.73,Poland,9,2,0,Autumn,Medium,13.9,0.5,17.6,0
2024-07-28,Warsaw Chopin,60.36,62.17,19.76363636,21.25836454,-1.494728181,96.85,Poland,7,6,1,Summer,Medium,20.2,17.4,42.4,1
2024-01-12,Warsaw Chopin,52.07,67.27,30.1702765,20.30340909,9.866867407,98.23,Poland,1,4,0,Winter,Medium,-3.3,0.5,30.0,1
2022-11-07,Warsaw Chopin,76.56,87.24,15.33585069,7.141071429,8.194779266,97.56,Poland,11,0,0,Autumn,Medium,8.0,0.0,17.1,1
2023-11-06,Warsaw Chopin,81.17,84.44,9.697309417,8.652222222,1.045087195,92.34,Poland,11,0,0,Autumn,Medium,9.8,0.4,33.1,0
2025-06-05,Warsaw Chopin,70.67,81.46,14.02216667,9.056236203,4.965930464,97.22,Poland,6,3,0,Summer,Medium,22.1,2.6,19.9,0
2024-07-04,Warsaw Chopin,53.41,71.12,24.18345281,17.58904934,6.594403469,95.11,Poland,7,3,0,Summer,Medium,17.7,0.3,18.0,1
2023-06-28,Warsaw Chopin,63.6,71.14,15.88493333,12.77127371,3.113659621,96.0,Poland,6,2,0,Summer,Medium,16.8,0.7,25.5,1
2025-04-05,Warsaw Chopin,71.79,78.99,11.45149573,9.103921569,2.347574158,97.94,Poland,4,5,1,Spring,Medium,4.9,2.0,27.7,0
2023-02-21,Warsaw Chopin,79.23,86.86,8.842896175,7.440857143,1.402039032,96.88,Poland,2,1,0,Winter,Medium,6.2,4.3,40.7,0
2023-03-30,Warsaw Chopin,78.6,81.78,10.35860465,8.563862928,1.794741723,97.86,Poland,3,3,0,Spring,Medium,7.1,2.0,19.3,0
2026-05-15,Warsaw Chopin,85.31,88.54,7.683449883,6.699131944,0.984317939,98.31,Poland,5,4,0,Spring,Medium,13.0,3.0,17.3,0
2025-01-15,Warsaw Chopin,70.27,69.82,15.17815315,14.43220721,0.745945946,95.06,Poland,1,2,0,Winter,Medium,1.0,3.0,18.6,1
2025-08-18,Warsaw Chopin,67.32,73.7,16.39738562,15.46693723,0.930448391,97.2,Poland,8,0,0,Summer,Medium,16.9,1.0,13.1,1
2024-04-19,Warsaw Chopin,69.29,71.43,16.83001383,15.91693878,0.913075056,95.8,Poland,4,4,0,Spring,Medium,5.0,2.5,21.6,1
2026-03-23,Warsaw Chopin,89.96,90.42,6.195238095,5.138825032,1.056413063,96.01,Poland,3,0,0,Spring,Medium,8.7,0.0,10.2,0
2023-09-07,Warsaw Chopin,70.88,81.06,14.28735632,9.175252525,5.112103797,93.08,Poland,9,3,0,Autumn,Medium,19.4,0.0,11.8,0
2023-06-15,Warsaw Chopin,64.58,71.76,17.65817958,14.44351145,3.214668131,97.91,Poland,6,3,0,Summer,Medium,16.1,4.6,8.8,1
2023-12-17,Warsaw Chopin,80.6,83.42,10.17761194,10.41303972,-0.235427783,96.74,Poland,12,6,1,Winter,Medium,6.7,1.6,30.0,0
2025-11-24,Warsaw Chopin,63.12,75.97,17.01210393,15.80704134,1.205062585,96.38,Poland,11,0,0,Autumn,Medium,-1.2,1.8,14.1,1
2024-06-22,Warsaw Chopin,44.0,51.2,37.7424,32.27253333,5.469866667,96.58,Poland,6,5,1,Summer,Medium,22.6,0.2,24.1,1
2024-02-14,Warsaw Chopin,93.97,93.37,4.140703518,3.603486395,0.537217123,97.64,Poland,2,2,0,Winter,Medium,3.8,0.0,13.5,0
2024-12-29,Warsaw Chopin,61.11,70.18,18.85982906,16.74969419,2.11013487,97.54,Poland,12,6,1,Winter,Medium,1.6,0.1,14.6,1
2022-11-24,Warsaw Chopin,64.06,77.84,16.42907986,10.49486486,5.934214996,96.06,Poland,11,3,0,Autumn,Medium,-1.9,6.1,13.3,1
2022-09-12,Warsaw Chopin,66.38,76.86,20.86242816,16.88911846,3.973309704,95.65,Poland,9,0,0,Autumn,Medium,12.6,1.4,19.5,1
2022-11-19,Warsaw Chopin,61.35,74.71,16.83916155,11.08438697,5.754774581,95.95,Poland,11,5,1,Autumn,Medium,-3.5,0.2,12.7,1
2025-03-15,Warsaw Chopin,88.83,92.06,7.106796117,5.303582555,1.803213562,98.57,Poland,3,5,1,Spring,Medium,2.4,0.0,11.0,0
2023-05-29,Warsaw Chopin,78.95,83.69,11.66388889,8.889413448,2.774475441,95.97,Poland,5,0,0,Spring,Medium,16.6,0.0,12.3,0
2023-09-27,Warsaw Chopin,75.77,83.08,13.49628205,8.895833333,4.600448718,96.09,Poland,9,2,0,Autumn,Medium,19.4,0.0,13.0,0
2025-02-19,Warsaw Chopin,70.42,78.39,13.87916667,10.26694915,3.612217514,97.2,Poland,2,2,0,Winter,Medium,-2.6,1.3,14.5,0
2023-09-06,Warsaw Chopin,77.1,84.88,11.85114504,8.810206718,3.04093832,95.04,Poland,9,2,0,Autumn,Medium,18.5,0.0,9.4,0
2024-08-20,Warsaw Chopin,62.32,72.26,18.54257246,15.49537713,3.047195335,95.61,Poland,8,1,0,Summer,Medium,19.0,19.1,17.1,1
2024-09-16,Warsaw Chopin,67.88,72.26,20.08175182,18.07414842,2.007603406,96.22,Poland,9,0,0,Autumn,Medium,18.9,0.0,23.3,1
2025-04-27,Warsaw Chopin,74.57,87.28,11.8556701,7.92155477,3.934115333,97.99,Poland,4,6,1,Spring,Medium,8.5,0.0,11.8,0
2023-05-10,Warsaw Chopin,76.86,81.78,12.70101892,9.951333333,2.74968559,98.37,Poland,5,2,0,Spring,Medium,11.9,0.0,25.5,0
2022-03-28,Warsaw Chopin,77.3,78.82,11.4799591,11.30990196,0.170057139,95.6,Poland,3,0,0,Spring,Medium,10.3,0.0,26.4,0
2025-02-05,Warsaw Chopin,89.7,93.13,6.412017167,4.82739628,1.584620887,98.76,Poland,2,2,0,Winter,Medium,0.8,0.0,11.5,0
2026-03-03,Warsaw Chopin,91.42,94.51,5.81323319,3.020323488,2.792909702,93.28,Poland,3,1,0,Spring,Medium,6.9,0.0,11.4,0
2023-01-01,Warsaw Chopin,83.13,91.39,10.30783133,6.365121413,3.942709912,98.25,Poland,1,6,1,Winter,Medium,13.8,0.0,27.0,0
2022-09-23,Warsaw Chopin,47.95,63.87,29.15157104,21.88277311,7.268797929,94.74,Poland,9,4,0,Autumn,Medium,9.9,0.2,14.4,1
2022-10-15,Warsaw Chopin,72.08,68.0,15.67445008,17.43458333,-1.760133249,97.58,Poland,10,5,1,Autumn,Medium,12.3,1.9,21.8,1
2026-05-11,Warsaw Chopin,83.97,85.37,8.095180023,9.599477352,-1.504297329,97.64,Poland,5,0,0,Spring,Medium,14.7,6.8,19.7,0
2022-12-25,Warsaw Chopin,74.67,85.61,13.78911111,10.20820707,3.58090404,99.34,Poland,12,6,1,Winter,Medium,3.7,0.9,10.8,0
2022-02-24,Warsaw Chopin,84.33,83.7,8.251119403,10.20728395,-1.956164548,89.09,Poland,2,3,0,Winter,Medium,3.9,0.0,22.7,0
2025-03-11,Warsaw Chopin,86.67,90.79,9.025,5.499372385,3.525627615,97.22,Poland,3,1,0,Spring,Medium,10.2,0.0,16.1,0
2025-04-24,Warsaw Chopin,80.36,88.85,8.919880952,6.103117506,2.816763446,97.28,Poland,4,3,0,Spring,Medium,17.4,1.1,15.1,0
2025-03-02,Warsaw Chopin,76.37,83.62,11.03375527,7.821767241,3.211988033,98.76,Poland,3,6,1,Spring,Medium,1.7,0.1,18.3,0
2025-12-12,Warsaw Chopin,79.18,81.16,8.891016109,8.986594203,-0.095578094,96.81,Poland,12,4,0,Winter,Medium,7.1,0.5,16.0,0
2024-07-07,Warsaw Chopin,63.88,73.56,19.9391635,15.6532567,4.285906793,95.44,Poland,7,6,1,Summer,Medium,22.0,1.8,22.4,1
2024-04-16,Warsaw Chopin,77.69,82.13,11.24084022,11.7293617,-0.488521482,94.42,Poland,4,1,0,Spring,Medium,8.1,1.8,33.2,0
2022-08-10,Warsaw Chopin,59.17,72.17,18.99824159,12.73254717,6.26569442,96.62,Poland,8,2,0,Summer,Medium,18.3,0.8,11.5,1
2022-04-24,Warsaw Chopin,57.32,57.76,22.11026423,18.72950311,3.380761122,95.93,Poland,4,6,1,Spring,Medium,9.4,1.8,13.8,1
2023-10-13,Warsaw Chopin,68.83,77.78,15.31882591,12.05274348,3.266082427,93.41,Poland,10,4,0,Autumn,Medium,13.4,0.1,20.3,1
2024-03-19,Warsaw Chopin,75.12,85.51,10.64529506,7.186448598,3.458846458,97.75,Poland,3,1,0,Spring,Medium,2.4,0.0,17.9,0
2022-06-24,Warsaw Chopin,32.62,48.26,35.64155937,30.76702899,4.874530385,92.48,Poland,6,4,0,Summer,Medium,21.6,0.0,15.3,1
2026-01-14,Warsaw Chopin,41.46,54.5,52.92252033,32.28423423,20.63828609,85.12,Poland,1,2,0,Winter,Medium,-6.6,6.8,20.6,1
2023-11-14,Warsaw Chopin,88.15,89.9,7.14399684,5.321153846,1.822842994,96.41,Poland,11,1,0,Autumn,Medium,7.5,7.9,27.8,0
2025-05-29,Warsaw Chopin,73.56,78.2,11.64870056,10.34838524,1.300315329,98.39,Poland,5,3,0,Spring,Medium,14.7,8.8,24.8,0
2025-06-13,Warsaw Chopin,77.56,79.46,13.69636964,10.08569024,3.610679401,96.02,Poland,6,4,0,Summer,Medium,14.9,0.1,15.8,0
2022-01-19,Warsaw Chopin,92.81,93.85,4.751918465,2.480641026,2.27127744,94.9,Poland,1,2,0,Winter,Medium,0.3,0.0,20.9,0
2023-02-28,Warsaw Chopin,83.43,88.33,7.95893186,6.578148148,1.380783712,97.45,Poland,2,1,0,Winter,Medium,-2.3,0.0,9.2,0
2025-04-23,Warsaw Chopin,79.7,85.13,10.62730627,8.894052045,1.733254228,98.58,Poland,4,2,0,Spring,Medium,16.1,0.0,8.9,0
2022-10-13,Warsaw Chopin,50.44,57.21,25.71381579,21.18604651,4.527769278,97.97,Poland,10,3,0,Autumn,Medium,8.4,0.0,14.8,1
2023-03-05,Warsaw Chopin,67.39,88.51,14.05498188,8.571072797,5.483909087,99.47,Poland,3,6,1,Spring,Medium,-2.0,0.5,21.2,0
2024-09-28,Warsaw Chopin,77.33,75.69,11.1765857,14.16071895,-2.984133259,95.79,Poland,9,5,1,Autumn,Medium,14.6,2.5,28.6,0
2026-03-22,Warsaw Chopin,87.03,92.92,6.255230126,5.698672566,0.556557559,97.58,Poland,3,6,1,Spring,Medium,7.3,0.0,13.1,0
2025-07-04,Warsaw Chopin,79.21,81.13,12.59829483,10.7049117,1.89338313,95.68,Poland,7,4,0,Summer,Medium,19.0,0.0,17.5,0
2022-02-01,Warsaw Chopin,86.73,83.78,10.29070796,9.86966967,0.421038295,98.35,Poland,2,1,0,Winter,Medium,-1.5,1.0,22.7,0
2025-06-09,Warsaw Chopin,79.05,83.73,12.62561937,10.70485876,1.920760612,97.72,Poland,6,0,0,Summer,Medium,14.1,0.8,26.4,0
2022-07-30,Warsaw Chopin,53.99,63.51,27.62973396,23.3385466,4.291187356,96.04,Poland,7,5,1,Summer,Medium,18.6,17.2,22.5,1
2023-03-16,Warsaw Chopin,83.84,86.32,6.899158249,5.848859649,1.0502986,97.64,Poland,3,3,0,Spring,Medium,1.1,0.6,15.2,0
2023-08-31,Warsaw Chopin,67.83,79.68,15.26330749,10.0813413,5.181966192,95.7,Poland,8,3,0,Summer,Medium,16.4,4.5,18.8,1
2025-12-20,Warsaw Chopin,58.92,61.29,23.06237898,19.51599462,3.546384353,96.05,Poland,12,5,1,Winter,Medium,2.3,0.6,10.4,1
2022-08-03,Warsaw Chopin,61.36,69.16,22.32712121,17.37951713,4.947604078,98.28,Poland,8,2,0,Summer,Medium,21.5,0.0,10.2,1
2025-01-21,Warsaw Chopin,77.73,83.12,10.12030568,7.97972583,2.140579847,97.52,Poland,1,1,0,Winter,Medium,1.1,0.0,10.8,0
2025-06-07,Warsaw Chopin,80.15,85.0,10.64393382,8.730297619,1.913636204,97.53,Poland,6,5,1,Summer,Medium,19.3,7.5,16.1,0
2024-06-24,Warsaw Chopin,58.46,70.93,22.18391026,19.75497416,2.428936096,96.07,Poland,6,0,0,Summer,Medium,18.4,0.0,18.6,1
2022-11-23,Warsaw Chopin,82.18,87.93,7.452394636,6.522030651,0.930363985,97.34,Poland,11,2,0,Autumn,Medium,0.7,0.1,17.5,0
2023-12-26,Warsaw Chopin,91.62,91.24,8.87382199,7.288316151,1.585505838,98.0,Poland,12,1,0,Winter,Medium,6.4,6.0,34.0,0
2024-03-14,Warsaw Chopin,77.54,85.4,10.0819209,8.194542773,1.887378131,96.05,Poland,3,3,0,Spring,Medium,6.0,0.0,14.3,0
2022-07-08,Warsaw Chopin,42.74,57.39,33.33990318,24.58797101,8.751932167,94.36,Poland,7,4,0,Summer,Medium,17.5,13.8,18.6,1
2023-04-25,Warsaw Chopin,77.0,82.69,15.14827856,9.962019231,5.186259329,98.26,Poland,4,1,0,Spring,Medium,9.4,10.2,21.2,1
2022-12-08,Warsaw Chopin,71.2,80.95,13.85017452,11.67275132,2.177423197,97.54,Poland,12,3,0,Winter,Medium,0.9,0.2,21.1,0
2024-06-18,Warsaw Chopin,65.54,76.01,14.77902622,11.69292743,3.086098788,95.21,Poland,6,1,0,Summer,Medium,22.6,1.1,13.0,0
2022-05-28,Warsaw Chopin,38.8,61.96,31.01338798,22.89148551,8.121902471,97.97,Poland,5,5,1,Spring,Medium,10.2,13.5,29.4,1
2023-04-27,Warsaw Chopin,75.93,86.32,13.80643154,8.3502849,5.456146635,96.21,Poland,4,3,0,Spring,Medium,6.0,1.0,18.0,0
2022-12-27,Warsaw Chopin,72.22,81.22,15.57259259,8.548802947,7.023789646,98.42,Poland,12,1,0,Winter,Medium,4.4,8.4,27.2,1
2022-03-25,Warsaw Chopin,76.82,81.48,13.13211921,13.02037037,0.111748835,94.32,Poland,3,4,0,Spring,Medium,7.2,0.0,15.6,0
2024-02-04,Warsaw Chopin,76.38,74.87,10.44757119,10.91506239,-0.467491199,99.02,Poland,2,6,1,Winter,Medium,5.2,2.4,34.2,0
2023-05-02,Warsaw Chopin,87.62,88.37,9.719047619,7.222713178,2.496334441,98.62,Poland,5,1,0,Spring,Medium,13.1,8.6,27.7,0
2022-02-18,Warsaw Chopin,79.39,91.3,11.47977099,6.677173913,4.802597079,96.18,Poland,2,4,0,Winter,Medium,4.7,3.0,33.3,0
2023-04-14,Warsaw Chopin,81.11,87.5,11.96835637,7.883256173,4.085100202,99.12,Poland,4,4,0,Spring,Medium,11.1,0.6,25.7,0
2025-12-17,Warsaw Chopin,76.63,81.85,11.90945083,8.720785071,3.188665759,97.8,Poland,12,2,0,Winter,Medium,1.8,0.0,14.6,0
2022-06-05,Warsaw Chopin,41.26,53.39,35.64559043,29.00105581,6.644534627,93.9,Poland,6,6,1,Summer,Medium,17.8,0.0,15.0,1
2025-05-19,Warsaw Chopin,81.4,82.39,11.03157895,9.35915493,1.672424018,96.68,Poland,5,0,0,Spring,Medium,9.9,0.0,12.2,0
2025-05-05,Warsaw Chopin,79.56,78.78,9.45243309,11.15641487,-1.703981778,95.17,Poland,5,0,0,Spring,Medium,8.4,0.0,14.8,0
2026-03-18,Warsaw Chopin,84.71,86.67,9.438498623,9.065625,0.372873623,95.38,Poland,3,2,0,Spring,Medium,7.7,0.0,10.6,0
2025-06-03,Warsaw Chopin,80.07,86.06,12.64038462,8.413182346,4.227202269,96.17,Poland,6,1,0,Summer,Medium,19.0,6.6,15.5,0
2024-07-15,Warsaw Chopin,57.95,72.03,20.84090909,15.8545977,4.98631139,97.17,Poland,7,0,0,Summer,Medium,23.7,0.8,7.7,1
2025-08-09,Warsaw Chopin,75.44,79.51,11.80782918,10.24114583,1.566683348,96.6,Poland,8,5,1,Summer,Medium,21.9,0.0,10.1,0
2026-05-08,Warsaw Chopin,86.94,87.46,7.144329897,7.027409988,0.116919909,98.03,Poland,5,4,0,Spring,Medium,11.2,0.3,9.3,0
2025-08-23,Warsaw Chopin,75.18,81.82,12.0712766,11.20679012,0.864486472,96.26,Poland,8,5,1,Summer,Medium,14.6,0.3,21.1,0
2022-06-29,Warsaw Chopin,32.31,49.57,41.75975255,34.47054598,7.28920657,94.84,Poland,6,2,0,Summer,Medium,22.9,0.0,13.2,1
2024-12-16,Warsaw Chopin,77.24,75.1,12.08760163,11.66510204,0.422499585,95.08,Poland,12,0,0,Winter,Medium,7.7,15.0,34.6,0
2023-05-22,Warsaw Chopin,74.37,79.74,17.22871148,13.68153736,3.547174128,98.04,Poland,5,0,0,Spring,Medium,16.2,0.0,10.3,1
2025-08-27,Warsaw Chopin,76.22,83.33,10.51319218,8.664869281,1.848322901,98.44,Poland,8,2,0,Summer,Medium,16.1,0.0,12.9,0
2023-07-21,Warsaw Chopin,74.21,70.54,12.49239418,15.10781466,-2.615420481,97.35,Poland,7,4,0,Summer,Medium,18.7,0.5,11.9,0
2023-08-07,Warsaw Chopin,68.6,76.11,16.61157025,13.87908232,2.732487927,96.5,Poland,8,0,0,Summer,Medium,17.0,0.4,27.6,1
2024-07-25,Warsaw Chopin,55.36,63.47,27.04488095,22.1695572,4.875323757,94.98,Poland,7,3,0,Summer,Medium,19.3,1.8,19.4,1
2022-12-30,Warsaw Chopin,60.0,83.33,17.50730159,10.71593137,6.791370215,97.29,Poland,12,4,0,Winter,Medium,5.7,0.0,19.9,1
2025-03-10,Warsaw Chopin,91.03,92.02,7.542735043,4.09012605,3.452608992,92.31,Poland,3,0,0,Spring,Medium,11.0,0.0,13.8,0
2023-03-03,Warsaw Chopin,67.5,75.98,14.721,13.50751634,1.21348366,97.65,Poland,3,4,0,Spring,Medium,0.3,0.0,20.4,0
2025-06-14,Warsaw Chopin,80.14,81.05,12.37695548,9.428421053,2.948534423,92.83,Poland,6,5,1,Summer,Medium,18.0,0.0,9.5,0
2025-07-07,Warsaw Chopin,65.87,71.28,17.15051195,14.3210496,2.829462349,94.34,Poland,7,0,0,Summer,Medium,20.9,10.1,13.6,1
2022-12-13,Warsaw Chopin,42.93,60.42,33.94415358,26.62039931,7.323754272,97.06,Poland,12,1,0,Winter,Medium,-3.1,0.0,21.6,1
2025-01-19,Warsaw Chopin,72.96,73.73,12.82017167,13.47626728,-0.656095607,96.28,Poland,1,6,1,Winter,Medium,1.0,0.0,7.3,0
2026-04-23,Warsaw Chopin,84.89,85.66,6.748201439,7.210171569,-0.46197013,96.26,Poland,4,3,0,Spring,Medium,11.7,0.0,24.8,0
2023-06-23,Warsaw Chopin,61.07,67.69,21.66717557,18.02166667,3.645508906,96.45,Poland,6,4,0,Summer,Medium,21.1,12.0,15.3,1
2023-08-08,Warsaw Chopin,75.95,81.93,11.98277075,9.347408964,2.635361782,97.98,Poland,8,1,0,Summer,Medium,16.3,0.3,27.9,0
2026-04-25,Warsaw Chopin,84.98,86.11,9.816403162,10.02585979,-0.209456626,96.95,Poland,4,5,1,Spring,Medium,13.4,0.0,27.4,0
2025-10-16,Warsaw Chopin,49.5,60.54,23.86477146,19.10856009,4.75621137,97.47,Poland,10,3,0,Autumn,Medium,9.2,0.8,16.1,1
2023-11-02,Warsaw Chopin,76.68,82.16,11.22234679,9.313302034,1.909044752,95.06,Poland,11,3,0,Autumn,Medium,9.6,0.0,25.6,0
2026-04-07,Warsaw Chopin,82.42,79.04,8.328937729,9.564460784,-1.235523055,96.54,Poland,4,1,0,Spring,Medium,6.7,0.6,30.3,0
2024-01-28,Warsaw Chopin,78.22,83.94,10.86633663,10.08704663,0.779290002,95.79,Poland,1,6,1,Winter,Medium,2.5,0.3,19.9,0
2022-09-01,Warsaw Chopin,52.07,77.12,20.66735537,13.33114407,7.336211304,97.68,Poland,9,3,0,Autumn,Medium,14.9,1.2,15.5,1
2024-08-21,Warsaw Chopin,63.5,70.74,20.34215328,14.17080247,6.171350816,97.52,Poland,8,2,0,Summer,Medium,20.1,8.8,17.9,1
2023-09-03,Warsaw Chopin,59.16,72.51,20.01914758,13.65305445,6.366093134,93.36,Poland,9,6,1,Autumn,Medium,16.7,0.7,12.9,1
2026-03-06,Warsaw Chopin,84.82,87.31,9.31387808,9.252820513,0.061057568,93.59,Poland,3,4,0,Spring,Medium,3.7,0.0,4.9,0
2024-05-24,Warsaw Chopin,68.44,69.92,13.84461343,13.47236842,0.372245014,96.43,Poland,5,4,0,Spring,Medium,20.7,0.0,19.9,0
2025-08-11,Warsaw Chopin,81.11,84.67,10.1412595,8.721222222,1.420037278,96.56,Poland,8,0,0,Summer,Medium,18.6,0.0,13.4,0
2022-11-09,Warsaw Chopin,86.49,90.34,9.324054054,4.976609848,4.347444206,96.57,Poland,11,2,0,Autumn,Medium,9.1,0.0,15.3,0
2023-03-12,Warsaw Chopin,76.17,83.05,15.95682211,8.574293785,7.382528322,98.49,Poland,3,6,1,Spring,Medium,0.7,0.3,33.9,1
2026-03-02,Warsaw Chopin,81.75,88.93,8.912698413,6.440118577,2.472579836,93.48,Poland,3,0,0,Spring,Medium,6.0,0.1,12.1,0
2023-09-13,Warsaw Chopin,62.45,75.6,18.61943347,12.76753333,5.851900132,94.58,Poland,9,2,0,Autumn,Medium,21.8,0.0,14.0,1
2022-11-05,Warsaw Chopin,76.51,86.31,10.81797189,7.262698413,3.555273475,95.16,Poland,11,5,1,Autumn,Medium,8.9,10.8,18.0,0
2023-03-07,Warsaw Chopin,73.94,82.72,11.18820922,9.44895288,1.73925634,97.07,Poland,3,1,0,Spring,Medium,0.5,0.3,26.0,0
2023-01-06,Warsaw Chopin,64.06,80.63,17.76111111,10.6582897,7.102821408,97.96,Poland,1,4,0,Winter,Medium,0.6,5.6,25.6,1
2024-08-31,Warsaw Chopin,68.7,72.55,18.75203252,14.91405229,3.837980233,96.9,Poland,8,5,1,Summer,Medium,21.2,0.1,18.0,1
2022-07-01,Warsaw Chopin,27.12,43.53,50.47196328,39.37428161,11.09768167,89.05,Poland,7,4,0,Summer,Medium,28.3,0.0,19.9,1
2023-07-30,Warsaw Chopin,57.03,64.2,21.24899598,19.74080933,1.508186656,95.83,Poland,7,6,1,Summer,Medium,20.7,4.4,18.7,1
2023-06-29,Warsaw Chopin,70.9,81.89,15.28190299,9.759973753,5.521929232,95.77,Poland,6,3,0,Summer,Medium,19.8,0.0,19.6,1
2024-02-25,Warsaw Chopin,85.02,92.5,7.120772947,4.229333333,2.891439614,98.14,Poland,2,6,1,Winter,Medium,6.7,0.2,14.3,0
2026-01-15,Warsaw Chopin,50.19,55.79,25.9752235,24.65709366,1.318129835,97.45,Poland,1,3,0,Winter,Medium,-0.1,0.2,13.6,1
2022-10-24,Warsaw Chopin,73.13,70.53,14.76849088,14.72028986,0.048201024,95.96,Poland,10,0,0,Autumn,Medium,12.0,0.2,13.1,0
2023-08-22,Warsaw Chopin,73.97,87.6,13.36432507,6.507438017,6.856887052,95.09,Poland,8,1,0,Summer,Medium,21.2,10.8,13.9,0
2023-04-07,Warsaw Chopin,80.09,85.24,10.28333333,8.798730159,1.484603175,98.65,Poland,4,4,0,Spring,Medium,7.4,4.8,17.6,0
2024-11-16,Warsaw Chopin,82.93,88.94,8.697560976,6.833573718,1.863987258,98.1,Poland,11,5,1,Autumn,Medium,6.6,0.3,16.8,0
2024-03-04,Warsaw Chopin,80.54,81.33,9.45505279,7.790296296,1.664756494,95.88,Poland,3,0,0,Spring,Medium,5.3,0.4,17.7,0
2023-01-13,Warsaw Chopin,75.9,86.83,11.54726496,8.198373984,3.348890974,98.54,Poland,1,4,0,Winter,Medium,6.9,2.3,20.5,0
2026-04-11,Warsaw Chopin,84.1,83.54,8.290376569,6.831001372,1.459375197,97.2,Poland,4,5,1,Spring,Medium,6.5,0.0,11.7,0
2022-05-07,Warsaw Chopin,69.19,73.91,13.79423423,12.29411232,1.500121915,96.52,Poland,5,5,1,Spring,Medium,14.5,0.0,15.3,0
2024-10-15,Warsaw Chopin,82.06,78.87,11.58066158,11.27685535,0.303806232,98.16,Poland,10,1,0,Autumn,Medium,8.8,1.8,18.2,0
2024-10-19,Warsaw Chopin,65.37,57.6,17.33787879,19.00746667,-1.669587879,97.06,Poland,10,5,1,Autumn,Medium,8.4,0.0,19.8,1
2022-12-22,Warsaw Chopin,61.76,77.27,19.63390523,13.87744108,5.756464151,97.27,Poland,12,3,0,Winter,Medium,3.4,0.0,17.9,1
2025-07-29,Warsaw Chopin,65.67,76.92,15.75,12.546767,3.203232999,99.03,Poland,7,1,0,Summer,Medium,18.1,1.2,24.7,1
2022-07-29,Warsaw Chopin,64.73,74.04,20.67282158,18.25553191,2.417289662,96.08,Poland,7,4,0,Summer,Medium,19.1,0.0,15.0,1
2022-05-21,Warsaw Chopin,52.41,54.69,23.02085561,22.77109375,0.249761865,96.97,Poland,5,5,1,Spring,Medium,15.7,10.8,44.4,1
2025-03-01,Warsaw Chopin,75.12,81.19,12.88802817,10.05978593,2.828242236,97.74,Poland,3,5,1,Spring,Medium,2.0,3.3,15.3,0
2024-12-10,Warsaw Chopin,79.75,83.54,10.02236287,8.531207133,1.491155736,94.92,Poland,12,1,0,Winter,Medium,1.2,0.0,13.1,0
2025-01-06,Warsaw Chopin,61.76,70.37,17.50014006,16.06111111,1.439028945,97.94,Poland,1,0,0,Winter,Medium,1.7,4.2,21.1,1
2025-06-26,Warsaw Chopin,61.94,75.08,20.62467742,15.20715847,5.417518949,97.24,Poland,6,3,0,Summer,Medium,18.4,0.0,14.7,1
2024-02-20,Warsaw Chopin,82.14,86.43,8.760204082,6.138860972,2.62134311,84.13,Poland,2,1,0,Winter,Medium,5.9,3.1,22.3,0
2023-12-06,Warsaw Chopin,81.73,83.8,10.20464744,8.111342593,2.093304843,96.4,Poland,12,2,0,Winter,Medium,-3.1,0.3,15.7,0
2024-11-24,Warsaw Chopin,69.78,77.62,16.13688889,14.02134921,2.115539683,98.27,Poland,11,6,1,Autumn,Medium,1.4,1.1,16.6,1
2026-02-01,Warsaw Chopin,59.85,71.72,24.16126126,19.45443989,4.706821371,97.39,Poland,2,6,1,Winter,Medium,-15.0,0.0,15.3,1
2022-01-11,Warsaw Chopin,81.88,86.93,8.13803132,7.368518519,0.769512801,93.41,Poland,1,1,0,Winter,Medium,-5.1,0.0,9.4,0
2024-03-31,Warsaw Chopin,88.73,90.0,5.868544601,5.555583333,0.312961268,94.37,Poland,3,6,1,Spring,Medium,17.5,0.2,25.2,0
2022-10-10,Warsaw Chopin,79.36,87.17,10.99755352,6.536283186,4.461270331,96.57,Poland,10,0,0,Autumn,Medium,8.6,0.0,19.5,0
2022-10-19,Warsaw Chopin,67.66,73.68,16.74187396,13.08022329,3.661650678,94.69,Poland,10,2,0,Autumn,Medium,10.2,3.6,24.3,1
2025-08-24,Warsaw Chopin,70.65,81.85,20.2116129,12.07513751,8.136475389,96.89,Poland,8,6,1,Summer,Medium,13.7,0.8,22.1,1
2023-07-25,Warsaw Chopin,55.04,63.25,21.34817927,20.24843305,1.099746223,96.86,Poland,7,1,0,Summer,Medium,21.5,3.4,21.1,1
2022-05-10,Warsaw Chopin,76.92,87.8,11.17924679,6.78097561,4.398271185,97.75,Poland,5,1,0,Spring,Medium,13.1,0.0,10.5,0
2022-11-20,Warsaw Chopin,67.57,80.46,16.27702703,8.733141762,7.543885265,95.38,Poland,11,6,1,Autumn,Medium,-3.6,0.0,15.3,1
2024-03-29,Warsaw Chopin,84.38,91.63,9.345758929,4.859618209,4.48614072,96.67,Poland,3,4,0,Spring,Medium,10.9,1.2,21.1,0
2025-03-22,Warsaw Chopin,92.42,89.86,4.876777251,3.944854071,0.931923181,98.16,Poland,3,5,1,Spring,Medium,7.7,0.1,21.3,0
2025-08-01,Warsaw Chopin,59.67,72.43,23.45918033,17.90747508,5.551705245,97.48,Poland,8,4,0,Summer,Medium,16.7,2.9,13.9,1
2025-07-08,Warsaw Chopin,63.33,74.5,17.29827778,16.2486755,1.049602281,98.7,Poland,7,1,0,Summer,Medium,18.8,4.2,12.7,1
2024-12-15,Warsaw Chopin,63.4,65.78,16.65638298,19.58703704,-2.930654058,96.71,Poland,12,6,1,Winter,Medium,1.9,2.1,26.3,1
2025-12-18,Warsaw Chopin,71.38,69.06,13.08756039,15.97006289,-2.882502507,98.25,Poland,12,3,0,Winter,Medium,1.3,0.0,12.1,0
2023-12-12,Warsaw Chopin,68.97,75.73,13.84277504,14.90121359,-1.058438551,98.11,Poland,12,1,0,Winter,Medium,2.8,1.1,15.8,0
2022-06-08,Warsaw Chopin,58.97,70.43,17.49935897,18.2823913,-0.78303233,96.85,Poland,6,2,0,Summer,Medium,18.9,8.7,11.4,1
2025-05-17,Warsaw Chopin,76.89,79.38,10.96638655,9.626459144,1.339927411,97.23,Poland,5,5,1,Spring,Medium,7.2,6.2,28.3,0
2023-06-01,Warsaw Chopin,71.89,78.86,15.24417671,11.70121951,3.542957195,96.39,Poland,6,3,0,Summer,Medium,19.3,0.0,19.1,1
2025-05-06,Warsaw Chopin,83.88,87.82,8.123137973,7.052829028,1.070308945,95.88,Poland,5,1,0,Spring,Medium,9.2,0.0,12.3,0
2022-07-15,Warsaw Chopin,46.47,63.25,30.3961964,22.49408832,7.902108085,93.66,Poland,7,4,0,Summer,Medium,17.2,0.5,26.7,1
2025-08-21,Warsaw Chopin,76.45,84.57,11.6505914,7.331832797,4.3187586,98.73,Poland,8,3,0,Summer,Medium,17.0,0.0,11.7,0
2023-08-09,Warsaw Chopin,67.47,83.13,16.6184739,8.437215529,8.181258367,96.97,Poland,8,2,0,Summer,Medium,15.6,9.6,15.8,1
2023-02-15,Warsaw Chopin,80.34,83.15,10.93586142,7.324818841,3.611042583,97.96,Poland,2,2,0,Winter,Medium,2.6,0.0,9.8,0
2022-04-07,Warsaw Chopin,58.24,67.26,18.82823529,18.83859127,-0.010355976,94.74,Poland,4,3,0,Spring,Medium,12.2,2.6,31.2,1
2024-02-27,Warsaw Chopin,84.95,95.73,6.119902913,4.312006319,1.807896594,96.83,Poland,2,1,0,Winter,Medium,9.9,0.0,12.9,0
2024-11-29,Warsaw Chopin,82.21,75.58,8.724571805,12.22926357,-3.504691761,97.74,Poland,11,4,0,Autumn,Medium,4.8,0.7,14.2,0
2022-06-06,Warsaw Chopin,61.16,72.65,18.15811012,14.25426009,3.903850029,95.16,Poland,6,0,0,Summer,Medium,20.1,0.0,16.4,1
2023-02-24,Warsaw Chopin,80.71,86.87,12.07318105,10.30622896,1.766952093,98.13,Poland,2,4,0,Winter,Medium,5.1,5.9,18.7,0
2025-01-26,Warsaw Chopin,91.53,91.93,6.441737288,4.97309417,1.468643118,98.76,Poland,1,6,1,Winter,Medium,5.6,0.3,14.7,0
2023-04-23,Warsaw Chopin,73.49,79.6,14.49651163,11.82429519,2.672216437,97.01,Poland,4,6,1,Spring,Medium,14.1,0.0,18.2,0
2023-11-25,Warsaw Chopin,65.54,80.0,15.40677966,13.35441441,2.052365247,96.79,Poland,11,5,1,Autumn,Medium,0.3,1.3,23.3,1
2024-12-14,Warsaw Chopin,66.18,80.77,15.93978758,10.59399038,5.345797197,95.79,Poland,12,5,1,Winter,Medium,-0.7,0.0,20.6,1
2024-12-09,Warsaw Chopin,79.28,82.28,10.01487384,9.006496063,1.008377775,95.52,Poland,12,0,0,Winter,Medium,2.6,2.0,15.5,0
2023-03-24,Warsaw Chopin,84.34,88.41,7.666329966,8.970692432,-1.304362465,96.67,Poland,3,4,0,Spring,Medium,12.3,3.4,20.0,0
2025-01-25,Warsaw Chopin,87.13,93.6,6.998184818,5.280623974,1.717560845,97.63,Poland,1,5,1,Winter,Medium,5.6,0.4,17.2,0
2022-06-28,Warsaw Chopin,38.2,47.41,36.36373391,33.77262931,2.591104595,96.43,Poland,6,1,0,Summer,Medium,26.2,0.0,16.7,1
2023-01-26,Warsaw Chopin,89.33,88.0,9.710018727,5.184761905,4.525256822,97.4,Poland,1,3,0,Winter,Medium,0.0,0.0,8.3,0
2023-08-02,Warsaw Chopin,70.29,78.37,16.59902371,14.75102041,1.848003302,93.61,Poland,8,2,0,Summer,Medium,20.3,0.4,17.3,1
2025-10-13,Warsaw Chopin,55.56,59.18,23.63883277,22.31003401,1.328798759,99.01,Poland,10,0,0,Autumn,Medium,7.5,0.1,19.6,1
2024-12-25,Warsaw Chopin,87.77,90.81,5.324468085,5.21963964,0.104828445,97.95,Poland,12,2,0,Winter,Medium,1.5,0.0,9.8,0
2025-08-22,Warsaw Chopin,77.49,86.09,10.50353698,7.056456954,3.447080024,96.62,Poland,8,4,0,Summer,Medium,16.7,0.0,18.6,0
2024-07-06,Warsaw Chopin,60.57,70.8,19.72628726,17.3524,2.373887263,96.9,Poland,7,5,1,Summer,Medium,22.8,0.0,22.3,1
2025-12-29,Warsaw Chopin,63.18,65.25,16.00755814,16.27445302,-0.266894885,98.11,Poland,12,0,0,Winter,Medium,-0.2,0.7,20.8,1
2023-12-23,Warsaw Chopin,46.6,49.75,29.84467714,32.81395731,-2.969280169,98.46,Poland,12,5,1,Winter,Medium,-0.1,0.3,40.2,1
2024-09-26,Warsaw Chopin,49.47,44.29,24.72597865,28.15113095,-3.425152305,96.33,Poland,9,3,0,Autumn,Medium,17.4,0.0,22.6,1
2025-05-08,Warsaw Chopin,76.69,84.88,10.37888514,8.423138603,1.955746533,96.45,Poland,5,3,0,Spring,Medium,7.3,0.0,14.3,0
2024-06-19,Warsaw Chopin,61.19,61.85,18.05379353,17.77598765,0.277805878,97.86,Poland,6,2,0,Summer,Medium,22.3,25.0,20.9,1
2024-04-29,Warsaw Chopin,88.89,88.24,6.718518519,6.432703081,0.285815437,96.54,Poland,4,0,0,Spring,Medium,18.2,0.0,20.9,0
2024-01-15,Warsaw Chopin,42.15,64.52,29.74387145,23.16766513,6.576206319,95.38,Poland,1,0,0,Winter,Medium,0.0,3.2,31.9,1
2022-10-22,Warsaw Chopin,65.66,70.47,15.55505051,13.63402418,1.921026325,96.62,Poland,10,5,1,Autumn,Medium,10.6,11.1,16.2,1
2025-01-17,Warsaw Chopin,82.3,77.78,11.46502058,12.23075397,-0.765733392,97.99,Poland,1,4,0,Winter,Medium,2.0,0.0,16.9,0
2024-10-01,Warsaw Chopin,69.49,71.11,14.05753676,15.20080247,-1.143265704,95.27,Poland,10,1,0,Autumn,Medium,7.5,0.0,10.3,0
2022-03-30,Warsaw Chopin,83.03,80.84,8.11040404,8.978842315,-0.868438275,93.12,Poland,3,2,0,Spring,Medium,5.4,0.3,19.8,0
2022-02-11,Warsaw Chopin,80.74,90.14,10.04308642,5.626408451,4.416677969,93.63,Poland,2,4,0,Winter,Medium,2.7,5.3,19.6,0
2026-04-01,Warsaw Chopin,73.26,77.21,11.22216117,11.30134804,-0.079186867,94.98,Poland,4,2,0,Spring,Medium,7.5,0.0,14.8,0
2022-05-12,Warsaw Chopin,72.6,81.28,13.62800609,8.463546423,5.164459665,94.65,Poland,5,3,0,Spring,Medium,19.7,0.4,41.1,0
2023-10-27,Warsaw Chopin,70.29,76.89,16.20348675,12.97380952,3.229677227,97.65,Poland,10,4,0,Autumn,Medium,9.9,2.7,14.6,1
2023-10-17,Warsaw Chopin,78.67,82.76,12.42222222,10.63297414,1.789248084,94.76,Poland,10,1,0,Autumn,Medium,6.4,0.0,14.4,0
2025-07-25,Warsaw Chopin,63.11,73.46,19.82114347,16.33705502,3.484088457,96.91,Poland,7,4,0,Summer,Medium,20.8,0.9,10.9,1
2026-01-27,Warsaw Chopin,80.08,69.36,8.489626556,13.93248227,-5.442855713,99.6,Poland,1,1,0,Winter,Medium,-0.3,0.1,7.6,0
2025-03-31,Warsaw Chopin,85.66,80.86,9.023191214,10.89277344,-1.869582223,94.31,Poland,3,0,0,Spring,Medium,8.5,0.6,14.7,0
2022-06-14,Warsaw Chopin,49.37,66.67,27.23811533,21.38069444,5.857420886,96.17,Poland,6,1,0,Summer,Medium,14.2,0.4,26.1,1
2022-10-18,Warsaw Chopin,74.29,78.47,16.29285714,15.02137161,1.271485532,98.24,Poland,10,1,0,Autumn,Medium,14.8,11.0,17.0,1
2026-02-28,Warsaw Chopin,86.43,89.32,7.036199095,7.82962963,-0.793430535,93.64,Poland,2,5,1,Winter,Medium,7.9,0.0,12.6,0
2024-06-17,Warsaw Chopin,72.35,81.85,13.11597222,10.57960103,2.536371193,95.74,Poland,6,0,0,Summer,Medium,20.4,0.2,10.6,0
2022-12-15,Warsaw Chopin,44.44,59.59,27.17516835,24.66459413,2.510574222,96.67,Poland,12,3,0,Winter,Medium,-5.4,1.3,12.4,1
2023-07-26,Warsaw Chopin,56.33,71.08,23.91795918,19.58942436,4.32853482,95.17,Poland,7,2,0,Summer,Medium,16.2,9.7,20.0,1
2023-10-31,Warsaw Chopin,83.33,86.6,7.398447712,7.766267943,-0.36782023,93.45,Poland,10,1,0,Autumn,Medium,13.7,2.1,28.4,0
2026-02-21,Warsaw Chopin,60.7,50.42,21.70007278,29.05539216,-7.355319377,95.1,Poland,2,5,1,Winter,Medium,-4.1,0.7,16.7,1
2024-06-28,Warsaw Chopin,37.23,43.66,43.1906326,34.73899254,8.451640066,94.93,Poland,6,4,0,Summer,Medium,24.5,7.9,15.0,1
2024-08-08,Warsaw Chopin,61.07,69.04,24.54642857,21.82918149,2.717247077,96.97,Poland,8,3,0,Summer,Medium,20.2,3.1,12.9,1
2025-12-15,Warsaw Chopin,84.29,83.52,10.6916986,11.73401998,-1.04232138,99.26,Poland,12,0,0,Winter,Medium,2.9,0.0,13.6,0
2023-11-12,Warsaw Chopin,81.19,87.37,12.3939769,7.34245614,5.051520757,99.04,Poland,11,6,1,Autumn,Medium,5.2,0.2,20.4,0
2023-04-04,Warsaw Chopin,80.38,83.57,9.326555024,7.994283414,1.33227161,98.64,Poland,4,1,0,Spring,Medium,0.6,0.3,17.6,0
2023-01-11,Warsaw Chopin,83.89,91.43,8.12712963,3.836380952,4.290748677,98.93,Poland,1,2,0,Winter,Medium,2.8,0.0,18.4,0
2022-11-30,Warsaw Chopin,77.14,89.41,9.523619048,5.31872549,4.204893557,99.45,Poland,11,2,0,Autumn,Medium,0.4,0.0,13.8,0
2024-05-15,Warsaw Chopin,77.34,75.19,10.81015625,13.41744186,-2.60728561,95.32,Poland,5,2,0,Spring,Medium,14.9,0.0,22.5,0
2025-11-17,Warsaw Chopin,78.11,85.82,10.36213836,9.355619413,1.006518952,98.2,Poland,11,0,0,Autumn,Medium,5.5,1.9,16.7,0
2025-03-18,Warsaw Chopin,82.7,84.55,7.470675105,8.442886179,-0.972211073,97.24,Poland,3,1,0,Spring,Medium,0.5,0.0,21.0,0
2024-03-17,Warsaw Chopin,79.91,84.8,8.568457944,5.730800654,2.83765729,96.88,Poland,3,6,1,Spring,Medium,4.2,1.9,29.0,0
2024-03-09,Warsaw Chopin,78.19,84.82,12.17553191,8.928708551,3.246823363,96.53,Poland,3,5,1,Spring,Medium,2.0,0.0,14.0,0
2026-01-29,Warsaw Chopin,69.42,68.82,14.47691847,16.89321926,-2.4163008,97.95,Poland,1,3,0,Winter,Medium,-3.5,0.0,12.3,0
2025-04-06,Warsaw Chopin,73.96,78.04,13.63597484,13.32183007,0.314144777,97.79,Poland,4,6,1,Spring,Medium,1.4,0.0,25.0,0
2022-11-25,Warsaw Chopin,72.73,86.67,14.93333333,7.68974359,7.243589744,96.24,Poland,11,4,0,Autumn,Medium,-0.3,0.3,7.2,0
2023-12-03,Warsaw Chopin,35.86,58.42,31.83754209,26.78210526,5.055436824,96.19,Poland,12,6,1,Winter,Medium,-2.2,2.7,18.8,1
2022-11-15,Warsaw Chopin,75.68,84.29,10.87702703,7.538219895,3.338807132,97.5,Poland,11,1,0,Autumn,Medium,5.0,0.0,10.0,0
2025-05-20,Warsaw Chopin,89.71,88.09,5.698529412,7.23465704,-1.536127628,97.22,Poland,5,1,0,Spring,Medium,14.2,1.1,16.4,0
2024-12-26,Warsaw Chopin,70.25,86.44,12.19607438,7.192372881,5.003701499,97.22,Poland,12,3,0,Winter,Medium,0.3,0.0,9.0,0
2022-06-17,Warsaw Chopin,40.77,61.37,28.64463519,26.42846924,2.216165951,96.41,Poland,6,4,0,Summer,Medium,17.2,0.1,15.9,1
2022-01-13,Warsaw Chopin,85.99,84.31,7.566135881,5.533660131,2.03247575,97.11,Poland,1,3,0,Winter,Medium,1.0,0.7,26.4,0
2022-06-21,Warsaw Chopin,38.43,53.94,36.27355372,30.33284924,5.94070448,96.25,Poland,6,1,0,Summer,Medium,14.0,5.5,30.6,1
2022-09-18,Warsaw Chopin,56.07,70.76,22.71562064,16.67528249,6.040338156,97.6,Poland,9,6,1,Autumn,Medium,10.9,0.9,20.4,1
2024-07-29,Warsaw Chopin,62.87,68.52,19.71691176,18.22851852,1.488393246,95.3,Poland,7,0,0,Summer,Medium,18.9,0.7,33.6,1
2024-09-20,Warsaw Chopin,68.73,69.23,14.29896907,16.05151515,-1.752546079,97.42,Poland,9,4,0,Autumn,Medium,15.4,0.0,12.9,0
2024-11-21,Warsaw Chopin,56.42,69.42,19.85129702,17.02286501,2.828432003,95.27,Poland,11,3,0,Autumn,Medium,0.7,0.5,21.8,1
2022-05-19,Warsaw Chopin,60.83,72.17,17.84884793,15.66053459,2.188313335,93.44,Poland,5,3,0,Spring,Medium,16.1,0.0,14.5,1
2023-07-04,Warsaw Chopin,75.0,83.2,11.71304645,9.262431694,2.450614754,97.27,Poland,7,1,0,Summer,Medium,21.3,0.0,19.7,0
2025-11-22,Warsaw Chopin,82.81,89.43,9.260105581,6.189427313,3.070678268,97.37,Poland,11,5,1,Autumn,Medium,-0.3,0.0,10.1,0
2024-09-01,Warsaw Chopin,67.27,74.82,15.6956235,14.69014599,1.005477516,96.92,Poland,9,6,1,Autumn,Medium,18.1,0.0,13.4,1
2024-06-08,Warsaw Chopin,72.38,74.02,16.89121339,20.98077428,-4.089560889,96.12,Poland,6,5,1,Summer,Medium,17.1,0.0,16.2,1
2023-07-13,Warsaw Chopin,50.79,60.87,31.81746032,26.74071146,5.076748855,96.27,Poland,7,3,0,Summer,Medium,20.2,1.8,11.2,1
2022-05-20,Warsaw Chopin,43.13,60.87,30.43586098,25.01489533,5.420965649,95.69,Poland,5,4,0,Spring,Medium,20.8,0.4,27.4,1
2025-11-02,Warsaw Chopin,83.61,90.79,8.613387978,5.044005848,3.56938213,96.11,Poland,11,6,1,Autumn,Medium,11.7,0.6,12.2,0
2024-10-03,Warsaw Chopin,81.75,74.45,10.12986618,14.64555961,-4.515693431,96.53,Poland,10,3,0,Autumn,Medium,10.8,7.5,13.1,0
2022-08-13,Warsaw Chopin,45.93,67.14,26.92671451,18.73007937,8.196635148,95.96,Poland,8,5,1,Summer,Medium,21.7,2.3,15.7,1
2025-06-17,Warsaw Chopin,82.15,86.05,9.794725028,8.016223699,1.778501329,95.63,Poland,6,1,0,Summer,Medium,18.0,0.1,20.6,0
2023-02-14,Warsaw Chopin,82.97,87.86,9.73974359,6.104527938,3.635215651,97.87,Poland,2,1,0,Winter,Medium,3.4,0.0,19.0,0
2022-11-22,Warsaw Chopin,75.54,85.19,10.45054348,7.151940035,3.298603443,96.98,Poland,11,1,0,Autumn,Medium,0.6,0.2,13.8,0
2024-09-12,Warsaw Chopin,66.31,80.07,16.07446809,10.61751208,5.456956008,95.41,Poland,9,3,0,Autumn,Medium,15.8,0.4,15.0,1
2022-10-27,Warsaw Chopin,73.3,80.86,13.52368024,8.194497608,5.329182634,96.68,Poland,10,3,0,Autumn,Medium,11.0,0.0,8.8,0
2025-07-13,Warsaw Chopin,67.43,80.27,15.9553203,10.17794785,5.777372458,96.88,Poland,7,6,1,Summer,Medium,19.2,0.4,12.1,1
2026-04-05,Warsaw Chopin,84.56,88.14,8.146846847,6.103886693,2.042960154,98.85,Poland,4,6,1,Spring,Medium,12.0,0.0,22.4,0
2024-04-27,Warsaw Chopin,77.25,85.41,15.62961373,7.545922747,8.083690987,93.87,Poland,4,5,1,Spring,Medium,11.9,0.0,15.6,1
2026-01-30,Warsaw Chopin,71.15,59.7,15.59974359,21.723891,-6.124147412,98.51,Poland,1,4,0,Winter,Medium,-5.7,0.2,17.4,1
2022-07-13,Warsaw Chopin,56.89,68.98,19.82903704,16.31195988,3.51707716,96.28,Poland,7,2,0,Summer,Medium,21.0,0.1,31.9,1
2024-10-02,Warsaw Chopin,64.73,50.37,17.26824242,20.74938725,-3.481144831,96.27,Poland,10,2,0,Autumn,Medium,10.5,5.1,13.2,1
2023-07-28,Warsaw Chopin,56.47,71.54,22.32196078,16.20304878,6.118912004,95.59,Poland,7,4,0,Summer,Medium,17.7,5.0,21.6,1
2023-05-19,Warsaw Chopin,86.64,90.39,7.482758621,6.636462882,0.846295739,97.56,Poland,5,4,0,Spring,Medium,11.9,4.0,15.0,0
2023-08-29,Warsaw Chopin,65.7,75.7,16.39118457,13.99701195,2.394172621,98.02,Poland,8,1,0,Summer,Medium,21.5,31.2,22.1,1
2026-01-02,Warsaw Chopin,50.58,53.91,26.42360571,28.03541667,-1.61181096,97.37,Poland,1,4,0,Winter,Medium,0.7,3.0,25.4,1
2025-12-06,Warsaw Chopin,83.86,88.24,7.865470852,5.801540616,2.063930236,97.84,Poland,12,5,1,Winter,Medium,5.6,0.3,16.5,0
2022-01-04,Warsaw Chopin,48.43,78.85,20.02735849,9.231730769,10.79562772,96.49,Poland,1,1,0,Winter,Medium,4.9,6.6,17.9,1
2026-03-13,Warsaw Chopin,84.43,87.3,8.18852459,5.103174603,3.085349987,91.76,Poland,3,4,0,Spring,Medium,9.5,0.4,15.1,0
2023-04-13,Warsaw Chopin,75.23,75.81,17.09088785,14.1651938,2.925694052,98.64,Poland,4,3,0,Spring,Medium,9.4,0.0,12.6,1
2022-11-18,Warsaw Chopin,68.75,83.5,14.05260417,8.53025,5.522354167,96.23,Poland,11,4,0,Autumn,Medium,-2.5,0.4,17.3,0
2022-01-06,Warsaw Chopin,55.36,67.26,22.05099206,16.34384921,5.707142857,96.11,Poland,1,3,0,Winter,Medium,0.6,2.6,25.3,1
2022-08-11,Warsaw Chopin,51.53,68.42,21.95582242,15.35087719,6.604945223,97.51,Poland,8,3,0,Summer,Medium,19.1,0.1,16.0,1
2023-07-02,Warsaw Chopin,58.3,75.92,24.55465587,17.18312925,7.371526619,97.28,Poland,7,6,1,Summer,Medium,20.2,0.4,25.9,1
2024-05-05,Warsaw Chopin,77.04,77.95,15.14500649,13.79980315,1.345203335,97.79,Poland,5,6,1,Spring,Medium,20.3,0.0,17.3,1
2022-02-09,Warsaw Chopin,86.67,97.46,5.102083333,2.227259887,2.874823446,96.21,Poland,2,2,0,Winter,Medium,5.8,0.8,24.6,0
2023-06-27,Warsaw Chopin,67.62,75.79,14.43681694,12.60456349,1.832253448,97.64,Poland,6,1,0,Summer,Medium,18.8,7.4,31.5,0
2022-08-31,Warsaw Chopin,53.07,70.09,27.08508772,16.78630952,10.2987782,97.13,Poland,8,2,0,Summer,Medium,17.5,0.0,14.8,1
2022-05-17,Warsaw Chopin,72.41,82.78,15.98308703,10.29808612,5.685000904,97.27,Poland,5,1,0,Spring,Medium,13.1,0.0,24.9,1
2025-11-13,Warsaw Chopin,89.76,93.23,5.892650919,5.418525896,0.474125022,97.74,Poland,11,3,0,Autumn,Medium,7.6,0.0,15.2,0
2025-06-24,Warsaw Chopin,81.0,81.37,11.52294444,11.07728758,0.445656863,96.25,Poland,6,1,0,Summer,Medium,17.3,0.1,26.5,0
2025-09-02,Warsaw Chopin,78.15,88.52,9.616611479,5.629781421,3.986830058,95.98,Poland,9,1,0,Autumn,Medium,22.0,0.0,13.3,0
2024-12-11,Warsaw Chopin,81.78,81.55,9.773234463,8.824463519,0.948770944,97.93,Poland,12,2,0,Winter,Medium,0.8,0.4,11.9,0
2026-05-10,Warsaw Chopin,78.32,83.15,9.538927739,7.018219833,2.520707906,95.03,Poland,5,6,1,Spring,Medium,12.3,0.0,13.9,0
2025-03-23,Warsaw Chopin,88.75,90.91,5.951944444,4.67027417,1.281670274,97.98,Poland,3,6,1,Spring,Medium,8.2,2.1,21.2,0
2024-05-09,Warsaw Chopin,83.4,77.87,9.015810277,10.78847167,-1.772661397,95.27,Poland,5,3,0,Spring,Medium,12.5,0.0,10.5,0
2026-01-05,Warsaw Chopin,60.0,58.8,26.35823129,27.0176,-0.659368707,97.27,Poland,1,0,0,Winter,Medium,-4.8,0.0,17.5,1
2023-08-05,Warsaw Chopin,60.0,69.53,20.65,16.58669528,4.063304721,97.78,Poland,8,5,1,Summer,Medium,19.5,7.8,20.1,1
2026-05-01,Warsaw Chopin,87.13,87.32,7.406188725,6.87807971,0.528109015,96.49,Poland,5,4,0,Spring,Medium,14.2,0.0,14.8,0
2023-10-24,Warsaw Chopin,77.39,78.02,11.61304348,9.944683908,1.66835957,97.9,Poland,10,1,0,Autumn,Medium,10.0,0.0,18.4,0
2024-06-20,Warsaw Chopin,61.59,67.27,22.35018116,20.6450303,1.705150856,95.64,Poland,6,3,0,Summer,Medium,17.5,1.6,18.4,1
2026-01-28,Warsaw Chopin,68.72,73.66,14.95288066,15.46899863,-0.51611797,98.8,Poland,1,2,0,Winter,Medium,-0.9,3.2,9.3,0
2023-01-12,Warsaw Chopin,81.82,89.5,8.652228164,4.173848987,4.478379177,97.45,Poland,1,3,0,Winter,Medium,5.6,1.2,19.9,0
2022-11-11,Warsaw Chopin,83.78,88.48,7.971801802,5.405235602,2.5665662,95.98,Poland,11,4,0,Autumn,Medium,9.2,0.0,18.6,0
2023-03-19,Warsaw Chopin,92.71,92.7,4.503385417,3.307771536,1.195613881,96.55,Poland,3,6,1,Spring,Medium,7.6,0.0,13.9,0
2022-11-16,Warsaw Chopin,84.62,86.44,8.483333333,7.646798493,0.83653484,96.92,Poland,11,2,0,Autumn,Medium,4.6,1.6,21.5,0
2024-07-12,Warsaw Chopin,44.09,53.65,36.01314217,27.99081509,8.022327089,94.82,Poland,7,4,0,Summer,Medium,24.5,2.0,17.2,1
2024-04-12,Warsaw Chopin,89.63,87.85,6.994605809,6.396153846,0.598451963,95.85,Poland,4,4,0,Spring,Medium,12.7,0.2,19.7,0
2024-09-17,Warsaw Chopin,75.0,76.45,15.10714286,11.77687198,3.330270876,97.28,Poland,9,1,0,Autumn,Medium,19.0,0.0,16.3,1
2025-04-26,Warsaw Chopin,80.71,83.14,12.1351706,7.463154534,4.67201607,97.73,Poland,4,5,1,Spring,Medium,7.9,0.0,14.8,0
2023-03-01,Warsaw Chopin,81.91,80.21,10.31586879,8.295008913,2.020859882,98.51,Poland,3,2,0,Spring,Medium,0.3,0.0,12.3,0
2023-07-08,Warsaw Chopin,74.46,82.28,12.20180375,10.75499297,1.446810784,98.31,Poland,7,5,1,Summer,Medium,21.9,0.0,14.1,0
2023-08-18,Warsaw Chopin,59.62,73.62,18.95141026,13.52841207,5.422998183,97.08,Poland,8,4,0,Summer,Medium,24.4,0.7,14.9,1
2023-01-04,Warsaw Chopin,73.1,82.84,13.84902534,13.63116371,0.217861633,99.44,Poland,1,2,0,Winter,Medium,2.8,3.3,26.4,0
2024-08-23,Warsaw Chopin,66.9,73.31,20.10545775,16.88914591,3.216311839,97.32,Poland,8,4,0,Summer,Medium,18.9,0.0,15.2,1
2024-05-29,Warsaw Chopin,75.85,79.69,10.48050314,13.28033854,-2.799835397,95.76,Poland,5,2,0,Spring,Medium,20.1,0.1,14.0,0
2025-07-27,Warsaw Chopin,48.5,63.73,34.09966777,29.14056497,4.959102802,95.96,Poland,7,6,1,Summer,Medium,21.2,16.5,10.9,1
2023-12-13,Warsaw Chopin,82.57,84.04,11.51620795,7.421205008,4.095002943,96.15,Poland,12,2,0,Winter,Medium,1.6,1.2,16.4,0
2022-08-16,Warsaw Chopin,64.25,73.42,19.49019608,17.39632132,2.093874757,96.6,Poland,8,1,0,Summer,Medium,22.2,1.9,13.3,1
2024-03-21,Warsaw Chopin,75.63,79.91,12.45560224,10.56063988,1.89496236,95.85,Poland,3,3,0,Spring,Medium,5.9,1.1,15.6,0
2026-01-19,Warsaw Chopin,59.46,69.2,19.12271557,15.36882129,3.75389428,98.13,Poland,1,0,0,Winter,Medium,-11.6,0.0,16.4,1
2024-12-04,Warsaw Chopin,85.59,86.86,6.851977401,6.345903955,0.506073446,96.79,Poland,12,2,0,Winter,Medium,4.4,0.5,9.0,0
2024-02-22,Warsaw Chopin,82.38,88.84,9.650220264,6.661395349,2.988824915,96.71,Poland,2,3,0,Winter,Medium,6.7,1.5,20.5,0
2022-03-08,Warsaw Chopin,67.91,74.59,16.95497512,12.14795082,4.807024305,97.4,Poland,3,1,0,Spring,Medium,1.1,0.0,17.2,1
2023-01-29,Warsaw Chopin,62.92,77.78,15.53810861,8.893957115,6.644151499,98.35,Poland,1,6,1,Winter,Medium,-1.2,0.1,19.8,1
2023-08-03,Warsaw Chopin,63.49,79.67,16.29365079,10.28130081,6.012349981,94.85,Poland,8,3,0,Summer,Medium,20.4,2.1,25.2,1
2022-01-25,Warsaw Chopin,87.6,85.95,7.491046832,6.684022039,0.807024793,94.24,Poland,1,1,0,Winter,Medium,1.3,1.1,19.1,0
2022-07-31,Warsaw Chopin,52.47,69.96,25.08079223,17.70059791,7.38019432,96.61,Poland,7,6,1,Summer,Medium,16.8,14.8,22.3,1
2026-01-06,Warsaw Chopin,54.66,63.95,22.73524011,23.75035765,-1.015117541,95.6,Poland,1,1,0,Winter,Medium,-10.9,0.0,8.5,1
2024-10-30,Warsaw Chopin,79.03,75.51,10.37446237,12.41360544,-2.039143077,96.95,Poland,10,2,0,Autumn,Medium,12.7,0.6,23.9,0
2023-06-21,Warsaw Chopin,63.92,72.69,25.99071895,19.52342704,6.467291913,96.36,Poland,6,2,0,Summer,Medium,23.2,0.4,15.5,1
2024-08-01,Warsaw Chopin,48.2,59.78,27.73057554,25.5884058,2.142169742,95.03,Poland,8,3,0,Summer,Medium,21.4,0.0,17.7,1
2024-03-22,Warsaw Chopin,80.26,85.29,10.37119883,8.771498599,1.599700231,97.93,Poland,3,4,0,Spring,Medium,8.2,1.5,17.3,0
2022-03-27,Warsaw Chopin,75.0,75.17,15.87083333,16.63942529,-0.768591954,93.83,Poland,3,6,1,Spring,Medium,3.8,0.0,18.1,1
2025-12-19,Warsaw Chopin,60.74,59.64,17.68537037,20.09460606,-2.40923569,95.49,Poland,12,4,0,Winter,Medium,2.0,0.0,11.9,1
2022-09-30,Warsaw Chopin,56.65,71.86,23.42811159,15.59199134,7.836120246,94.47,Poland,9,4,0,Autumn,Medium,7.9,0.0,8.6,1
2024-11-06,Warsaw Chopin,75.22,66.52,10.87168142,17.30304348,-6.431362062,96.28,Poland,11,2,0,Autumn,Medium,2.4,0.0,10.3,0
2026-03-25,Warsaw Chopin,84.13,89.34,6.324867725,5.398838798,0.926028927,97.34,Poland,3,2,0,Spring,Medium,10.6,0.6,23.1,0
2026-02-23,Warsaw Chopin,71.7,73.58,14.55849057,14.49113208,0.067358491,95.76,Poland,2,0,0,Winter,Medium,5.5,5.7,21.8,0
2025-12-21,Warsaw Chopin,82.17,84.36,8.775775194,7.746570645,1.029204549,98.87,Poland,12,6,1,Winter,Medium,2.3,0.0,7.2,0
2023-09-23,Warsaw Chopin,68.09,77.31,15.77021277,14.94166667,0.828546099,96.34,Poland,9,5,1,Autumn,Medium,17.2,5.3,15.4,1
2025-01-07,Warsaw Chopin,75.21,82.43,13.71260504,13.37036262,0.34224242,96.77,Poland,1,1,0,Winter,Medium,3.6,4.3,20.8,0
2026-04-20,Warsaw Chopin,85.44,86.99,9.448467433,7.113135068,2.335332365,95.34,Poland,4,0,0,Spring,Medium,11.0,0.1,20.0,0
2023-05-21,Warsaw Chopin,83.33,86.84,11.26352339,10.76374269,0.499780702,98.31,Poland,5,6,1,Spring,Medium,17.1,0.0,16.6,0
2022-10-01,Warsaw Chopin,36.06,60.56,34.97564103,21.62308294,13.35255808,95.54,Poland,10,5,1,Autumn,Medium,11.3,2.2,11.6,1
2025-08-12,Warsaw Chopin,82.33,87.13,9.066666667,7.075522552,1.991144114,98.39,Poland,8,1,0,Summer,Medium,20.7,0.0,8.2,0
2022-12-29,Warsaw Chopin,73.16,84.04,11.08815789,6.010195035,5.077962859,97.51,Poland,12,3,0,Winter,Medium,6.4,0.7,21.1,0
2023-09-15,Warsaw Chopin,69.7,84.56,19.30138889,10.44021879,8.861170099,92.49,Poland,9,4,0,Autumn,Medium,14.9,0.0,12.1,1
2022-01-03,Warsaw Chopin,60.44,82.63,16.67252747,8.457192982,8.21533449,95.38,Poland,1,0,0,Winter,Medium,7.1,3.5,31.7,1
2022-01-07,Warsaw Chopin,74.85,80.0,9.568662675,10.4995098,-0.930847129,97.18,Poland,1,4,0,Winter,Medium,-2.2,0.0,17.8,0
2022-11-08,Warsaw Chopin,81.25,93.92,9.610795455,4.029189687,5.581605768,96.41,Poland,11,1,0,Autumn,Medium,9.1,0.0,13.1,0
2024-12-23,Warsaw Chopin,73.79,75.1,13.74375,12.1752381,1.568511905,96.9,Poland,12,0,0,Winter,Medium,3.2,0.3,12.3,0
2024-01-23,Warsaw Chopin,89.69,88.44,4.824742268,4.62680067,0.197941598,95.26,Poland,1,1,0,Winter,Medium,3.3,0.2,27.2,0
2023-10-28,Warsaw Chopin,81.16,84.83,13.80780998,7.983254344,5.82455564,95.07,Poland,10,5,1,Autumn,Medium,7.5,1.4,13.8,0
2022-12-31,Warsaw Chopin,78.03,90.91,11.37929293,5.103379953,6.275912976,97.12,Poland,12,5,1,Winter,Medium,8.8,0.0,25.5,0
2026-05-04,Warsaw Chopin,82.88,84.08,9.664383562,8.496539792,1.167843769,94.86,Poland,5,0,0,Spring,Medium,21.2,0.0,14.4,0
2022-08-04,Warsaw Chopin,59.83,78.02,17.56390102,11.69360632,5.870294697,97.93,Poland,8,3,0,Summer,Medium,22.8,0.0,11.5,1
2024-02-17,Warsaw Chopin,85.29,88.2,8.429411765,6.15093633,2.278475435,76.39,Poland,2,5,1,Winter,Medium,7.9,5.9,27.1,0
2022-01-28,Warsaw Chopin,80.69,82.88,9.021264368,7.692694064,1.328570304,95.57,Poland,1,4,0,Winter,Medium,2.1,4.5,31.5,0
2025-08-29,Warsaw Chopin,73.65,81.61,11.46666667,8.896290323,2.570376344,96.7,Poland,8,4,0,Summer,Medium,26.6,0.0,24.5,0
2024-09-27,Warsaw Chopin,61.79,60.99,20.10845238,18.72955083,1.378901554,96.59,Poland,9,4,0,Autumn,Medium,18.9,2.1,26.8,1
2026-01-11,Warsaw Chopin,29.66,25.66,54.88714689,63.64727139,-8.760124494,94.09,Poland,1,6,1,Winter,Medium,-4.4,3.4,15.9,1
2026-05-09,Warsaw Chopin,83.9,88.71,7.166242938,7.345833333,-0.179590395,95.6,Poland,5,5,1,Spring,Medium,10.7,0.3,14.9,0
2023-10-01,Warsaw Chopin,62.35,72.13,24.82183007,17.95423497,6.867595093,96.67,Poland,10,6,1,Autumn,Medium,13.8,0.0,19.5,1
2024-05-07,Warsaw Chopin,87.35,89.43,6.106122449,6.655420054,-0.549297605,96.59,Poland,5,1,0,Spring,Medium,12.4,0.2,20.4,0
2023-12-20,Warsaw Chopin,80.0,84.62,8.508062016,6.110737179,2.397324836,98.28,Poland,12,2,0,Winter,Medium,5.2,12.3,30.4,0
2023-11-23,Warsaw Chopin,70.8,81.74,13.88775811,12.90692542,0.980832694,97.52,Poland,11,3,0,Autumn,Medium,2.0,3.2,44.2,0
2024-08-07,Warsaw Chopin,69.55,74.33,18.4887218,12.79693487,5.691786939,95.79,Poland,8,2,0,Summer,Medium,20.1,1.3,7.3,1
2023-09-17,Warsaw Chopin,68.99,76.31,15.79069767,10.93708166,4.853616014,95.02,Poland,9,6,1,Autumn,Medium,18.5,0.2,14.0,1
2024-09-05,Warsaw Chopin,50.55,64.07,25.41328413,20.33469136,5.078592775,95.56,Poland,9,3,0,Autumn,Medium,22.5,0.0,20.3,1
2022-09-14,Warsaw Chopin,61.54,78.21,19.91431624,11.82037037,8.093945869,97.63,Poland,9,2,0,Autumn,Medium,16.1,1.9,20.5,1
2022-01-26,Warsaw Chopin,85.5,88.55,10.76844784,8.002798982,2.765648855,94.33,Poland,1,2,0,Winter,Medium,1.9,1.9,22.4,0
2022-12-03,Warsaw Chopin,73.91,85.55,12.64782609,7.295953757,5.35187233,97.62,Poland,12,5,1,Winter,Medium,-1.3,0.6,11.8,0
2023-07-27,Warsaw Chopin,64.68,76.59,18.43253968,13.8332672,4.599272487,96.98,Poland,7,3,0,Summer,Medium,16.8,6.2,16.0,1
2022-02-17,Warsaw Chopin,82.61,81.95,9.227173913,13.84649123,-4.619317315,97.18,Poland,2,3,0,Winter,Medium,7.3,6.5,42.3,0
2022-04-17,Warsaw Chopin,72.78,70.2,12.56371308,14.81390728,-2.250194205,96.41,Poland,4,6,1,Spring,Medium,5.4,0.0,14.8,0
2022-12-16,Warsaw Chopin,20.6,26.24,57.10092127,48.37813531,8.72278596,94.42,Poland,12,4,0,Winter,Medium,-5.2,3.2,20.8,1
2022-02-25,Warsaw Chopin,79.86,89.04,9.155515588,9.489497717,-0.333982129,87.57,Poland,2,4,0,Winter,Medium,5.0,0.4,25.0,0
2025-06-16,Warsaw Chopin,73.33,81.48,13.685,9.717227834,3.967772166,95.0,Poland,6,0,0,Summer,Medium,20.9,2.4,21.7,0
2022-08-02,Warsaw Chopin,52.09,70.18,25.03751938,17.10397554,7.933543845,95.32,Poland,8,1,0,Summer,Medium,20.7,0.2,8.0,1
2022-05-01,Warsaw Chopin,70.1,74.73,16.21486254,13.93261649,2.282246056,98.02,Poland,5,6,1,Spring,Medium,11.2,0.0,9.4,1
2025-10-20,Warsaw Chopin,48.6,39.24,25.25751748,31.31608796,-6.05857048,97.0,Poland,10,0,0,Autumn,Medium,3.3,0.0,15.5,1
2025-07-09,Warsaw Chopin,72.37,79.07,14.77631579,9.396511628,5.379804162,99.04,Poland,7,2,0,Summer,Medium,15.5,44.3,18.6,0
2022-03-14,Warsaw Chopin,78.17,89.47,9.740492958,5.67752193,4.062971028,95.54,Poland,3,0,0,Spring,Medium,2.3,0.0,13.8,0
2025-10-24,Warsaw Chopin,63.16,65.26,18.02122807,17.54450292,0.476725146,95.16,Poland,10,4,0,Autumn,Medium,10.8,20.2,20.4,1
2024-06-11,Warsaw Chopin,68.54,75.55,21.38127341,15.00054745,6.380725963,95.56,Poland,6,1,0,Summer,Medium,17.2,0.6,27.7,1
2024-03-30,Warsaw Chopin,86.67,89.45,5.441025641,6.393132328,-0.952106687,97.56,Poland,3,5,1,Spring,Medium,14.8,0.0,16.2,0
2022-02-15,Warsaw Chopin,84.82,85.85,8.885565476,9.857861635,-0.972296159,96.06,Poland,2,1,0,Winter,Medium,3.0,0.0,15.9,0
2025-09-15,Warsaw Chopin,63.61,68.42,17.67868852,20.06880482,-2.3901163,96.91,Poland,9,0,0,Autumn,Medium,16.3,0.1,15.1,1
2023-06-08,Warsaw Chopin,65.32,78.37,23.80241935,16.65408163,7.148337722,95.44,Poland,6,3,0,Summer,Medium,20.6,0.1,16.7,1
2025-05-07,Warsaw Chopin,81.18,86.76,8.569279907,8.621544715,-0.052264808,96.36,Poland,5,2,0,Spring,Medium,9.1,0.0,17.4,0
2024-06-23,Warsaw Chopin,45.79,49.44,35.30201465,35.75074349,-0.448728842,93.73,Poland,6,6,1,Summer,Medium,18.5,0.0,25.9,1
2024-09-24,Warsaw Chopin,63.5,65.83,19.45565693,21.39898082,-1.943323881,95.89,Poland,9,1,0,Autumn,Medium,17.8,0.0,20.1,1
2024-06-29,Warsaw Chopin,52.08,57.2,34.8875,31.486,3.4015,95.74,Poland,6,5,1,Summer,Medium,23.1,0.0,12.3,1
2023-06-18,Warsaw Chopin,70.56,77.18,18.61290323,16.1373444,2.475558827,98.82,Poland,6,6,1,Summer,Medium,17.5,5.0,8.6,1
2025-05-01,Warsaw Chopin,78.72,85.36,10.69858156,8.694880952,2.003700608,96.95,Poland,5,3,0,Spring,Medium,15.3,0.0,11.9,0
2023-08-27,Warsaw Chopin,60.62,72.92,26.86795367,17.69048611,9.177467557,95.99,Poland,8,6,1,Summer,Medium,21.4,4.6,13.5,1
2023-04-11,Warsaw Chopin,85.92,87.14,7.722006472,5.799365079,1.922641393,99.07,Poland,4,1,0,Spring,Medium,9.9,0.3,22.0,0
2025-02-02,Warsaw Chopin,77.97,88.24,12.34625706,8.511538462,3.834718601,98.37,Poland,2,6,1,Winter,Medium,0.9,2.7,10.7,0
2024-02-28,Warsaw Chopin,82.38,89.76,7.871428571,6.140894309,1.730534262,98.68,Poland,2,2,0,Winter,Medium,8.6,3.8,12.3,0
2025-09-30,Warsaw Chopin,51.19,61.41,25.36169492,21.1635906,4.198104311,96.47,Poland,9,1,0,Autumn,Medium,9.2,3.3,14.9,1
2024-06-07,Warsaw Chopin,75.0,77.37,12.90492958,12.44489051,0.460039067,95.44,Poland,6,4,0,Summer,Medium,18.4,4.6,14.8,0
2025-12-04,Warsaw Chopin,82.64,88.8,9.108553459,6.643114543,2.465438916,97.45,Poland,12,3,0,Winter,Medium,4.0,0.7,11.2,0
2022-03-02,Warsaw Chopin,73.76,79.72,20.05319149,14.70606061,5.347130883,88.17,Poland,3,2,0,Spring,Medium,-1.4,0.0,10.6,1
2025-01-12,Warsaw Chopin,57.02,54.87,23.36879433,26.60073746,-3.231943137,97.93,Poland,1,6,1,Winter,Medium,-0.1,4.0,20.1,1
2022-04-03,Warsaw Chopin,73.83,65.1,16.19966443,13.52438479,2.675279642,96.88,Poland,4,6,1,Spring,Medium,-1.0,0.0,16.4,1
2023-10-29,Warsaw Chopin,79.13,86.27,12.73786408,9.142156863,3.595707215,93.42,Poland,10,6,1,Autumn,Medium,10.5,0.2,19.8,0
2024-07-21,Warsaw Chopin,45.49,49.43,39.27819549,36.95217114,2.326024352,96.13,Poland,7,6,1,Summer,Medium,23.6,0.0,9.4,1
2022-07-14,Warsaw Chopin,53.48,68.09,25.8484058,18.47503546,7.373370336,97.58,Poland,7,3,0,Summer,Medium,20.6,0.0,21.8,1
2022-10-08,Warsaw Chopin,68.57,86.07,16.84539683,7.740215589,9.105181237,96.46,Poland,10,5,1,Autumn,Medium,14.7,1.2,18.8,1
2023-11-27,Warsaw Chopin,68.98,79.26,12.61381173,10.9625192,1.651292527,97.85,Poland,11,0,0,Autumn,Medium,-1.0,1.4,18.7,0
2022-12-26,Warsaw Chopin,62.09,74.03,16.60274725,13.64309392,2.95965333,96.86,Poland,12,0,0,Winter,Medium,6.3,9.5,20.6,1
2023-06-04,Warsaw Chopin,73.53,81.97,13.52941176,9.81602289,3.713388875,96.47,Poland,6,6,1,Summer,Medium,14.9,0.0,15.1,0
2024-07-20,Warsaw Chopin,43.03,54.4,42.1215847,37.4176,4.703984699,97.65,Poland,7,5,1,Summer,Medium,21.5,0.0,11.1,1
2026-01-17,Warsaw Chopin,73.27,80.34,14.20376344,13.67806268,0.525700763,97.81,Poland,1,5,1,Winter,Medium,-8.0,0.0,18.8,0
2022-07-02,Warsaw Chopin,30.95,46.8,41.07928571,33.24597701,7.833308703,93.56,Poland,7,5,1,Summer,Medium,20.5,4.9,19.2,1
2025-01-02,Warsaw Chopin,72.51,81.33,12.12131474,8.598962656,3.522352085,97.7,Poland,1,3,0,Winter,Medium,5.1,2.0,30.3,0
2025-01-11,Warsaw Chopin,56.87,62.15,19.55442338,19.60825545,-0.053832071,96.79,Poland,1,5,1,Winter,Medium,-0.3,7.7,26.1,1
2022-04-21,Warsaw Chopin,31.71,44.77,53.16819106,53.70116279,-0.532971734,87.68,Poland,4,3,0,Spring,Medium,9.0,2.1,16.6,1
2025-07-28,Warsaw Chopin,64.24,75.42,16.97279249,15.44557032,1.527222173,97.13,Poland,7,0,0,Summer,Medium,19.8,14.4,23.1,1
2022-02-12,Warsaw Chopin,78.86,84.75,11.26531165,7.443644068,3.821667585,97.74,Poland,2,5,1,Winter,Medium,-0.2,1.5,25.2,0
2024-01-17,Warsaw Chopin,63.59,69.63,22.80752137,20.72347295,2.084048418,92.24,Poland,1,2,0,Winter,Medium,-4.5,1.7,23.3,1
2022-05-06,Warsaw Chopin,77.51,84.21,10.79864434,7.616347687,3.182296651,96.05,Poland,5,4,0,Spring,Medium,14.6,1.5,15.2,0
2022-07-24,Warsaw Chopin,55.02,62.05,26.02066958,21.95491071,4.065758864,97.89,Poland,7,6,1,Summer,Medium,20.1,14.2,21.5,1
2024-07-30,Warsaw Chopin,70.3,70.11,13.73189223,16.69114391,-2.959251681,97.49,Poland,7,1,0,Summer,Medium,19.7,0.0,21.2,0
2022-02-22,Warsaw Chopin,87.39,84.62,8.908543417,9.857407407,-0.94886399,96.12,Poland,2,1,0,Winter,Medium,3.5,0.6,26.6,0
2025-04-19,Warsaw Chopin,87.01,89.83,7.768759019,7.010805085,0.757953934,99.16,Poland,4,5,1,Spring,Medium,15.8,0.0,14.4,0
2023-06-30,Warsaw Chopin,67.44,78.85,18.43262274,13.08358974,5.349032995,97.1,Poland,6,4,0,Summer,Medium,21.3,1.7,15.6,1
2022-03-10,Warsaw Chopin,64.9,76.39,14.70198675,11.28043981,3.42154694,95.6,Poland,3,3,0,Spring,Medium,-2.1,0.0,14.3,0
2023-05-23,Warsaw Chopin,71.17,79.49,19.4975976,14.32770655,5.169891045,97.86,Poland,5,1,0,Spring,Medium,17.6,0.0,15.3,1
2025-09-09,Warsaw Chopin,77.12,77.6,12.75359477,11.30189394,1.451700832,97.49,Poland,9,1,0,Autumn,Medium,18.2,0.7,16.4,0
2024-09-14,Warsaw Chopin,62.8,66.15,17.55766667,16.21717949,1.340487179,95.08,Poland,9,5,1,Autumn,Medium,17.8,14.6,28.7,1
2025-03-16,Warsaw Chopin,88.38,92.14,5.819502075,4.120742358,1.698759717,98.37,Poland,3,6,1,Spring,Medium,2.0,0.0,11.1,0
2022-07-03,Warsaw Chopin,38.63,56.95,34.07718169,22.31091181,11.76626988,94.47,Poland,7,6,1,Summer,Medium,20.6,0.0,10.7,1
2022-05-18,Warsaw Chopin,63.82,77.16,14.16675042,10.44890017,3.71785025,96.35,Poland,5,2,0,Spring,Medium,11.0,0.0,15.8,0
2024-03-07,Warsaw Chopin,77.23,81.6,12.99553571,8.661477987,4.334057727,92.58,Poland,3,3,0,Spring,Medium,1.3,0.0,15.6,0
2022-05-13,Warsaw Chopin,67.45,73.4,15.09205975,12.66124795,2.430811801,95.65,Poland,5,4,0,Spring,Medium,15.8,1.2,23.6,1
2022-03-22,Warsaw Chopin,83.33,86.61,7.643518519,6.230314961,1.413203558,97.45,Poland,3,1,0,Spring,Medium,5.5,0.0,9.4,0
2025-07-22,Warsaw Chopin,71.19,83.44,14.85423729,9.201545254,5.652692034,96.42,Poland,7,1,0,Summer,Medium,21.8,7.1,22.1,0
2022-04-16,Warsaw Chopin,64.58,71.53,14.45613426,13.13368056,1.322453704,96.71,Poland,4,5,1,Spring,Medium,5.8,0.2,26.2,0
2025-05-30,Warsaw Chopin,84.91,85.82,10.6245614,11.05555556,-0.430994152,96.74,Poland,5,4,0,Spring,Medium,13.9,0.0,18.0,0
2023-06-26,Warsaw Chopin,70.08,79.84,17.04009563,10.24499314,6.795102487,97.67,Poland,6,0,0,Summer,Medium,21.5,0.0,12.9,1
2024-04-21,Warsaw Chopin,79.24,83.98,9.395127119,8.347907648,1.047219471,94.96,Poland,4,6,1,Spring,Medium,4.6,1.5,20.8,0
2023-04-26,Warsaw Chopin,72.56,83.7,11.81085271,8.281791483,3.52906123,97.03,Poland,4,2,0,Spring,Medium,6.8,3.0,24.9,0
2022-06-15,Warsaw Chopin,43.88,55.9,33.91814346,30.01921397,3.898929486,93.36,Poland,6,2,0,Summer,Medium,15.2,0.5,17.3,1
2022-09-06,Warsaw Chopin,63.37,77.64,18.8409465,12.44781997,6.39312653,94.7,Poland,9,1,0,Autumn,Medium,14.1,0.0,11.6,1
2022-11-04,Warsaw Chopin,75.63,85.5,10.71192893,6.599333333,4.112595601,99.52,Poland,11,4,0,Autumn,Medium,8.8,2.2,20.1,0
2023-03-23,Warsaw Chopin,87.37,89.19,7.113804714,5.416756757,1.697047957,97.7,Poland,3,3,0,Spring,Medium,12.5,0.0,27.5,0
2025-02-07,Warsaw Chopin,88.76,88.1,6.952074967,6.652248677,0.299826289,98.07,Poland,2,4,0,Winter,Medium,-0.3,0.8,19.8,0
2022-12-01,Warsaw Chopin,73.71,80.51,12.56512027,8.032051282,4.533068993,98.53,Poland,12,3,0,Winter,Medium,0.3,0.0,12.3,0
2024-07-27,Warsaw Chopin,60.25,66.53,22.0545765,20.55889774,1.49567876,96.48,Poland,7,5,1,Summer,Medium,22.7,0.0,14.3,1
2022-04-08,Warsaw Chopin,35.84,46.75,36.8261079,35.19043393,1.635673975,95.29,Poland,4,4,0,Spring,Medium,7.9,8.4,35.0,1
2024-09-11,Warsaw Chopin,65.84,78.26,16.69039146,13.01775362,3.672637836,95.68,Poland,9,2,0,Autumn,Medium,17.1,0.0,19.6,1
2026-05-05,Warsaw Chopin,87.55,87.36,5.823333333,5.860099133,-0.036765799,97.1,Poland,5,1,0,Spring,Medium,21.1,0.0,12.3,0
2024-01-08,Warsaw Chopin,61.68,71.56,17.48200935,15.55537125,1.926638098,95.22,Poland,1,0,0,Winter,Medium,-10.9,0.0,18.6,1
2025-08-04,Warsaw Chopin,74.58,80.2,12.41688963,8.589261745,3.827627887,98.06,Poland,8,0,0,Summer,Medium,18.3,0.6,14.1,0
2024-08-22,Warsaw Chopin,79.86,81.29,11.2132494,10.91948441,0.293764988,96.94,Poland,8,3,0,Summer,Medium,16.3,0.0,15.2,0
2023-02-26,Warsaw Chopin,65.96,83.05,16.65957447,9.30960452,7.349969948,96.92,Poland,2,6,1,Winter,Medium,-0.3,0.9,20.4,1
2022-04-13,Warsaw Chopin,33.7,33.9,34.3786372,29.81327684,4.565360365,96.52,Poland,4,2,0,Spring,Medium,6.7,0.0,12.1,1
2023-03-11,Warsaw Chopin,66.47,80.46,15.92784314,12.08505747,3.842785666,97.74,Poland,3,5,1,Spring,Medium,3.1,2.9,29.6,1
2022-03-16,Warsaw Chopin,82.76,87.07,9.832758621,9.262358277,0.570400344,93.21,Poland,3,2,0,Spring,Medium,6.2,0.0,12.6,0
2025-12-10,Warsaw Chopin,86.22,88.67,7.452755906,6.192513021,1.260242885,98.13,Poland,12,2,0,Winter,Medium,9.7,0.3,13.1,0
2024-11-23,Warsaw Chopin,75.98,80.09,14.2121732,11.18680885,3.025364356,98.08,Poland,11,5,1,Autumn,Medium,0.4,0.0,21.2,0
2024-10-07,Warsaw Chopin,69.81,70.15,21.3936478,19.25118159,2.142466207,98.19,Poland,10,0,0,Autumn,Medium,9.8,0.0,10.1,1
2026-05-26,Warsaw Chopin,87.86,89.61,5.928571429,6.290322581,-0.361751152,97.59,Poland,5,1,0,Spring,Medium,20.8,0.0,21.7,0
2022-10-30,Warsaw Chopin,74.05,86.29,12.28675676,9.134952381,3.151804376,97.45,Poland,10,6,1,Autumn,Medium,12.1,3.5,12.0,0
2025-10-17,Warsaw Chopin,74.32,76.87,13.5472032,12.2973356,1.249867595,97.39,Poland,10,4,0,Autumn,Medium,10.1,0.8,16.2,0
2025-09-14,Warsaw Chopin,61.89,74.58,17.96742671,13.68550725,4.281919464,96.6,Poland,9,6,1,Autumn,Medium,16.4,14.0,14.4,1
2025-08-02,Warsaw Chopin,60.79,72.22,20.59178657,16.63287037,3.9589162,97.9,Poland,8,5,1,Summer,Medium,19.5,0.4,8.9,1
2024-04-04,Warsaw Chopin,84.23,83.26,7.84481982,7.327903469,0.516916351,94.38,Poland,4,3,0,Spring,Medium,6.8,2.8,17.3,0
2024-02-02,Warsaw Chopin,74.07,81.78,13.33371914,8.719481481,4.614237654,97.0,Poland,2,4,0,Winter,Medium,3.4,1.0,26.9,0
2024-01-04,Warsaw Chopin,74.43,79.62,11.34033486,13.02559242,-1.685257562,97.84,Poland,1,3,0,Winter,Medium,5.9,5.0,27.6,0
2023-01-24,Warsaw Chopin,78.41,77.84,11.28873106,9.615968064,1.672762997,98.38,Poland,1,1,0,Winter,Medium,1.6,0.0,9.7,0
2022-08-24,Warsaw Chopin,47.32,65.93,26.70811012,20.99336283,5.714747287,95.87,Poland,8,2,0,Summer,Medium,23.2,0.1,9.7,1
2025-08-26,Warsaw Chopin,74.1,82.57,14.18213115,8.854002193,5.328128955,97.47,Poland,8,1,0,Summer,Medium,14.2,0.5,17.1,0
2022-09-25,Warsaw Chopin,59.47,76.5,20.05484581,13.57357911,6.481266706,95.06,Poland,9,6,1,Autumn,Medium,11.1,0.0,10.7,1
2022-11-02,Warsaw Chopin,83.24,91.57,7.990130354,4.215636704,3.77449365,93.97,Poland,11,2,0,Autumn,Medium,11.6,1.0,15.1,0
2025-05-24,Warsaw Chopin,83.86,87.5,9.338582677,5.870247396,3.468335281,95.17,Poland,5,5,1,Spring,Medium,12.2,0.0,10.2,0
2022-04-28,Warsaw Chopin,31.05,44.15,47.56885965,38.32952128,9.239338373,94.74,Poland,4,3,0,Spring,Medium,9.8,0.1,12.0,1
2026-04-03,Warsaw Chopin,87.97,88.76,6.857142857,6.53102372,0.326119137,97.82,Poland,4,4,0,Spring,Medium,8.2,0.0,17.9,0
2023-11-05,Warsaw Chopin,71.77,79.21,13.5838118,12.16658416,1.417227644,95.95,Poland,11,6,1,Autumn,Medium,7.4,5.1,17.7,0
2022-09-07,Warsaw Chopin,56.78,71.74,27.47139831,15.77362319,11.69777512,96.11,Poland,9,2,0,Autumn,Medium,14.0,0.0,12.8,1
2025-03-13,Warsaw Chopin,83.66,84.92,9.628274968,7.495039683,2.133235285,98.11,Poland,3,3,0,Spring,Medium,8.9,11.2,23.7,0
2025-02-25,Warsaw Chopin,81.43,85.36,8.902953586,6.875662483,2.027291104,94.81,Poland,2,1,0,Winter,Medium,3.7,0.0,12.7,0
2022-03-13,Warsaw Chopin,60.99,79.55,16.27966903,10.3834596,5.896209435,94.27,Poland,3,6,1,Spring,Medium,1.8,0.0,14.8,1
2022-04-05,Warsaw Chopin,74.56,76.73,13.72218935,12.29916143,1.423027924,95.63,Poland,4,1,0,Spring,Medium,4.9,3.3,32.0,0
2024-09-03,Warsaw Chopin,55.12,69.64,25.72367491,19.12845238,6.595222531,94.72,Poland,9,1,0,Autumn,Medium,23.3,0.0,16.3,1
2022-02-03,Warsaw Chopin,80.88,92.42,9.345343137,4.609974747,4.73536839,96.6,Poland,2,3,0,Winter,Medium,-0.1,0.4,18.4,0
2024-03-10,Warsaw Chopin,82.13,85.5,8.565217391,6.914666667,1.650550725,98.62,Poland,3,6,1,Spring,Medium,5.3,0.2,28.5,0
2025-03-21,Warsaw Chopin,88.11,89.37,5.5,4.885826772,0.614173228,95.72,Poland,3,4,0,Spring,Medium,7.4,0.0,12.8,0
2025-09-12,Warsaw Chopin,74.52,82.3,11.48709677,7.77863388,3.708462894,97.54,Poland,9,4,0,Autumn,Medium,17.4,0.0,10.3,0
2023-03-25,Warsaw Chopin,79.76,84.09,12.33244048,9.427651515,2.904788961,96.02,Poland,3,5,1,Spring,Medium,10.1,2.6,19.6,0
2023-03-22,Warsaw Chopin,80.32,86.24,10.49157801,6.498765432,3.992812582,98.02,Poland,3,2,0,Spring,Medium,7.2,0.3,16.3,0
2024-02-11,Warsaw Chopin,77.23,85.11,12.26732673,6.923404255,5.343922477,97.16,Poland,2,6,1,Winter,Medium,7.1,3.6,20.2,0
2023-12-18,Warsaw Chopin,81.94,84.62,9.347376543,7.10361991,2.243756634,94.63,Poland,12,0,0,Winter,Medium,5.9,1.9,26.5,0
2025-05-13,Warsaw Chopin,86.94,87.18,9.279850746,6.625335775,2.654514971,96.17,Poland,5,1,0,Spring,Medium,11.2,0.0,14.1,0
2025-10-08,Warsaw Chopin,54.18,62.46,23.68801561,20.53640501,3.151610602,98.69,Poland,10,2,0,Autumn,Medium,8.9,0.0,5.9,1
2022-01-01,Warsaw Chopin,88.43,88.5,7.313498623,5.571976401,1.741522221,96.09,Poland,1,5,1,Winter,Medium,7.2,1.4,25.6,0
2025-09-18,Warsaw Chopin,64.97,72.35,16.07961783,12.01141479,4.068203043,96.41,Poland,9,3,0,Autumn,Medium,14.7,0.3,15.1,1
2025-11-04,Warsaw Chopin,87.34,92.47,6.308016878,3.70320781,2.604809067,97.56,Poland,11,1,0,Autumn,Medium,8.3,0.0,12.3,0
2022-03-19,Warsaw Chopin,69.6,80.0,13.82706667,10.76692308,3.06014359,96.92,Poland,3,5,1,Spring,Medium,1.1,0.0,13.2,0
2022-03-26,Warsaw Chopin,68.94,78.79,18.17222222,11.26957071,6.902651515,94.67,Poland,3,5,1,Spring,Medium,7.6,0.0,32.8,1
2026-01-10,Warsaw Chopin,32.58,42.92,52.26161388,42.9789823,9.282631575,95.69,Poland,1,5,1,Winter,Medium,-10.9,1.3,16.2,1
2022-03-24,Warsaw Chopin,86.36,84.67,8.501731602,7.840888889,0.660842713,97.59,Poland,3,3,0,Spring,Medium,5.8,0.0,17.8,0
2023-04-03,Warsaw Chopin,76.44,74.41,14.29326923,14.24004739,0.053221837,96.88,Poland,4,0,0,Spring,Medium,1.9,0.0,26.5,0
2024-11-07,Warsaw Chopin,72.87,74.69,12.02202842,11.39959184,0.622436587,98.14,Poland,11,3,0,Autumn,Medium,2.7,0.1,10.7,0
2023-11-08,Warsaw Chopin,81.69,87.98,9.909076682,7.823637821,2.085438862,97.84,Poland,11,2,0,Autumn,Medium,7.0,0.2,20.5,0
2026-03-26,Warsaw Chopin,82.06,86.92,7.838104326,6.113397436,1.72470689,98.14,Poland,3,3,0,Spring,Medium,7.1,2.9,13.2,0
2025-02-23,Warsaw Chopin,78.84,82.89,12.44301521,10.93048246,1.512532758,98.77,Poland,2,6,1,Winter,Medium,0.8,0.0,15.8,0
2023-03-13,Warsaw Chopin,79.17,77.78,11.19279514,10.22165862,0.971136524,96.17,Poland,3,0,0,Spring,Medium,6.0,2.9,27.2,0
2024-02-10,Warsaw Chopin,80.0,78.61,13.46342593,11.40552585,2.057900079,98.4,Poland,2,5,1,Winter,Medium,4.5,0.1,13.6,0
2024-05-19,Warsaw Chopin,59.46,58.27,18.9990991,19.34317585,-0.344076754,96.38,Poland,5,6,1,Spring,Medium,18.0,6.0,15.1,1
2023-10-07,Warsaw Chopin,67.27,71.79,14.59310606,13.72293447,0.870171588,95.78,Poland,10,5,1,Autumn,Medium,14.2,7.2,35.4,0
2024-05-12,Warsaw Chopin,66.67,74.3,15.20410053,14.52463186,0.679468668,97.35,Poland,5,6,1,Spring,Medium,11.5,0.0,10.2,1
2024-08-02,Warsaw Chopin,43.88,56.6,32.31972789,30.37297454,1.946753354,96.17,Poland,8,4,0,Summer,Medium,19.9,0.0,12.8,1
2024-11-02,Warsaw Chopin,80.3,83.25,13.76540404,14.04816587,-0.282761829,95.71,Poland,11,5,1,Autumn,Medium,7.4,0.6,30.4,0
2025-07-01,Warsaw Chopin,70.9,81.7,15.11371237,11.29586057,3.817851808,97.13,Poland,7,1,0,Summer,Medium,18.8,0.0,14.7,1
2025-04-13,Warsaw Chopin,82.76,87.65,8.600383142,7.766334661,0.83404848,98.17,Poland,4,6,1,Spring,Medium,12.4,0.0,16.0,0
2023-02-09,Warsaw Chopin,73.68,87.22,13.42219298,9.335648148,4.086544834,97.97,Poland,2,3,0,Winter,Medium,-3.9,0.0,18.1,0
2025-10-27,Warsaw Chopin,78.95,83.33,14.15870927,14.00915404,0.149555233,88.27,Poland,10,0,0,Autumn,Medium,7.4,5.0,29.6,0
2024-11-13,Warsaw Chopin,85.53,88.66,6.861476608,7.405952381,-0.544475773,98.31,Poland,11,2,0,Autumn,Medium,1.5,0.5,6.5,0
2025-06-30,Warsaw Chopin,76.09,78.31,10.62194164,11.21587571,-0.593934068,97.73,Poland,6,0,0,Summer,Medium,17.7,0.0,22.7,0
2022-04-15,Warsaw Chopin,62.09,58.89,17.3985348,17.90314815,-0.50461335,98.95,Poland,4,4,0,Spring,Medium,10.6,6.1,18.8,1
2023-09-02,Warsaw Chopin,73.21,81.03,15.01145833,9.049137931,5.962320402,95.36,Poland,9,5,1,Autumn,Medium,17.2,0.0,13.0,1
2026-05-23,Warsaw Chopin,81.58,86.72,9.864661654,9.018450185,0.84621147,97.12,Poland,5,5,1,Spring,Medium,17.9,0.1,11.3,0
2023-11-20,Warsaw Chopin,75.58,79.19,11.03271889,10.34426848,0.688450417,98.23,Poland,11,0,0,Autumn,Medium,2.2,1.7,14.0,0
2024-11-18,Warsaw Chopin,76.42,82.66,13.1699187,11.10362903,2.066289667,98.43,Poland,11,0,0,Autumn,Medium,4.0,1.2,24.0,0
2024-04-06,Warsaw Chopin,83.01,84.76,7.825242718,7.462936508,0.362306211,96.36,Poland,4,5,1,Spring,Medium,13.5,5.8,23.6,0
2025-05-10,Warsaw Chopin,85.42,87.2,8.464027778,6.7876,1.676427778,97.61,Poland,5,5,1,Spring,Medium,8.7,7.0,17.2,0
2024-11-12,Warsaw Chopin,79.83,84.62,9.500980392,7.504985755,1.995994637,96.44,Poland,11,1,0,Autumn,Medium,2.1,0.4,6.0,0
2022-03-04,Warsaw Chopin,74.45,81.21,10.90243309,9.163310962,1.739122128,93.83,Poland,3,4,0,Spring,Medium,0.7,1.2,12.1,0
2022-10-09,Warsaw Chopin,75.24,84.13,12.14301587,9.927644231,2.215371642,96.41,Poland,10,6,1,Autumn,Medium,9.9,0.3,21.1,0
2024-05-02,Warsaw Chopin,73.88,80.41,13.14040816,13.3647619,-0.224353741,96.55,Poland,5,3,0,Spring,Medium,18.2,0.0,21.7,0
2024-02-18,Warsaw Chopin,83.66,87.24,6.990676568,5.3875,1.603176568,75.74,Poland,2,6,1,Winter,Medium,2.0,0.0,19.0,0
2024-12-21,Warsaw Chopin,75.69,81.33,10.08891437,8.964518519,1.124395855,98.22,Poland,12,5,1,Winter,Medium,3.1,0.0,17.9,0
2022-08-27,Warsaw Chopin,56.94,72.09,24.56959877,17.32767442,7.241924347,96.09,Poland,8,5,1,Summer,Medium,24.2,0.0,13.3,1
2022-08-12,Warsaw Chopin,49.79,60.09,25.68991416,19.85321637,5.836697789,97.55,Poland,8,4,0,Summer,Medium,20.0,9.7,19.8,1
2022-05-26,Warsaw Chopin,62.56,77.42,15.05134281,8.7640553,6.287287512,96.1,Poland,5,3,0,Spring,Medium,15.4,0.4,29.9,1
2026-02-07,Warsaw Chopin,75.78,77.22,13.95964126,12.85506329,1.104577964,98.25,Poland,2,5,1,Winter,Medium,0.4,4.8,9.4,0
2023-01-09,Warsaw Chopin,75.52,85.43,11.04852431,6.529313233,4.519211073,98.5,Poland,1,0,0,Winter,Medium,5.1,2.6,18.7,0
2025-08-08,Warsaw Chopin,76.92,83.39,10.92793803,7.36102063,3.566917404,95.77,Poland,8,4,0,Summer,Medium,18.7,0.0,12.1,0
2022-04-29,Warsaw Chopin,43.78,60.61,31.17910448,23.99276094,7.186343535,96.36,Poland,4,4,0,Spring,Medium,9.9,0.7,11.3,1
2025-04-21,Warsaw Chopin,89.72,91.19,5.559947299,4.988825032,0.571122267,98.84,Poland,4,0,0,Spring,Medium,18.7,0.0,9.0,0
2025-04-18,Warsaw Chopin,84.19,87.96,9.076715686,5.851459854,3.225255832,98.57,Poland,4,4,0,Spring,Medium,20.6,0.0,16.1,0
2022-09-08,Warsaw Chopin,56.41,73.28,23.31773504,17.34942529,5.968309755,96.0,Poland,9,3,0,Autumn,Medium,16.0,0.0,24.5,1
2026-03-29,Warsaw Chopin,85.88,85.71,7.488549618,6.778442728,0.71010689,87.79,Poland,3,6,1,Spring,Medium,10.1,0.0,18.1,0
2026-02-26,Warsaw Chopin,75.28,83.21,10.38130381,8.086442786,2.294861027,96.55,Poland,2,3,0,Winter,Medium,0.8,0.0,14.4,0
2024-10-24,Warsaw Chopin,24.44,30.3,48.04216792,45.09469697,2.94747095,95.41,Poland,10,3,0,Autumn,Medium,6.5,0.0,8.9,1
2022-01-10,Warsaw Chopin,79.29,84.97,13.11143984,8.916859345,4.194580497,98.3,Poland,1,0,0,Winter,Medium,-3.0,0.0,15.6,0
2023-03-26,Warsaw Chopin,73.43,83.07,14.06586151,9.431834215,4.634027299,91.81,Poland,3,6,1,Spring,Medium,7.3,4.0,25.3,0
2025-07-05,Warsaw Chopin,77.57,81.43,10.53204657,9.861904762,0.670141807,96.84,Poland,7,5,1,Summer,Medium,20.5,0.0,12.6,0
2026-05-07,Warsaw Chopin,87.85,89.58,6.480439815,5.42037037,1.060069444,95.74,Poland,5,3,0,Spring,Medium,14.8,5.9,11.5,0
2023-12-10,Warsaw Chopin,59.22,70.26,19.56067961,12.28820513,7.272474483,96.33,Poland,12,6,1,Winter,Medium,-0.3,0.4,17.8,1
2022-09-13,Warsaw Chopin,55.08,71.24,21.90903955,16.3741774,5.534862152,94.68,Poland,9,1,0,Autumn,Medium,13.1,0.1,13.4,1
2024-06-01,Warsaw Chopin,65.83,66.94,19.50819444,15.36238095,4.145813492,97.25,Poland,6,5,1,Summer,Medium,18.7,5.2,19.7,1
2023-08-17,Warsaw Chopin,60.96,73.79,16.90438247,12.17365591,4.730726556,96.27,Poland,8,3,0,Summer,Medium,26.8,1.1,20.0,1
2023-01-25,Warsaw Chopin,86.96,89.63,7.15300207,5.157012195,1.995989875,95.43,Poland,1,2,0,Winter,Medium,-0.6,0.0,10.5,0
2025-12-25,Warsaw Chopin,67.43,79.05,16.71039755,12.57626984,4.134127712,98.65,Poland,12,3,0,Winter,Medium,-8.7,0.0,11.4,1
2025-07-10,Warsaw Chopin,74.18,81.33,12.1620915,10.05538889,2.106702614,97.2,Poland,7,3,0,Summer,Medium,16.1,1.5,22.4,0
2023-07-12,Warsaw Chopin,60.5,73.5,25.76526611,15.39195157,10.37331454,94.88,Poland,7,2,0,Summer,Medium,23.2,0.4,20.5,1
2024-06-27,Warsaw Chopin,30.94,50.18,44.25539568,36.18736264,8.068033046,93.97,Poland,6,3,0,Summer,Medium,25.3,0.0,19.9,1
2024-07-13,Warsaw Chopin,41.27,48.82,33.49603175,33.50793963,-0.011907887,97.69,Poland,7,5,1,Summer,Medium,24.2,4.9,22.8,1
2025-10-11,Warsaw Chopin,55.89,66.05,20.7756654,16.07078721,4.704878191,96.44,Poland,10,5,1,Autumn,Medium,11.8,2.2,22.7,1
2024-08-26,Warsaw Chopin,73.99,79.26,14.13009768,12.71691358,1.4131841,96.18,Poland,8,0,0,Summer,Medium,19.4,1.1,15.9,0
2023-04-06,Warsaw Chopin,72.48,79.37,15.95818043,10.94544096,5.012739471,97.83,Poland,4,3,0,Spring,Medium,1.3,8.3,24.0,1
2023-12-25,Warsaw Chopin,84.97,84.94,10.07514451,7.754919679,2.32022483,99.44,Poland,12,0,0,Winter,Medium,7.7,5.9,35.7,0
2024-10-23,Warsaw Chopin,73.66,70.88,13.70534351,13.46302682,0.242316692,97.14,Poland,10,2,0,Autumn,Medium,10.8,0.0,22.5,0
2026-01-21,Warsaw Chopin,73.2,81.05,11.8304,11.48991935,0.340480645,97.33,Poland,1,2,0,Winter,Medium,-9.2,0.0,13.4,0
2022-05-25,Warsaw Chopin,64.32,71.5,16.12261307,12.20608333,3.916529732,97.62,Poland,5,2,0,Spring,Medium,14.3,15.0,19.7,1
2024-08-16,Warsaw Chopin,59.36,70.73,22.37809187,17.75383275,4.62425912,96.28,Poland,8,4,0,Summer,Medium,24.6,5.5,15.5,1
2023-05-17,Warsaw Chopin,69.78,80.79,16.97762963,10.92052402,6.057105612,97.87,Poland,5,2,0,Spring,Medium,12.0,15.2,18.6,1
2024-07-11,Warsaw Chopin,48.31,54.91,29.23595506,23.97466667,5.26128839,96.77,Poland,7,3,0,Summer,Medium,26.7,5.1,18.9,1
2025-03-19,Warsaw Chopin,90.48,92.83,6.813564214,4.131082982,2.682481232,97.94,Poland,3,2,0,Spring,Medium,3.1,0.0,14.6,0
2024-01-10,Warsaw Chopin,69.15,81.77,14.84295191,10.98834154,3.854610364,93.55,Poland,1,2,0,Winter,Medium,-6.3,0.0,14.8,0
2026-01-24,Warsaw Chopin,66.52,72.1,15.4736417,16.16824034,-0.69459864,98.28,Poland,1,5,1,Winter,Medium,-6.2,0.0,16.6,1
2024-05-18,Warsaw Chopin,79.09,75.32,10.68287879,13.17936508,-2.496486291,95.76,Poland,5,5,1,Spring,Medium,17.7,0.0,17.7,0
2024-01-02,Warsaw Chopin,74.88,79.02,17.17019704,15.1102439,2.059953142,98.56,Poland,1,1,0,Winter,Medium,3.7,2.1,16.4,1
2023-06-24,Warsaw Chopin,72.85,80.18,12.96085973,9.445668135,3.515191593,96.25,Poland,6,5,1,Summer,Medium,19.8,0.0,15.9,0
2022-06-27,Warsaw Chopin,49.32,62.44,27.90958904,20.68220211,7.227386929,94.69,Poland,6,0,0,Summer,Medium,25.6,0.0,18.6,1
2026-03-31,Warsaw Chopin,86.57,84.81,6.316355721,7.444320988,-1.127965266,89.87,Poland,3,1,0,Spring,Medium,8.4,0.0,18.7,0
2023-11-29,Warsaw Chopin,79.33,80.79,9.835336538,13.29868637,-3.463349833,97.29,Poland,11,2,0,Autumn,Medium,-3.6,0.0,17.2,0
2026-02-03,Warsaw Chopin,65.38,65.42,18.46673789,18.91569444,-0.448956553,97.59,Poland,2,1,0,Winter,Medium,-16.1,0.0,16.6,1
2025-03-24,Warsaw Chopin,86.64,87.64,7.459379217,7.608043758,-0.148664541,96.58,Poland,3,0,0,Spring,Medium,7.0,0.9,13.5,0
2024-10-06,Warsaw Chopin,76.21,77.91,11.9913259,13.89728682,-1.905960923,97.15,Poland,10,6,1,Autumn,Medium,9.3,11.5,12.0,0
2024-10-27,Warsaw Chopin,81.17,83.84,10.62217573,9.744687045,0.877488687,92.8,Poland,10,6,1,Autumn,Medium,11.6,0.0,17.9,0
2026-05-20,Warsaw Chopin,85.61,91.67,7.421052632,6.097826087,1.323226545,95.1,Poland,5,2,0,Spring,Medium,15.7,0.0,11.7,0
2022-01-08,Warsaw Chopin,67.55,83.23,13.18631347,8.204347826,4.98196564,98.72,Poland,1,5,1,Winter,Medium,-2.5,0.0,18.7,0
2025-05-14,Warsaw Chopin,81.69,81.49,9.517605634,9.186595492,0.331010142,96.33,Poland,5,2,0,Spring,Medium,13.0,7.5,22.3,0
2023-10-30,Warsaw Chopin,86.43,86.76,7.375565611,6.750989346,0.624576265,95.02,Poland,10,0,0,Autumn,Medium,13.2,0.0,19.5,0
2025-05-27,Warsaw Chopin,78.14,84.73,11.70967742,10.08527273,1.624404692,96.66,Poland,5,1,0,Spring,Medium,16.4,0.0,14.1,0
2025-05-16,Warsaw Chopin,80.62,83.75,9.55017301,9.028268551,0.521904459,98.67,Poland,5,4,0,Spring,Medium,6.7,9.0,27.8,0
2022-12-24,Warsaw Chopin,75.17,82.21,14.11163311,9.542126789,4.56950632,99.35,Poland,12,5,1,Winter,Medium,4.1,4.7,15.8,0
2024-08-25,Warsaw Chopin,69.71,80.23,15.67518248,10.46818758,5.206994903,96.9,Poland,8,6,1,Summer,Medium,24.4,0.0,21.4,1
2024-02-23,Warsaw Chopin,84.86,88.5,8.587538226,5.539823009,3.047715217,97.08,Poland,2,4,0,Winter,Medium,8.0,7.4,21.6,0
2024-01-06,Warsaw Chopin,41.94,61.14,29.58673835,22.86666667,6.720071685,96.39,Poland,1,5,1,Winter,Medium,-2.4,3.0,18.9,1
2022-11-26,Warsaw Chopin,80.12,88.76,9.048654244,5.014299803,4.034354442,94.86,Poland,11,5,1,Autumn,Medium,0.6,0.3,9.3,0
2025-01-30,Warsaw Chopin,87.5,90.76,6.015429688,5.081726908,0.93370278,96.68,Poland,1,3,0,Winter,Medium,6.3,0.0,15.5,0
2024-08-28,Warsaw Chopin,67.63,78.68,17.47254197,12.21323529,5.259306672,95.96,Poland,8,2,0,Summer,Medium,21.8,0.0,13.5,1
2024-08-10,Warsaw Chopin,65.98,73.33,21.03278689,18.93333333,2.099453552,96.85,Poland,8,5,1,Summer,Medium,20.6,0.3,22.1,1
2025-05-15,Warsaw Chopin,74.11,77.06,11.5070922,10.98566308,0.521429116,95.16,Poland,5,3,0,Spring,Medium,6.8,2.6,18.7,0
2025-04-11,Warsaw Chopin,72.96,78.26,13.46555556,15.12844203,-1.662886473,96.83,Poland,4,4,0,Spring,Medium,6.4,7.1,22.2,0
2022-09-16,Warsaw Chopin,52.28,67.23,25.51230982,19.52312057,5.989189253,93.84,Poland,9,4,0,Autumn,Medium,13.6,0.0,25.8,1
2025-09-04,Warsaw Chopin,42.49,59.68,29.19169329,23.33333333,5.858359957,97.85,Poland,9,3,0,Autumn,Medium,20.1,0.0,6.1,1
2025-06-12,Warsaw Chopin,66.13,79.8,17.22913978,11.10733996,6.121799829,96.36,Poland,6,3,0,Summer,Medium,14.3,0.0,22.2,1
2023-01-08,Warsaw Chopin,79.56,85.63,10.74281768,6.667624521,4.075193158,97.38,Poland,1,6,1,Winter,Medium,3.8,0.0,23.8,0
2026-03-07,Warsaw Chopin,82.19,88.21,11.38584475,8.963245997,2.422598752,93.7,Poland,3,5,1,Spring,Medium,4.6,0.0,6.7,0
2023-02-19,Warsaw Chopin,69.63,78.29,13.39467714,10.85257143,2.542105709,96.5,Poland,2,6,1,Winter,Medium,2.6,0.8,24.6,0
2022-05-23,Warsaw Chopin,61.84,68.1,17.19194847,18.39349206,-1.201543593,95.65,Poland,5,0,0,Spring,Medium,13.5,0.2,15.6,1
2022-01-06,Palma de Mallorca,92.0,93.7,4.496,2.984514436,1.511485564,94.56,Spain,1,3,0,Winter,Small,8.6,0.6,13.9,0
2025-01-22,Barcelona,76.04,87.64,10.50139276,7.344492337,3.15690042,93.56,Spain,1,2,0,Winter,Large,12.2,0.0,18.9,0
2023-04-14,Barcelona,70.46,78.62,15.35232068,13.9068833,1.445437377,99.17,Spain,4,4,0,Spring,Large,14.3,0.0,29.3,1
2025-02-03,Barcelona,82.5,89.07,8.925,6.877828398,2.047171602,97.81,Spain,2,0,0,Winter,Large,9.4,0.0,13.5,0
2025-02-20,Madrid Barajas,69.63,81.61,17.65270506,11.86607143,5.786633633,93.66,Spain,2,3,0,Winter,Large,9.3,0.0,8.3,1
2024-06-30,Barcelona,44.06,55.53,33.96360153,26.07013359,7.893467945,94.57,Spain,6,6,1,Summer,Large,21.8,0.0,16.0,1
2025-04-24,Barcelona,76.42,84.99,12.97169811,7.673733583,5.29796453,96.6,Spain,4,3,0,Spring,Large,15.7,0.2,15.0,0
2024-10-18,Madrid Barajas,55.93,68.87,22.45486726,15.90255072,6.552316532,94.93,Spain,10,4,0,Autumn,Large,11.7,0.1,9.2,1
2022-01-09,Barcelona,81.59,84.08,9.561756374,7.719646182,1.842110191,96.57,Spain,1,6,1,Winter,Large,11.4,0.0,29.3,0
2025-04-06,Palma de Mallorca,80.66,86.76,9.897790055,7.264929577,2.632860478,90.75,Spain,4,6,1,Spring,Small,15.8,2.4,11.7,0
2025-11-10,Madrid Barajas,80.07,87.35,12.44194107,8.206239168,4.235701906,92.35,Spain,11,0,0,Autumn,Large,7.5,0.0,6.3,0
2022-10-22,Madrid Barajas,62.72,68.49,18.71928879,17.88630952,0.832979269,95.25,Spain,10,5,1,Autumn,Large,15.5,6.5,20.9,1
2023-09-29,Palma de Mallorca,77.88,81.32,11.49176471,10.43477601,1.0569887,95.44,Spain,9,4,0,Autumn,Small,21.7,0.0,14.3,0
2022-07-22,Palma de Mallorca,50.76,56.37,28.99633261,28.14308855,0.853244054,91.95,Spain,7,4,0,Summer,Small,28.2,0.0,16.3,1
2025-04-15,Palma de Mallorca,72.3,74.93,13.43999028,11.52147716,1.91851312,93.4,Spain,4,1,0,Spring,Small,16.7,0.3,26.5,0
2024-03-16,Barcelona,79.03,86.8,10.50383632,8.788028765,1.715807552,97.58,Spain,3,5,1,Spring,Large,12.9,0.0,13.3,0
2023-06-21,Madrid Barajas,49.08,63.52,28.87172181,18.37635802,10.49536379,93.1,Spain,6,2,0,Summer,Large,21.1,3.8,17.8,1
2025-04-02,Barcelona,70.51,83.23,12.53535354,7.914276094,4.621077441,96.74,Spain,4,2,0,Spring,Large,13.0,3.7,16.1,0
2022-04-21,Madrid Barajas,83.93,83.51,10.02596899,8.192459479,1.833509514,96.23,Spain,4,3,0,Spring,Large,10.5,0.0,20.2,0
2025-03-04,Barcelona,82.04,90.86,9.356796117,6.456378601,2.900417516,97.47,Spain,3,1,0,Spring,Large,12.9,0.1,23.2,0
2024-04-08,Barcelona,66.4,73.47,16.38969516,14.57970297,1.809992192,92.28,Spain,4,0,0,Spring,Large,16.6,0.0,13.6,1
2025-04-01,Palma de Mallorca,86.12,89.4,6.539501779,5.360070671,1.179431108,89.33,Spain,4,1,0,Spring,Small,13.9,0.0,17.6,0
2022-01-08,Madrid Barajas,84.14,89.35,8.446504689,6.537056277,1.909448412,93.46,Spain,1,5,1,Winter,Large,1.4,0.0,11.5,0
2025-02-17,Madrid Barajas,79.96,86.15,10.70094563,8.097779751,2.603165875,95.43,Spain,2,0,0,Winter,Large,8.3,0.0,8.4,0
2024-08-02,Madrid Barajas,50.5,66.56,26.77759197,20.01257551,6.765016465,95.16,Spain,8,4,0,Summer,Large,28.0,0.2,16.5,1
2025-03-13,Palma de Mallorca,73.22,79.44,13.96174863,9.358703704,4.60304493,93.07,Spain,3,3,0,Spring,Small,14.3,6.0,28.1,0
2023-07-25,Palma de Mallorca,55.43,62.92,25.99113082,19.72730337,6.26382745,95.31,Spain,7,1,0,Summer,Small,27.1,2.7,24.6,1
2023-09-16,Palma de Mallorca,55.04,63.52,30.30882353,26.55513627,3.753687261,93.85,Spain,9,5,1,Autumn,Small,24.7,0.0,13.3,1
2025-04-23,Palma de Mallorca,82.13,88.7,9.925072046,5.723022599,4.202049447,93.63,Spain,4,2,0,Spring,Small,16.2,1.2,15.3,0
2022-01-24,Barcelona,93.21,89.86,5.330316742,6.167127496,-0.836810754,87.36,Spain,1,0,0,Winter,Large,6.7,0.0,12.2,0
2022-07-09,Palma de Mallorca,36.22,55.98,39.34322602,28.37376606,10.96945996,88.93,Spain,7,5,1,Summer,Small,26.9,0.0,17.3,1
2024-10-31,Barcelona,54.35,69.46,22.41401274,14.9518638,7.46214894,92.4,Spain,10,3,0,Autumn,Large,18.9,5.5,29.0,1
2026-04-24,Palma de Mallorca,79.68,84.96,9.893048128,7.103298153,2.789749975,95.34,Spain,4,4,0,Spring,Small,17.6,0.0,16.9,0
2024-08-22,Barcelona,62.21,73.69,21.05916031,16.14464861,4.914511692,97.45,Spain,8,3,0,Summer,Large,25.9,0.0,18.2,1
2026-05-11,Palma de Mallorca,74.68,82.75,12.66835443,7.873666667,4.794687764,94.04,Spain,5,0,0,Spring,Small,19.2,0.0,18.0,0
2026-03-14,Barcelona,59.23,62.62,21.80643485,17.8372619,3.969172947,96.39,Spain,3,5,1,Spring,Large,10.8,25.3,17.9,1
2024-04-19,Madrid Barajas,72.15,81.11,13.07785467,9.173355818,3.904498853,95.36,Spain,4,4,0,Spring,Large,13.2,0.0,14.3,0
2024-06-23,Madrid Barajas,64.08,78.69,19.86003373,13.23049828,6.629535445,95.57,Spain,6,6,1,Summer,Large,23.0,0.0,19.6,1
2022-05-31,Palma de Mallorca,58.9,69.37,26.06516291,21.09654008,4.968622823,95.86,Spain,5,1,0,Spring,Small,21.8,0.0,17.1,1
2024-09-21,Palma de Mallorca,39.09,51.95,33.46569647,28.56221766,4.903478807,93.98,Spain,9,5,1,Autumn,Small,21.1,4.3,19.0,1
2023-07-11,Madrid Barajas,62.38,75.0,19.33994413,13.99195076,5.347993377,95.82,Spain,7,1,0,Summer,Large,29.9,0.0,25.3,1
2025-10-21,Madrid Barajas,59.97,71.06,20.39352641,15.58625072,4.807275683,95.14,Spain,10,1,0,Autumn,Large,17.0,1.9,16.3,1
2022-12-02,Palma de Mallorca,78.95,83.33,10.98496241,7.708937198,3.276025208,92.11,Spain,12,4,0,Winter,Small,11.8,1.3,19.2,0
2025-09-06,Palma de Mallorca,67.12,83.14,15.71540208,8.544923372,7.170478704,94.39,Spain,9,5,1,Autumn,Small,25.8,0.1,17.8,1
2026-05-06,Palma de Mallorca,71.09,75.26,14.125,11.37439236,2.750607639,96.54,Spain,5,2,0,Spring,Small,16.8,3.5,13.4,0
2025-01-19,Madrid Barajas,80.43,87.5,10.18478261,6.76752451,3.417258099,95.93,Spain,1,6,1,Winter,Large,0.7,0.0,6.7,0
2022-05-25,Barcelona,65.23,76.43,16.73729017,12.26916667,4.468123501,97.51,Spain,5,2,0,Spring,Large,17.4,21.6,17.0,1
2022-04-17,Palma de Mallorca,73.68,80.7,14.31578947,9.37002924,4.945760234,94.75,Spain,4,6,1,Spring,Small,17.2,0.0,15.3,0
2022-04-11,Barcelona,72.77,79.29,15.52946009,12.3059127,3.223547395,98.42,Spain,4,0,0,Spring,Large,12.3,0.2,25.7,1
2022-06-19,Madrid Barajas,66.87,65.38,19.0989899,20.72300945,-1.624019548,95.15,Spain,6,6,1,Summer,Large,23.4,0.0,25.0,1
2024-06-26,Barcelona,55.45,67.11,25.79887218,18.57785171,7.221020469,95.99,Spain,6,2,0,Summer,Large,22.0,0.0,15.8,1
2026-05-09,Barcelona,59.65,67.18,24.15830116,18.92012945,5.238171708,95.86,Spain,5,5,1,Spring,Large,16.1,17.5,22.0,1
2025-06-05,Palma de Mallorca,66.35,76.16,17.08173077,12.11616512,4.965565646,93.78,Spain,6,3,0,Summer,Small,22.2,0.0,16.7,1
2023-11-05,Madrid Barajas,57.95,65.23,24.22307449,17.51453831,6.708536185,94.34,Spain,11,6,1,Autumn,Large,10.2,0.0,18.5,1
2025-04-30,Palma de Mallorca,65.22,79.43,18.33967391,12.83783205,5.501841865,93.24,Spain,4,2,0,Spring,Small,18.4,0.0,27.5,1
2025-06-11,Palma de Mallorca,61.02,77.09,20.75501114,13.15176211,7.603249021,94.11,Spain,6,2,0,Summer,Small,25.3,0.0,17.3,1
2024-02-05,Barcelona,85.35,91.52,7.179292929,5.28706084,1.89223209,93.81,Spain,2,0,0,Winter,Large,11.2,0.0,13.4,0
2023-04-06,Palma de Mallorca,51.27,53.64,27.61464968,25.76414141,1.850508267,89.34,Spain,4,3,0,Spring,Small,13.0,0.0,17.1,1
2023-12-26,Palma de Mallorca,86.13,90.71,6.693430657,7.540357143,-0.846926486,99.32,Spain,12,1,0,Winter,Small,10.4,0.0,9.0,0
2024-10-08,Madrid Barajas,45.91,65.89,28.56227758,18.73351287,9.828764714,94.75,Spain,10,1,0,Autumn,Large,14.9,1.6,25.9,1
2026-05-11,Madrid Barajas,69.4,72.77,15.11755233,13.8443544,1.273197932,93.43,Spain,5,0,0,Spring,Large,12.8,1.0,16.1,1
2023-03-31,Palma de Mallorca,41.18,43.21,37.44025054,35.74537037,1.694880174,91.69,Spain,3,4,0,Spring,Small,17.6,0.0,18.1,1
2024-12-18,Palma de Mallorca,81.6,88.62,8.288,7.253929539,1.034070461,88.59,Spain,12,2,0,Winter,Small,13.8,0.0,14.7,0
2025-08-07,Palma de Mallorca,71.12,82.3,16.40086207,11.44705046,4.953811607,94.87,Spain,8,3,0,Summer,Small,26.9,0.0,14.6,1
2024-08-20,Madrid Barajas,69.88,82.03,16.12477718,9.209430605,6.915346579,95.8,Spain,8,1,0,Summer,Large,28.2,0.0,20.1,1
2023-11-13,Palma de Mallorca,86.18,89.54,7.776315789,5.992701525,1.783614264,94.67,Spain,11,0,0,Autumn,Small,16.9,0.0,11.5,0
2023-03-21,Palma de Mallorca,87.97,86.76,5.84962406,6.353186275,-0.503562214,96.64,Spain,3,1,0,Spring,Small,13.3,0.0,15.3,0
2022-02-03,Barcelona,91.09,93.47,4.715924426,3.723877551,0.992046875,96.23,Spain,2,3,0,Winter,Large,9.2,0.0,13.5,0
2024-10-06,Madrid Barajas,58.26,77.55,20.2244898,15.79308176,4.431408035,94.3,Spain,10,6,1,Autumn,Large,19.9,0.2,24.4,1
2024-10-29,Madrid Barajas,54.53,61.12,23.78503145,19.57417445,4.210856992,84.89,Spain,10,1,0,Autumn,Large,14.3,12.2,26.2,1
2025-12-28,Madrid Barajas,74.12,83.62,15.88235294,11.98364619,3.898706752,95.45,Spain,12,6,1,Winter,Large,6.9,1.0,12.1,1
2025-11-29,Palma de Mallorca,92.0,95.3,3.48,2.701006711,0.778993289,95.6,Spain,11,5,1,Autumn,Small,12.5,0.0,19.9,0
2024-03-01,Palma de Mallorca,80.66,83.43,14.26519337,8.13388582,6.131307551,96.02,Spain,3,4,0,Spring,Small,11.4,19.6,29.7,0
2026-04-26,Madrid Barajas,84.28,88.07,10.53646677,6.962037037,3.574429738,92.66,Spain,4,6,1,Spring,Large,19.1,0.0,13.2,0
2024-08-11,Madrid Barajas,62.8,80.18,20.14359862,11.53157895,8.612019669,95.75,Spain,8,6,1,Summer,Large,30.4,0.0,14.7,1
2024-04-11,Madrid Barajas,82.56,87.71,9.302564103,6.933077361,2.369486742,94.74,Spain,4,3,0,Spring,Large,16.0,0.0,14.8,0
2023-02-01,Palma de Mallorca,91.59,88.79,4.38317757,7.3,-2.91682243,96.55,Spain,2,2,0,Winter,Small,8.2,0.0,11.6,0
2022-11-13,Palma de Mallorca,78.82,79.75,13.35882353,10.07025316,3.288570365,92.75,Spain,11,6,1,Autumn,Small,17.6,0.0,14.8,0
2025-03-10,Barcelona,76.32,86.5,11.24827586,6.896453089,4.351822773,93.07,Spain,3,0,0,Spring,Large,11.1,0.7,9.8,0
2025-12-03,Barcelona,82.43,88.44,9.472972973,5.91218638,3.560786593,96.97,Spain,12,2,0,Winter,Large,9.7,0.0,18.0,0
2026-04-01,Barcelona,66.92,80.5,17.10898662,10.38388031,6.725106307,94.52,Spain,4,2,0,Spring,Large,12.5,5.5,15.1,1
2024-02-14,Palma de Mallorca,89.47,91.38,3.850877193,3.843965517,0.006911676,96.85,Spain,2,2,0,Winter,Small,13.7,0.0,9.2,0
2023-01-09,Barcelona,82.76,84.48,9.853448276,10.5585728,-0.705124521,98.35,Spain,1,0,0,Winter,Large,12.9,0.0,23.7,0
2024-11-09,Palma de Mallorca,89.78,91.8,8.048387097,4.725409836,3.322977261,92.34,Spain,11,5,1,Autumn,Small,16.9,2.2,12.0,0
2024-10-24,Barcelona,62.57,77.67,18.42155009,11.08375405,7.337796049,97.98,Spain,10,3,0,Autumn,Large,17.0,0.4,11.3,1
2025-11-18,Palma de Mallorca,88.79,95.61,8.401869159,4.047953216,4.353915943,90.55,Spain,11,1,0,Autumn,Small,13.8,1.8,10.7,0
2024-10-21,Palma de Mallorca,71.02,79.74,15.71018277,11.12593074,4.584252032,95.72,Spain,10,0,0,Autumn,Small,19.5,1.3,13.8,1
2022-07-19,Barcelona,69.44,68.69,19.89594907,22.28555296,-2.389603885,95.96,Spain,7,1,0,Summer,Large,25.5,0.0,10.2,1
2023-12-20,Barcelona,77.7,83.25,11.68075117,9.319772013,2.360979161,98.42,Spain,12,2,0,Winter,Large,9.0,0.0,16.9,0
2025-04-15,Barcelona,74.29,84.38,13.56428571,9.911111111,3.653174603,97.29,Spain,4,1,0,Spring,Large,15.4,1.7,19.2,0
2023-09-14,Barcelona,69.53,77.73,16.38930615,10.11120628,6.27809987,96.73,Spain,9,3,0,Autumn,Large,23.2,0.0,13.0,1
2024-09-13,Madrid Barajas,71.9,81.02,18.30743802,12.25343784,6.054000173,93.7,Spain,9,4,0,Autumn,Large,17.7,0.0,18.6,1
2023-05-10,Palma de Mallorca,77.64,78.29,13.70186335,12.16202854,1.539834812,96.21,Spain,5,2,0,Spring,Small,18.9,0.3,20.8,0
2026-01-01,Palma de Mallorca,84.93,85.14,7.452054795,7.310810811,0.141243984,98.04,Spain,1,3,0,Winter,Small,8.2,0.0,10.6,0
2024-06-12,Palma de Mallorca,32.89,48.99,41.7522443,32.84276659,8.909477705,93.36,Spain,6,2,0,Summer,Small,18.5,15.8,19.8,1
2023-07-10,Barcelona,64.49,73.91,18.44285714,14.24002761,4.202829538,96.1,Spain,7,0,0,Summer,Large,25.7,0.0,11.3,1
2022-12-17,Barcelona,60.18,60.99,20.50516717,20.98668731,-0.481520133,97.67,Spain,12,5,1,Winter,Large,11.2,0.1,11.8,1
2022-03-21,Barcelona,86.55,89.94,6.833333333,5.128944773,1.70438856,95.63,Spain,3,0,0,Spring,Large,12.5,4.0,32.0,0
2023-02-19,Barcelona,75.26,85.03,11.00255102,12.44035533,-1.43780431,97.82,Spain,2,6,1,Winter,Large,10.4,0.0,11.7,0
2025-06-05,Madrid Barajas,72.37,80.78,15.87288136,10.87866779,4.994213565,94.46,Spain,6,3,0,Summer,Large,21.6,0.0,11.2,1
2024-03-09,Madrid Barajas,58.73,71.91,22.73756614,14.87265881,7.864907329,96.44,Spain,3,5,1,Spring,Large,6.4,13.1,24.4,1
2024-09-12,Palma de Mallorca,60.85,73.04,21.27122642,16.32357911,4.947647306,93.02,Spain,9,3,0,Autumn,Small,22.7,0.6,23.6,1
2024-12-22,Palma de Mallorca,78.74,76.51,10.34482759,11.88082329,-1.535995707,95.19,Spain,12,6,1,Winter,Small,13.3,0.0,34.6,0
2024-01-05,Barcelona,56.28,72.39,21.39271357,15.90974295,5.482970616,87.98,Spain,1,4,0,Winter,Large,11.1,13.6,14.0,1
2025-07-30,Palma de Mallorca,61.34,74.55,19.43117409,14.08630595,5.344868144,93.41,Spain,7,2,0,Summer,Small,23.5,0.0,17.6,1
2022-10-12,Madrid Barajas,76.13,84.09,12.82387476,9.233529797,3.590344958,94.57,Spain,10,2,0,Autumn,Large,16.4,0.1,9.5,0
2024-10-17,Barcelona,37.98,45.44,35.3003876,31.08992395,4.210463643,95.86,Spain,10,3,0,Autumn,Large,19.1,3.1,24.6,1
2022-09-01,Palma de Mallorca,66.83,70.45,18.91850921,16.2456229,2.672886317,95.21,Spain,9,3,0,Autumn,Small,26.6,0.0,14.6,1
2022-06-29,Barcelona,62.65,69.46,19.90307329,17.21122766,2.691845625,94.17,Spain,6,2,0,Summer,Large,22.4,0.4,17.9,1
2026-01-31,Barcelona,85.02,88.92,7.322986748,9.345589744,-2.022602995,97.97,Spain,1,5,1,Winter,Large,11.3,1.8,25.4,0
2023-04-30,Palma de Mallorca,76.53,82.59,11.20533333,10.223219,0.982114336,93.62,Spain,4,6,1,Spring,Small,18.7,6.1,23.8,0
2023-08-13,Palma de Mallorca,73.45,80.82,13.62141328,10.18171695,3.439696322,95.06,Spain,8,6,1,Summer,Small,26.3,0.0,17.0,0
2026-01-25,Barcelona,62.35,61.67,22.99308553,22.07738095,0.915704579,94.92,Spain,1,6,1,Winter,Large,9.9,0.4,23.4,1
2024-08-31,Madrid Barajas,53.06,68.84,27.11870504,21.09768192,6.021023111,95.37,Spain,8,5,1,Summer,Large,22.1,2.5,13.8,1
2023-05-01,Barcelona,35.02,50.35,41.640553,31.55546574,10.08508725,93.05,Spain,5,0,0,Spring,Large,16.4,5.1,11.7,1
2023-04-18,Madrid Barajas,80.54,83.43,11.78404669,9.968453541,1.815593151,94.39,Spain,4,1,0,Spring,Large,14.6,0.0,15.9,0
2023-11-08,Barcelona,81.42,91.54,8.692111959,5.11991453,3.572197429,97.57,Spain,11,2,0,Autumn,Large,12.1,0.0,18.2,0
2024-07-07,Madrid Barajas,66.33,75.6,19.21105528,18.70955631,0.501498962,94.65,Spain,7,6,1,Summer,Large,23.4,0.0,20.5,1
2022-11-12,Barcelona,69.49,77.91,15.32930514,13.30860697,2.020698171,98.56,Spain,11,5,1,Autumn,Large,17.7,1.8,22.3,1
2025-07-24,Madrid Barajas,47.44,64.84,30.34710744,20.55862355,9.788483889,93.64,Spain,7,3,0,Summer,Large,22.9,0.0,23.1,1
2023-03-28,Madrid Barajas,62.43,71.91,18.7415507,17.4624834,1.279067296,92.86,Spain,3,1,0,Spring,Large,12.7,0.0,11.4,1
2024-10-26,Barcelona,26.36,41.88,41.0655303,33.87940503,7.186125269,96.59,Spain,10,5,1,Autumn,Large,16.3,13.0,16.5,1
2024-06-14,Madrid Barajas,59.05,63.05,21.97103175,19.82250135,2.148530395,95.41,Spain,6,4,0,Summer,Large,20.8,0.0,19.8,1
2026-01-17,Palma de Mallorca,90.35,95.41,5.140350877,2.765902141,2.374448737,94.4,Spain,1,5,1,Winter,Small,12.2,13.5,16.4,0
2022-03-07,Barcelona,82.83,87.69,8.619026104,5.554512821,3.064513284,96.07,Spain,3,0,0,Spring,Large,9.7,1.1,13.7,0
2024-03-28,Palma de Mallorca,76.27,71.37,10.34858757,12.99433842,-2.645750852,90.24,Spain,3,3,0,Spring,Small,16.8,0.0,40.9,0
2024-05-10,Palma de Mallorca,80.99,87.79,12.21361502,5.977621283,6.23599374,93.6,Spain,5,4,0,Spring,Small,17.2,0.0,23.0,0
2022-10-15,Barcelona,74.74,81.19,14.59077381,11.06447595,3.526297865,98.07,Spain,10,5,1,Autumn,Large,19.8,0.0,16.9,0
2025-12-15,Madrid Barajas,70.32,83.72,15.70994941,9.523864895,6.186084515,93.45,Spain,12,0,0,Winter,Large,7.1,1.6,7.6,1
2022-11-06,Palma de Mallorca,82.76,81.58,9.739573071,7.316578947,2.422994123,94.62,Spain,11,6,1,Autumn,Small,17.6,0.0,20.9,0
2023-10-23,Palma de Mallorca,66.85,70.9,14.782397,15.01191149,-0.229514484,95.8,Spain,10,0,0,Autumn,Small,22.2,0.0,27.0,0
2025-05-27,Madrid Barajas,77.23,87.0,12.55821918,8.451126516,4.107092662,96.61,Spain,5,1,0,Spring,Large,23.8,0.0,14.8,0
2025-03-18,Madrid Barajas,66.97,84.62,15.76568266,9.614957265,6.150725392,95.7,Spain,3,1,0,Spring,Large,8.3,30.4,16.8,1
2026-05-08,Barcelona,73.02,79.24,15.87830688,11.78301615,4.095290731,97.32,Spain,5,4,0,Spring,Large,16.4,0.3,11.3,1
2023-08-13,Barcelona,71.76,79.26,16.22803347,13.20660507,3.021428408,96.49,Spain,8,6,1,Summer,Large,25.8,0.0,12.7,1
2022-09-20,Madrid Barajas,82.7,85.57,9.322067594,7.263043478,2.059024116,95.55,Spain,9,1,0,Autumn,Large,21.4,16.2,14.5,0
2022-12-11,Madrid Barajas,57.73,57.23,25.91109966,26.2222921,-0.311192447,93.07,Spain,12,6,1,Winter,Large,7.5,12.6,16.0,1
2023-01-23,Barcelona,80.85,84.45,10.11641337,8.705436992,1.410976382,97.95,Spain,1,0,0,Winter,Large,4.9,0.0,13.2,0
2022-09-28,Madrid Barajas,81.18,83.75,10.18441065,8.204061896,1.980348751,95.55,Spain,9,2,0,Autumn,Large,16.4,0.0,17.7,0
2024-08-07,Barcelona,54.04,70.19,28.40576923,22.40576923,6.0,96.89,Spain,8,2,0,Summer,Large,26.3,0.0,16.1,1
2023-10-28,Palma de Mallorca,78.72,82.19,11.83408195,10.91353919,0.920542762,94.6,Spain,10,5,1,Autumn,Small,20.1,0.0,24.6,0
2025-01-06,Barcelona,57.33,68.06,25.88183807,19.42250367,6.459334403,96.48,Spain,1,0,0,Winter,Large,12.7,0.1,16.2,1
2024-02-27,Barcelona,87.47,91.87,8.752,5.945483288,2.806516712,94.14,Spain,2,1,0,Winter,Large,11.6,0.7,18.5,0
2025-09-02,Barcelona,74.14,81.73,14.29467681,10.795,3.499676806,97.28,Spain,9,1,0,Autumn,Large,22.2,3.6,25.0,0
2026-01-13,Palma de Mallorca,88.04,92.22,9.641304348,7.941111111,1.700193237,92.45,Spain,1,1,0,Winter,Small,12.3,0.0,11.9,0
2026-02-14,Barcelona,68.38,78.92,14.88153595,10.17107843,4.710457516,96.79,Spain,2,5,1,Winter,Large,12.9,0.1,27.3,0
2022-10-25,Barcelona,73.72,79.61,13.09294404,10.01136731,3.081576725,99.06,Spain,10,1,0,Autumn,Large,20.0,0.1,12.8,0
2022-02-02,Palma de Mallorca,95.24,95.65,12.29761905,2.723369565,9.574249482,95.0,Spain,2,2,0,Winter,Small,13.2,0.0,18.6,0
2022-03-16,Palma de Mallorca,85.59,85.59,7.162162162,9.07957958,-1.917417417,90.58,Spain,3,2,0,Spring,Small,16.0,0.0,30.2,0
2022-08-19,Barcelona,61.57,68.71,19.94104803,22.6238512,-2.682803169,96.74,Spain,8,4,0,Summer,Large,23.3,0.0,13.7,1
2022-09-06,Barcelona,71.66,72.73,15.77043011,16.50662879,-0.73619868,97.17,Spain,9,1,0,Autumn,Large,25.5,0.0,19.2,1
2025-03-20,Barcelona,52.37,44.2,29.10609481,33.01528082,-3.909186009,95.21,Spain,3,3,0,Spring,Large,13.7,3.4,27.3,1
2023-11-10,Palma de Mallorca,81.66,89.51,9.857988166,5.793209877,4.064778289,97.28,Spain,11,4,0,Autumn,Small,16.3,0.6,23.2,0
2024-11-10,Palma de Mallorca,81.35,88.14,10.26943005,9.058848797,1.210581255,93.46,Spain,11,6,1,Autumn,Small,16.6,2.8,13.8,0
2026-03-17,Palma de Mallorca,95.15,94.08,3.76969697,3.775147929,-0.005450959,97.21,Spain,3,1,0,Spring,Small,11.5,0.0,13.0,0
2025-08-12,Madrid Barajas,61.09,76.12,21.60238908,13.35556517,8.246823911,95.85,Spain,8,1,0,Summer,Large,31.1,0.0,16.1,1
2022-10-24,Barcelona,62.06,73.35,21.24488304,17.82360499,3.421278048,97.14,Spain,10,0,0,Autumn,Large,21.1,0.0,17.7,1
2025-04-27,Barcelona,77.82,83.46,11.47276265,8.675697085,2.797065561,97.03,Spain,4,6,1,Spring,Large,14.9,10.6,11.8,0
2025-01-11,Madrid Barajas,75.49,83.4,11.7372549,8.224576823,3.512678079,95.27,Spain,1,5,1,Winter,Large,11.1,0.0,14.3,0
2023-04-01,Palma de Mallorca,32.14,37.8,49.69831349,42.72172619,6.976587302,89.85,Spain,4,5,1,Spring,Small,15.7,0.4,29.0,1
2024-07-20,Barcelona,42.18,58.12,36.88222698,30.91463675,5.967590229,96.2,Spain,7,5,1,Summer,Large,25.6,0.0,17.4,1
2022-05-20,Madrid Barajas,67.93,72.96,17.24744356,15.16898608,2.078457476,96.11,Spain,5,4,0,Spring,Large,24.5,0.0,18.8,1
2023-02-21,Palma de Mallorca,87.88,91.34,7.636363636,6.407349081,1.229014555,95.14,Spain,2,1,0,Winter,Small,13.2,0.1,11.2,0
2022-05-13,Barcelona,73.44,79.68,13.9330254,10.2052348,3.727790608,97.6,Spain,5,4,0,Spring,Large,16.6,0.0,13.0,0
2022-10-18,Barcelona,72.82,83.53,14.45509709,9.780708035,4.674389052,93.97,Spain,10,1,0,Autumn,Large,21.5,1.5,11.4,0
2022-12-05,Madrid Barajas,76.86,85.06,15.54313725,8.830976096,6.712161159,94.6,Spain,12,0,0,Winter,Large,6.4,7.9,11.8,1
2024-11-07,Barcelona,55.38,64.38,21.24256293,16.90726788,4.335295045,96.13,Spain,11,3,0,Autumn,Large,16.7,13.4,22.0,1
2024-01-04,Barcelona,70.66,82.46,12.55164319,9.242022117,3.309621076,97.3,Spain,1,3,0,Winter,Large,11.7,0.6,9.0,0
2024-12-20,Palma de Mallorca,82.63,84.21,8.615789474,8.595614035,0.020175439,96.0,Spain,12,4,0,Winter,Small,12.3,0.0,27.6,0
2023-05-17,Barcelona,70.81,80.61,14.33652869,11.26975309,3.066775599,98.33,Spain,5,2,0,Spring,Large,16.4,0.0,18.9,0
2024-02-02,Palma de Mallorca,85.71,88.59,6.805194805,6.344183445,0.46101136,97.11,Spain,2,4,0,Winter,Small,11.0,0.0,25.5,0
2024-03-23,Barcelona,79.9,86.39,11.79900744,7.448061056,4.350946388,97.65,Spain,3,5,1,Spring,Large,14.6,0.0,22.7,0
2023-06-15,Barcelona,66.38,74.68,19.24524313,14.01152482,5.233718306,96.61,Spain,6,3,0,Summer,Large,22.9,0.1,13.9,1
2025-06-14,Barcelona,59.51,74.24,22.13765182,14.97427316,7.163378664,96.15,Spain,6,5,1,Summer,Large,24.4,0.0,12.4,1
2024-03-29,Palma de Mallorca,71.78,60.64,12.73651452,17.43587684,-4.699362318,92.86,Spain,3,4,0,Spring,Small,17.8,0.0,24.9,0
2023-10-18,Barcelona,71.98,76.12,14.27988506,12.52473348,1.755151582,94.49,Spain,10,2,0,Autumn,Large,22.2,0.1,22.0,0
2024-12-16,Madrid Barajas,70.36,79.52,19.5451448,13.42102697,6.124117839,94.43,Spain,12,0,0,Winter,Large,2.3,0.0,8.5,1
2023-04-16,Madrid Barajas,79.0,82.07,11.84393064,10.51377822,1.330152415,94.96,Spain,4,6,1,Spring,Large,16.0,0.0,17.6,0
2025-02-09,Barcelona,85.62,91.25,8.977876106,5.676112327,3.301763779,98.07,Spain,2,6,1,Winter,Large,7.9,0.0,13.4,0
2023-01-29,Barcelona,79.31,78.7,14.45935214,14.6901749,-0.230822755,98.5,Spain,1,6,1,Winter,Large,7.0,1.5,8.9,0
2024-12-24,Madrid Barajas,85.47,92.52,8.789473684,3.460990814,5.328482871,95.11,Spain,12,1,0,Winter,Large,6.3,0.0,12.2,0
2025-04-25,Madrid Barajas,79.53,89.74,11.39424704,6.32022792,5.074019119,94.08,Spain,4,4,0,Spring,Large,16.8,0.3,15.8,0
2025-12-22,Barcelona,69.11,77.35,16.19656766,11.51957248,4.676995178,98.27,Spain,12,0,0,Winter,Large,9.0,8.3,18.5,1
2023-02-06,Palma de Mallorca,90.15,88.28,5.765151515,9.496875,-3.731723485,94.48,Spain,2,0,0,Winter,Small,9.6,0.6,20.2,0
2025-11-22,Barcelona,82.94,91.69,9.477690289,5.835800866,3.641889423,96.51,Spain,11,5,1,Autumn,Large,8.6,0.0,25.3,0
2022-08-16,Barcelona,75.53,73.99,13.56769596,14.3256961,-0.75800014,97.75,Spain,8,1,0,Summer,Large,25.7,0.1,14.1,0
2024-04-07,Palma de Mallorca,73.09,74.22,13.93667546,14.65065104,-0.71397558,93.0,Spain,4,6,1,Spring,Small,20.7,0.0,13.5,0
2024-07-04,Barcelona,66.17,82.87,17.17560074,11.84615146,5.329449281,96.71,Spain,7,3,0,Summer,Large,21.7,0.0,11.8,1
2023-05-06,Palma de Mallorca,66.5,72.97,17.62135922,15.02940213,2.591957094,95.12,Spain,5,5,1,Spring,Small,20.3,0.0,17.9,1
2025-09-06,Madrid Barajas,73.19,80.46,13.58730159,10.10387324,3.483428348,96.99,Spain,9,5,1,Autumn,Large,25.4,0.0,16.6,0
2024-09-06,Madrid Barajas,66.94,71.88,19.42716858,18.4435307,0.983637874,95.44,Spain,9,4,0,Autumn,Large,19.5,0.0,19.9,1
2024-02-04,Barcelona,86.32,92.56,8.55721393,5.0372622,3.51995173,95.16,Spain,2,6,1,Winter,Large,11.3,0.0,10.7,0
2024-11-11,Palma de Mallorca,83.33,90.24,9.041666667,5.607520325,3.434146341,90.86,Spain,11,0,0,Autumn,Small,16.6,0.0,26.9,0
2023-11-09,Barcelona,75.18,87.5,11.0548926,6.958573718,4.096318883,98.15,Spain,11,3,0,Autumn,Large,13.4,1.9,14.0,0
2024-10-22,Barcelona,68.09,79.36,18.00425532,12.67152482,5.332730496,96.59,Spain,10,1,0,Autumn,Large,18.4,0.0,24.9,1
2024-03-05,Barcelona,86.58,89.34,8.44109589,5.004599271,3.436496619,94.25,Spain,3,1,0,Spring,Large,12.1,0.6,14.3,0
2024-07-14,Madrid Barajas,51.93,67.97,24.91122278,16.24579784,8.665424938,93.4,Spain,7,6,1,Summer,Large,26.0,0.0,20.6,1
2024-01-18,Palma de Mallorca,83.76,88.18,8.476495726,7.340757576,1.135738151,93.33,Spain,1,3,0,Winter,Small,17.0,0.0,37.0,0
2022-09-10,Palma de Mallorca,57.14,66.05,26.16356108,21.35883368,4.804727398,92.9,Spain,9,5,1,Autumn,Small,26.9,0.9,14.5,1
2025-06-12,Barcelona,66.61,76.5,16.62093863,11.9167881,4.704150529,97.44,Spain,6,3,0,Summer,Large,23.9,0.0,15.2,1
2023-05-18,Madrid Barajas,82.3,89.74,8.714438167,4.802238806,3.912199361,96.6,Spain,5,3,0,Spring,Large,15.0,0.0,22.7,0
2022-06-07,Barcelona,78.41,80.54,10.57998346,11.35275041,-0.772766953,97.42,Spain,6,1,0,Summer,Large,21.5,0.0,17.9,0
2022-08-17,Barcelona,39.15,22.11,60.92328042,66.79468723,-5.871406809,86.53,Spain,8,2,0,Summer,Large,23.7,29.8,19.0,1
2022-09-12,Barcelona,73.41,74.51,13.20879121,13.73216117,-0.523369963,97.68,Spain,9,0,0,Autumn,Large,24.8,0.0,14.0,0
2023-06-29,Palma de Mallorca,59.08,64.15,19.78611784,16.66573171,3.12038613,94.37,Spain,6,3,0,Summer,Small,25.8,0.0,18.9,1
2022-07-24,Madrid Barajas,69.78,77.58,17.10750507,12.8420202,4.265484869,95.5,Spain,7,6,1,Summer,Large,30.1,0.0,25.1,1
2023-03-16,Palma de Mallorca,76.73,81.82,12.83018868,12.53565657,0.294532114,95.98,Spain,3,3,0,Spring,Small,13.2,0.0,16.9,0
2022-04-29,Palma de Mallorca,70.45,75.41,12.5625,11.2882969,1.274203097,94.86,Spain,4,4,0,Spring,Small,18.1,0.0,23.1,0
2022-01-13,Barcelona,87.37,91.44,5.63,5.651693405,-0.021693405,85.46,Spain,1,3,0,Winter,Large,6.8,0.0,11.0,0
2023-03-26,Palma de Mallorca,40.22,51.76,39.78228782,31.96254902,7.819738803,88.64,Spain,3,6,1,Spring,Small,16.8,0.0,17.5,1
2024-05-06,Palma de Mallorca,74.73,80.91,13.87634409,11.82907706,2.047267025,95.18,Spain,5,0,0,Spring,Small,18.8,0.4,14.7,0
2024-02-27,Madrid Barajas,85.29,89.43,10.02037773,8.816275277,1.204102456,93.46,Spain,2,1,0,Winter,Large,6.4,0.0,30.2,0
2022-08-10,Palma de Mallorca,70.83,77.26,14.98842593,12.9345321,2.05389383,95.47,Spain,8,2,0,Summer,Small,28.4,0.0,19.9,0
2022-04-06,Palma de Mallorca,82.63,83.91,10.07876448,10.83282248,-0.754057999,92.88,Spain,4,2,0,Spring,Small,10.6,7.6,20.5,0
2025-11-16,Palma de Mallorca,70.27,79.12,17.04324324,12.89175824,4.151485001,97.47,Spain,11,6,1,Autumn,Small,18.7,3.5,31.4,1
2024-10-29,Barcelona,66.9,75.67,16.22222222,16.30815085,-0.085928629,88.69,Spain,10,1,0,Autumn,Large,18.8,0.8,30.5,1
2022-04-24,Palma de Mallorca,76.24,84.0,10.94516575,7.870952381,3.074213365,93.94,Spain,4,6,1,Spring,Small,16.5,0.0,32.4,0
2024-04-22,Barcelona,47.26,46.64,33.11359026,30.2923913,2.821198959,94.44,Spain,4,0,0,Spring,Large,11.7,24.2,22.7,1
2022-04-01,Barcelona,70.02,69.6,15.83441247,16.53935075,-0.704938282,97.03,Spain,4,4,0,Spring,Large,10.2,0.0,29.6,1
2026-03-30,Palma de Mallorca,82.21,82.78,10.10429448,7.794561934,2.309732545,85.93,Spain,3,0,0,Spring,Small,12.8,0.0,25.1,0
2025-02-12,Palma de Mallorca,97.6,96.0,1.704,2.407466667,-0.703466667,96.95,Spain,2,2,0,Winter,Small,11.5,0.3,14.3,0
2024-12-10,Barcelona,83.33,90.98,7.863114754,5.690118397,2.172996357,98.15,Spain,12,1,0,Winter,Large,8.0,11.5,11.9,0
2025-10-08,Madrid Barajas,74.05,82.73,15.50413223,10.28155154,5.222580696,94.22,Spain,10,2,0,Autumn,Large,20.4,0.5,13.8,1
2025-08-15,Barcelona,73.0,82.71,12.16759777,8.74098513,3.426612635,97.84,Spain,8,4,0,Summer,Large,28.0,0.0,10.2,0
2022-01-27,Barcelona,89.18,90.31,9.62371134,9.480782313,0.142929027,84.58,Spain,1,3,0,Winter,Large,7.8,0.0,14.5,0
2025-10-25,Madrid Barajas,56.86,58.42,23.57397504,20.19572879,3.378246251,95.21,Spain,10,5,1,Autumn,Large,17.2,0.5,19.0,1
2023-09-21,Palma de Mallorca,57.58,64.52,25.9520202,22.67932175,3.272698449,94.69,Spain,9,3,0,Autumn,Small,24.4,1.9,28.4,1
2026-01-16,Palma de Mallorca,92.36,90.73,3.791666667,3.613465784,0.178200883,93.04,Spain,1,4,0,Winter,Small,11.6,0.1,8.0,0
2024-06-14,Palma de Mallorca,57.42,67.24,23.53020378,18.19471806,5.335485726,92.13,Spain,6,4,0,Summer,Small,22.0,0.0,15.0,1
2023-04-13,Palma de Mallorca,50.32,62.21,29.22393843,21.69685125,7.52708718,95.82,Spain,4,3,0,Spring,Small,14.8,0.4,28.0,1
2025-09-14,Madrid Barajas,68.56,83.48,14.76804124,8.203012048,6.565029189,95.13,Spain,9,6,1,Autumn,Large,23.0,0.0,7.5,0
2022-07-03,Palma de Mallorca,41.89,60.05,30.14271772,23.35406321,6.788654512,91.21,Spain,7,6,1,Summer,Small,28.3,0.0,24.0,1
2022-09-26,Madrid Barajas,75.49,82.21,15.7745098,12.13241309,3.642096716,94.97,Spain,9,0,0,Autumn,Large,16.0,0.1,17.1,1
2024-10-07,Barcelona,66.54,72.18,17.31339744,14.82396239,2.489435049,97.61,Spain,10,0,0,Autumn,Large,20.7,0.0,16.0,1
2023-11-15,Barcelona,85.34,92.11,8.69895288,5.301535088,3.397417792,97.79,Spain,11,2,0,Autumn,Large,16.2,0.1,14.4,0
2025-01-07,Madrid Barajas,73.64,78.87,15.6411215,12.73363692,2.90748458,95.84,Spain,1,1,0,Winter,Large,5.5,0.0,18.5,1
2025-04-02,Palma de Mallorca,86.71,87.54,9.372552448,7.044612795,2.327939653,94.06,Spain,4,2,0,Spring,Small,14.4,0.3,19.3,0
2023-06-29,Barcelona,52.71,59.03,26.00319444,25.38764006,0.615554388,96.12,Spain,6,3,0,Summer,Large,24.5,1.5,13.0,1
2022-09-30,Palma de Mallorca,39.9,53.54,32.04807692,26.19677673,5.851300194,93.75,Spain,9,4,0,Autumn,Small,18.1,5.7,22.5,1
2025-03-14,Barcelona,62.47,72.84,17.73195876,12.37424554,5.357713221,96.71,Spain,3,4,0,Spring,Large,8.9,14.9,14.3,1
2023-08-29,Barcelona,70.87,76.46,17.22608696,16.0725342,1.153552759,96.36,Spain,8,1,0,Summer,Large,22.2,0.0,20.6,1
2025-04-03,Madrid Barajas,66.9,77.99,16.66901408,11.3681338,5.300880282,92.69,Spain,4,3,0,Spring,Large,10.0,35.0,13.0,1
2024-08-03,Palma de Mallorca,51.96,68.89,28.24283489,20.69681934,7.546015553,92.33,Spain,8,5,1,Summer,Small,28.0,0.9,19.2,1
2024-09-04,Madrid Barajas,54.3,68.71,24.3970489,18.61805556,5.778993348,94.2,Spain,9,2,0,Autumn,Large,21.0,0.3,21.7,1
2023-05-02,Barcelona,79.25,87.06,11.49417249,7.188235294,4.3059372,97.18,Spain,5,1,0,Spring,Large,16.5,0.0,18.0,0
2023-09-26,Barcelona,77.57,86.01,11.54153318,8.994074924,2.547458257,97.25,Spain,9,1,0,Autumn,Large,20.2,0.0,13.3,0
2024-04-22,Palma de Mallorca,73.82,78.19,15.64353312,12.70908619,2.934446934,96.55,Spain,4,0,0,Spring,Small,11.5,8.1,33.7,1
2025-11-27,Barcelona,79.45,86.82,10.07077626,6.883409091,3.187367165,98.25,Spain,11,3,0,Autumn,Large,9.0,0.0,17.6,0
2025-01-31,Barcelona,85.27,87.44,8.325892857,6.520627803,1.805265054,96.84,Spain,1,4,0,Winter,Large,9.8,0.0,14.6,0
2024-02-04,Madrid Barajas,86.63,92.15,7.773255814,3.856371563,3.916884251,92.01,Spain,2,6,1,Winter,Large,7.5,0.0,10.0,0
2025-01-20,Barcelona,81.39,84.21,10.66997519,9.768261563,0.901713623,95.42,Spain,1,0,0,Winter,Large,8.9,0.1,11.9,0
2023-06-30,Madrid Barajas,62.45,70.28,22.3856799,18.72229358,3.663386326,92.42,Spain,6,4,0,Summer,Large,22.5,0.0,19.9,1
2025-11-20,Barcelona,74.72,80.35,11.54988914,9.399116998,2.150772137,97.45,Spain,11,3,0,Autumn,Large,8.8,1.3,14.8,0
2023-06-23,Barcelona,56.11,65.88,24.48360053,20.25739645,4.226204085,96.65,Spain,6,4,0,Summer,Large,23.9,0.0,20.7,1
2024-05-29,Madrid Barajas,74.0,83.65,16.17801047,9.958173913,6.219836558,95.63,Spain,5,2,0,Spring,Large,24.6,0.0,14.7,1
2024-12-11,Barcelona,82.76,86.58,9.846153846,7.66004386,2.186109987,95.99,Spain,12,2,0,Winter,Large,8.1,22.5,14.9,0
2022-03-11,Barcelona,86.13,90.23,7.677793834,6.179358238,1.498435597,95.21,Spain,3,4,0,Spring,Large,11.9,3.1,16.6,0
2023-09-17,Barcelona,50.11,59.66,28.1990364,24.96183834,3.237198062,96.6,Spain,9,6,1,Autumn,Large,23.7,0.3,13.8,1
2026-04-02,Palma de Mallorca,76.8,81.84,15.50315556,11.92293265,3.580222904,90.74,Spain,4,3,0,Spring,Small,12.4,3.6,21.9,1
2025-08-07,Madrid Barajas,64.69,83.73,18.60441426,9.514519774,9.089894487,96.15,Spain,8,3,0,Summer,Large,30.5,0.0,12.1,1
2023-12-23,Palma de Mallorca,69.94,75.63,23.74846626,23.00197917,0.746487091,96.63,Spain,12,5,1,Winter,Small,12.4,0.0,17.9,1
2023-04-11,Barcelona,83.22,85.55,9.009324009,8.413908314,0.595415695,98.44,Spain,4,1,0,Spring,Large,13.9,0.0,25.2,0
2022-02-04,Palma de Mallorca,87.88,91.6,4.924242424,3.724173028,1.200069396,95.27,Spain,2,4,0,Winter,Small,13.2,2.5,12.2,0
2022-08-20,Madrid Barajas,67.5,74.38,18.7125,16.64221763,2.070282369,96.09,Spain,8,5,1,Summer,Large,25.3,0.0,13.4,1
2025-10-03,Barcelona,65.99,77.78,18.16756007,12.94842593,5.219134148,96.52,Spain,10,4,0,Autumn,Large,19.6,0.6,9.3,1
2024-11-21,Barcelona,65.89,69.98,17.38084112,17.3641844,0.016656724,94.79,Spain,11,3,0,Autumn,Large,15.9,0.0,29.0,1
2022-04-20,Barcelona,67.69,73.52,15.62782051,16.02253642,-0.394715905,97.57,Spain,4,2,0,Spring,Large,14.0,5.4,36.2,1
2024-12-30,Madrid Barajas,71.01,84.24,14.05902778,8.467600701,5.591427077,95.06,Spain,12,0,0,Winter,Large,1.6,0.0,6.5,0
2022-12-21,Barcelona,65.78,70.34,17.39257294,16.43315836,0.959414589,97.72,Spain,12,2,0,Winter,Large,13.2,1.5,13.2,1
2026-04-17,Palma de Mallorca,78.49,88.08,13.03225806,6.661607949,6.370650115,92.72,Spain,4,4,0,Spring,Small,15.5,0.0,14.6,0
2023-06-18,Barcelona,52.79,69.18,26.53004292,21.25301724,5.277025677,97.01,Spain,6,6,1,Summer,Large,23.6,0.0,16.5,1
2026-03-08,Madrid Barajas,74.83,84.9,13.34121622,8.640075231,4.701140985,92.85,Spain,3,6,1,Spring,Large,7.8,1.8,10.7,0
2024-03-17,Madrid Barajas,80.37,84.54,12.20917431,9.579888268,2.629286044,96.06,Spain,3,6,1,Spring,Large,13.5,0.0,8.4,0
2024-10-18,Palma de Mallorca,67.22,77.62,17.48113208,13.60543901,3.87569307,95.03,Spain,10,4,0,Autumn,Small,18.8,0.1,26.4,1
2026-01-09,Madrid Barajas,62.96,69.49,21.84869565,18.99661017,2.852085483,94.58,Spain,1,4,0,Winter,Large,7.5,0.0,23.2,1
2023-08-26,Barcelona,57.81,60.52,23.73193473,21.36142632,2.370508412,96.69,Spain,8,5,1,Summer,Large,26.9,3.0,15.6,1
2023-08-01,Barcelona,61.92,76.43,18.6001046,12.56507431,6.035030293,97.03,Spain,8,1,0,Summer,Large,26.7,0.2,24.7,1
2023-05-13,Barcelona,60.59,72.66,18.87684729,13.10931856,5.767528736,98.81,Spain,5,5,1,Spring,Large,14.8,3.6,15.5,1
2025-05-19,Madrid Barajas,73.97,80.94,15.50513699,11.95147314,3.553663849,94.99,Spain,5,0,0,Spring,Large,16.9,0.3,16.5,1
2022-06-27,Barcelona,53.66,59.38,24.37915743,22.52139137,1.857766059,96.86,Spain,6,0,0,Summer,Large,23.5,2.6,12.8,1
2025-01-15,Madrid Barajas,77.06,88.44,11.69216061,5.727874117,5.964286495,94.16,Spain,1,2,0,Winter,Large,-0.0,0.0,6.7,0
2023-03-24,Palma de Mallorca,58.1,60.56,22.12849162,20.94925926,1.179232361,94.06,Spain,3,4,0,Spring,Small,15.5,0.0,15.4,1
2024-09-18,Palma de Mallorca,62.64,75.28,20.3557047,13.47449438,6.881210316,94.46,Spain,9,2,0,Autumn,Small,20.5,0.2,16.9,1
2025-08-09,Madrid Barajas,58.89,77.99,20.97735192,13.33197574,7.64537618,96.84,Spain,8,5,1,Summer,Large,31.2,0.0,14.1,1
2023-04-17,Barcelona,79.57,85.09,11.5826087,10.22222222,1.360386473,98.34,Spain,4,0,0,Spring,Large,13.2,0.0,18.3,0
2025-11-21,Barcelona,72.97,80.9,13.00813008,9.935660507,3.072469575,97.12,Spain,11,4,0,Autumn,Large,7.7,0.0,24.7,0
2025-02-19,Madrid Barajas,84.03,89.39,10.11796733,6.055755396,4.062211936,94.35,Spain,2,2,0,Winter,Large,10.8,0.0,6.3,0
2025-02-21,Palma de Mallorca,82.97,87.15,8.928571429,6.540782123,2.387789306,95.45,Spain,2,4,0,Winter,Small,13.6,1.2,14.7,0
2026-03-23,Madrid Barajas,75.97,84.4,12.2711039,8.28011745,3.990986446,92.17,Spain,3,0,0,Spring,Large,11.0,0.0,16.7,0
2022-05-25,Madrid Barajas,81.25,87.4,9.991935484,6.695426829,3.296508655,95.56,Spain,5,2,0,Spring,Large,15.2,0.0,21.5,0
2024-12-01,Palma de Mallorca,86.23,87.73,8.898203593,9.171779141,-0.273575548,93.99,Spain,12,6,1,Winter,Small,13.8,0.0,11.0,0
2025-05-29,Barcelona,72.89,82.33,12.86535009,10.03495289,2.830397204,95.07,Spain,5,3,0,Spring,Large,20.8,0.0,10.4,0
2025-04-19,Barcelona,76.17,81.88,11.08783688,9.004086709,2.08375017,96.36,Spain,4,5,1,Spring,Large,15.4,1.0,24.9,0
2022-08-16,Palma de Mallorca,56.34,61.57,24.9342723,23.55617284,1.378099461,96.09,Spain,8,1,0,Summer,Small,27.3,0.1,20.4,1
2025-05-02,Madrid Barajas,44.5,57.4,32.95135135,23.28751504,9.663836309,94.85,Spain,5,4,0,Spring,Large,14.1,22.2,16.5,1
2024-04-28,Madrid Barajas,72.02,81.39,13.45487365,10.41855231,3.036321335,96.76,Spain,4,6,1,Spring,Large,10.4,0.3,9.4,0
2024-06-11,Palma de Mallorca,34.4,43.35,78.278,53.60480296,24.67319704,82.6,Spain,6,1,0,Summer,Small,20.4,16.2,16.0,1
2024-10-04,Madrid Barajas,67.14,76.75,18.80834798,12.31153846,6.496809517,94.18,Spain,10,4,0,Autumn,Large,16.8,0.0,11.2,1
2023-05-18,Palma de Mallorca,75.2,80.21,11.8147139,11.22036542,0.594348478,92.4,Spain,5,3,0,Spring,Small,17.8,0.0,23.5,0
2024-11-03,Palma de Mallorca,35.12,45.1,34.3812709,27.96089744,6.420373467,93.09,Spain,11,6,1,Autumn,Small,19.7,0.4,15.9,1
2023-12-22,Barcelona,59.69,69.61,23.20261438,18.91907328,4.283541103,97.75,Spain,12,4,0,Winter,Large,13.8,0.0,23.3,1
2026-03-22,Barcelona,81.36,86.85,10.33266533,5.752257636,4.580407695,95.75,Spain,3,6,1,Spring,Large,10.8,0.0,17.6,0
2026-02-14,Madrid Barajas,68.44,75.28,20.0,12.81198502,7.188014981,93.33,Spain,2,5,1,Winter,Large,6.7,0.1,25.2,1
2024-05-06,Barcelona,64.23,78.64,17.43753205,10.23288026,7.204651792,97.61,Spain,5,0,0,Spring,Large,15.9,0.9,16.7,1
2026-01-23,Barcelona,76.02,81.88,11.0158371,7.937155963,3.078681141,95.42,Spain,1,4,0,Winter,Large,10.3,0.0,16.6,0
2022-11-08,Madrid Barajas,73.03,85.08,15.08506224,8.654236695,6.430825546,93.22,Spain,11,1,0,Autumn,Large,11.6,0.7,18.3,1
2024-09-06,Palma de Mallorca,51.6,59.83,29.30309168,25.89266382,3.410427867,94.21,Spain,9,4,0,Autumn,Small,24.9,0.0,17.6,1
2024-05-02,Palma de Mallorca,70.46,75.14,17.66124661,15.12449909,2.536747523,94.72,Spain,5,3,0,Spring,Small,15.0,0.0,23.3,1
2024-07-15,Barcelona,50.38,64.37,25.98414787,20.87717662,5.106971253,95.65,Spain,7,0,0,Summer,Large,24.6,0.3,18.7,1
2024-05-23,Madrid Barajas,75.56,82.37,13.84894587,9.201541594,4.647404275,94.64,Spain,5,3,0,Spring,Large,16.2,0.0,15.1,0
2022-02-13,Barcelona,85.71,90.38,7.49324474,6.530235043,0.963009697,95.8,Spain,2,6,1,Winter,Large,11.9,1.5,26.0,0
2023-11-16,Madrid Barajas,68.13,72.61,15.769243,12.03748404,3.731758967,95.56,Spain,11,3,0,Autumn,Large,11.2,0.0,7.0,1
2023-08-17,Palma de Mallorca,62.47,70.59,21.01511267,17.88266667,3.132445998,94.44,Spain,8,3,0,Summer,Small,28.2,0.0,18.1,1
2023-04-24,Barcelona,69.89,79.42,15.01098901,11.1149705,3.89601851,96.88,Spain,4,0,0,Spring,Large,15.8,0.1,15.5,1
2025-07-29,Barcelona,70.77,84.32,15.04230769,8.474697259,6.567610433,97.79,Spain,7,1,0,Summer,Large,23.1,2.5,14.8,1
2024-04-08,Palma de Mallorca,74.53,77.24,14.18878407,15.07793803,-0.889153967,92.39,Spain,4,0,0,Spring,Small,18.7,0.0,16.9,0
2024-05-22,Madrid Barajas,67.36,72.1,17.52060185,14.16383593,3.356765919,96.59,Spain,5,2,0,Spring,Large,14.7,0.0,15.0,1
2022-09-27,Palma de Mallorca,80.46,83.9,10.22994859,8.99030303,1.239645556,95.93,Spain,9,1,0,Autumn,Small,21.4,0.0,26.8,0
2023-11-08,Madrid Barajas,74.9,86.36,12.74901961,6.53715415,6.211865458,92.0,Spain,11,2,0,Autumn,Large,7.1,0.9,12.5,0
2025-07-18,Palma de Mallorca,56.36,75.94,19.98585859,13.0351226,6.950735988,92.27,Spain,7,4,0,Summer,Small,27.6,0.0,11.7,1
2026-04-24,Madrid Barajas,74.4,83.2,13.01127214,8.41389325,4.597378892,91.3,Spain,4,4,0,Spring,Large,17.9,4.9,14.4,0
2022-08-29,Palma de Mallorca,67.87,72.91,16.93285372,13.16252053,3.770333192,95.6,Spain,8,0,0,Summer,Small,27.3,0.0,18.2,1
2023-03-03,Barcelona,76.65,84.92,12.20648585,9.191686002,3.014799848,96.04,Spain,3,4,0,Spring,Large,8.2,0.1,13.9,0
2023-04-29,Madrid Barajas,71.26,74.75,14.07489879,11.10889341,2.966005371,96.37,Spain,4,5,1,Spring,Large,20.3,1.8,15.3,0
2025-09-23,Barcelona,47.59,53.37,29.08634538,32.44834656,-3.362001179,94.15,Spain,9,1,0,Autumn,Large,17.5,2.9,17.2,1
2025-09-06,Barcelona,79.56,86.94,11.31462926,7.334557823,3.980071435,95.85,Spain,9,5,1,Autumn,Large,22.8,0.0,9.8,0
2026-03-15,Barcelona,81.85,89.16,9.923387097,5.816428085,4.106959012,96.01,Spain,3,6,1,Spring,Large,11.1,0.2,22.8,0
2024-04-29,Madrid Barajas,75.13,83.57,13.18038529,7.922916667,5.257468622,96.52,Spain,4,0,0,Spring,Large,11.5,3.2,14.0,0
2024-01-13,Barcelona,85.85,89.7,8.04,6.779141414,1.260858586,93.54,Spain,1,5,1,Winter,Large,6.9,0.0,11.4,0
2022-08-12,Madrid Barajas,71.51,80.43,16.63266412,10.5425636,6.090100516,95.88,Spain,8,4,0,Summer,Large,29.1,0.0,19.2,1
2022-04-17,Barcelona,84.08,86.83,8.766169154,6.528902439,2.237266715,95.84,Spain,4,6,1,Spring,Large,15.3,0.0,20.5,0
2023-04-18,Barcelona,83.57,86.76,8.676190476,7.499408983,1.176781493,97.28,Spain,4,1,0,Spring,Large,13.8,0.2,14.1,0
2023-08-20,Barcelona,70.95,78.47,15.06645614,12.4594548,2.607001344,97.8,Spain,8,6,1,Summer,Large,28.1,0.0,11.2,1
2023-09-27,Madrid Barajas,80.22,84.44,10.9028777,8.648777579,2.254100119,96.76,Spain,9,2,0,Autumn,Large,19.4,0.0,9.2,0
2024-12-17,Madrid Barajas,73.19,86.53,16.11956522,8.856734317,7.2628309,95.56,Spain,12,1,0,Winter,Large,1.6,0.0,5.4,1
2026-01-15,Palma de Mallorca,81.73,82.52,9.644230769,11.85436893,-2.210138163,99.07,Spain,1,3,0,Winter,Small,9.9,0.0,8.3,0
2024-03-23,Madrid Barajas,74.34,83.59,13.53396226,9.500858779,4.033103486,96.28,Spain,3,5,1,Spring,Large,16.1,0.0,18.5,0
2025-11-10,Palma de Mallorca,87.42,91.14,6.264150943,4.056962025,2.207188918,96.02,Spain,11,0,0,Autumn,Small,15.6,0.0,15.6,0
2024-05-20,Palma de Mallorca,51.07,53.13,28.52434368,25.01365915,3.510684528,95.02,Spain,5,0,0,Spring,Small,19.1,0.8,17.1,1
2025-08-14,Madrid Barajas,57.09,73.91,26.68918919,17.17620651,9.51298268,96.5,Spain,8,3,0,Summer,Large,29.5,0.0,11.1,1
2025-12-26,Palma de Mallorca,82.56,81.71,10.11046512,8.93247619,1.177988926,94.79,Spain,12,4,0,Winter,Small,11.0,3.8,10.9,0
2022-02-27,Madrid Barajas,84.28,85.71,10.01719902,7.218877551,2.798321466,93.72,Spain,2,6,1,Winter,Large,9.4,1.4,7.1,0
2025-02-01,Palma de Mallorca,89.66,90.34,4.862068966,5.476896552,-0.614827586,92.5,Spain,2,5,1,Winter,Small,8.9,10.2,14.9,0
2022-11-19,Barcelona,78.44,80.73,10.98502994,10.79867482,0.186355119,97.99,Spain,11,5,1,Autumn,Large,12.5,7.3,16.8,0
2024-08-19,Palma de Mallorca,60.66,71.62,23.03271062,17.41754003,5.615170594,95.94,Spain,8,0,0,Summer,Small,24.8,3.1,16.0,1
2026-05-24,Palma de Mallorca,71.19,84.21,15.95615866,9.185263158,6.770895506,93.55,Spain,5,6,1,Spring,Small,20.8,0.0,17.7,1
2024-05-31,Barcelona,63.74,75.82,17.89592875,13.93262956,3.963299195,97.27,Spain,5,4,0,Spring,Large,19.3,0.4,25.1,1
2026-05-04,Palma de Mallorca,68.37,81.89,15.76885645,9.637179487,6.131676961,93.72,Spain,5,0,0,Spring,Small,18.1,8.4,22.0,1
2025-10-29,Barcelona,76.39,83.7,12.08147736,8.56989721,3.511580147,91.8,Spain,10,2,0,Autumn,Large,17.1,4.8,18.5,0
2022-06-15,Madrid Barajas,60.2,67.07,24.15438944,19.4359596,4.718429843,95.5,Spain,6,2,0,Summer,Large,29.0,0.0,22.8,1
2022-03-09,Madrid Barajas,86.59,86.32,6.192682927,7.432272013,-1.239589086,93.81,Spain,3,2,0,Spring,Large,7.4,0.2,9.1,0
2024-12-30,Barcelona,68.98,74.41,18.64642082,15.26035842,3.386062401,96.91,Spain,12,0,0,Winter,Large,7.1,0.0,8.2,1
2022-01-23,Madrid Barajas,91.93,92.49,5.614583333,4.370639033,1.243944301,92.56,Spain,1,6,1,Winter,Large,2.3,0.0,11.0,0
2023-12-07,Barcelona,79.95,83.84,12.64974619,8.57756734,4.072178853,96.16,Spain,12,3,0,Winter,Large,9.6,0.0,18.4,0
2022-09-09,Madrid Barajas,74.2,75.14,15.15442561,14.8456673,0.308758313,94.31,Spain,9,4,0,Autumn,Large,23.8,0.0,10.2,1
2026-01-05,Palma de Mallorca,60.77,62.36,23.14732965,24.82574906,-1.678419414,93.63,Spain,1,0,0,Winter,Small,8.6,2.7,23.1,1
2025-02-04,Palma de Mallorca,92.17,92.86,4.417391304,4.269047619,0.148343685,94.53,Spain,2,1,0,Winter,Small,9.7,0.0,7.2,0
2026-04-29,Madrid Barajas,58.78,64.55,19.08534622,16.62856386,2.456782358,92.74,Spain,4,2,0,Spring,Large,16.0,22.9,18.0,1
2022-08-08,Barcelona,65.44,71.4,16.36609071,14.28203991,2.084050801,96.94,Spain,8,0,0,Summer,Large,26.6,0.0,16.9,1
2022-04-26,Palma de Mallorca,83.06,86.18,8.758957655,7.297094298,1.461863356,97.25,Spain,4,1,0,Spring,Small,16.4,0.0,13.7,0
2022-10-19,Barcelona,73.6,80.71,15.84739097,12.45701961,3.390371358,96.48,Spain,10,2,0,Autumn,Large,21.3,0.0,10.5,1
2024-06-21,Madrid Barajas,52.99,70.87,24.15993538,16.19337152,7.966563858,94.43,Spain,6,4,0,Summer,Large,19.1,0.0,12.2,1
2022-04-23,Madrid Barajas,73.0,74.2,12.02765065,12.21369863,-0.186047982,97.4,Spain,4,5,1,Spring,Large,8.4,4.1,27.6,0
2026-01-08,Madrid Barajas,58.3,60.97,23.2804428,20.8539653,2.426477501,96.37,Spain,1,3,0,Winter,Large,1.8,0.0,12.9,1
2025-09-22,Barcelona,51.56,62.91,28.39266055,23.34272727,5.049933278,96.23,Spain,9,0,0,Autumn,Large,18.9,21.5,11.8,1
2024-01-14,Madrid Barajas,80.04,87.35,10.96477495,6.191064257,4.773710694,94.27,Spain,1,6,1,Winter,Large,5.5,2.2,10.0,0
2026-02-17,Madrid Barajas,65.76,82.41,17.3134058,8.809475309,8.503930488,93.54,Spain,2,1,0,Winter,Large,12.9,0.0,19.3,1
2022-05-16,Barcelona,70.57,79.06,15.48084291,9.623098039,5.857744873,97.59,Spain,5,0,0,Spring,Large,19.3,0.0,13.5,1
2024-11-05,Palma de Mallorca,81.38,87.14,12.72413793,6.772261905,5.951876026,89.41,Spain,11,1,0,Autumn,Small,19.8,0.7,10.1,0
2025-04-27,Madrid Barajas,79.86,89.8,11.99124343,7.143381038,4.847862395,93.99,Spain,4,6,1,Spring,Large,13.5,0.0,14.3,0
2023-03-06,Barcelona,59.02,76.68,17.98359107,13.35414508,4.629445988,97.27,Spain,3,0,0,Spring,Large,9.4,0.0,14.6,1
2025-03-02,Madrid Barajas,68.81,84.72,16.7254902,9.872113677,6.853376519,96.18,Spain,3,6,1,Spring,Large,3.3,18.3,16.9,1
2022-06-09,Madrid Barajas,73.95,84.34,14.15831663,8.833534137,5.324782497,95.6,Spain,6,3,0,Summer,Large,24.7,0.0,13.3,0
2026-02-08,Palma de Mallorca,87.5,91.88,8.245729167,6.278541667,1.9671875,97.6,Spain,2,6,1,Winter,Small,12.9,6.0,30.6,0
2022-01-30,Barcelona,88.72,91.08,6.148496241,5.244733581,0.903762659,91.67,Spain,1,6,1,Winter,Large,9.0,0.0,14.7,0
2023-11-12,Madrid Barajas,72.69,85.49,12.44423077,8.495067698,3.949163071,92.92,Spain,11,6,1,Autumn,Large,14.8,0.1,17.8,0
2023-04-22,Palma de Mallorca,69.83,71.35,16.08379888,17.58241506,-1.498616177,96.79,Spain,4,5,1,Spring,Small,16.6,0.0,17.8,1
2025-10-30,Madrid Barajas,74.27,88.73,15.56303972,6.482928943,9.080110781,92.3,Spain,10,3,0,Autumn,Large,13.6,1.4,12.9,1
2025-03-29,Barcelona,68.19,74.76,15.44337349,14.08430421,1.359069287,98.15,Spain,3,5,1,Spring,Large,13.0,0.0,24.2,1
2025-08-16,Barcelona,67.55,83.4,20.06085193,10.47091768,9.589934248,95.43,Spain,8,5,1,Summer,Large,29.3,0.0,11.8,1
2023-07-16,Barcelona,29.55,44.44,46.77272727,33.41750842,13.35521886,94.24,Spain,7,6,1,Summer,Large,25.5,0.0,19.8,1
2024-02-09,Madrid Barajas,60.57,66.73,19.2063522,17.83412098,1.372231218,92.72,Spain,2,4,0,Winter,Large,9.5,12.1,21.9,1
2022-05-02,Madrid Barajas,80.43,88.17,8.804551971,7.399426523,1.405125448,95.83,Spain,5,0,0,Spring,Large,13.7,9.3,14.1,0
2023-05-21,Barcelona,69.5,77.02,14.73638344,10.28643326,4.449950182,98.32,Spain,5,6,1,Spring,Large,16.5,0.5,13.8,0
2024-09-05,Madrid Barajas,58.17,68.83,22.29333333,19.98869444,2.304638889,94.05,Spain,9,3,0,Autumn,Large,19.5,0.0,13.8,1
2023-01-06,Madrid Barajas,81.85,86.79,10.14919355,7.866903794,2.282289754,94.26,Spain,1,4,0,Winter,Large,3.0,0.0,9.7,0
2025-05-06,Madrid Barajas,80.85,85.28,11.00531915,7.040868794,3.964450355,94.27,Spain,5,1,0,Spring,Large,11.3,0.0,13.4,0
2022-04-02,Madrid Barajas,80.6,72.39,10.98314088,15.35545244,-4.372311559,93.66,Spain,4,5,1,Spring,Large,4.7,0.0,18.4,0
2024-01-02,Palma de Mallorca,81.21,86.49,7.516778523,6.111036036,1.405742487,99.4,Spain,1,1,0,Winter,Small,12.3,0.0,26.2,0
2024-04-28,Palma de Mallorca,62.47,64.01,18.79093199,17.35891174,1.43202025,93.88,Spain,4,6,1,Spring,Small,16.4,26.1,15.3,1
2025-06-23,Palma de Mallorca,57.69,67.12,24.08371041,19.77505669,4.308653718,92.26,Spain,6,0,0,Summer,Small,26.9,0.0,16.5,1
2023-09-08,Madrid Barajas,76.09,81.22,14.14485166,12.31718841,1.827663252,95.15,Spain,9,4,0,Autumn,Large,22.5,0.9,15.5,0
2023-09-18,Palma de Mallorca,57.0,60.4,21.50381679,20.37000835,1.13380844,93.76,Spain,9,0,0,Autumn,Small,25.2,5.1,29.2,1
2024-04-08,Madrid Barajas,74.15,75.85,13.08076002,12.52570066,0.555059368,91.01,Spain,4,0,0,Spring,Large,13.0,1.6,25.5,0
2022-05-14,Palma de Mallorca,72.29,80.48,13.87425703,10.52506024,3.349196787,94.83,Spain,5,5,1,Spring,Small,20.9,0.0,16.4,0
2025-02-26,Palma de Mallorca,88.89,93.75,5.319444444,3.169560185,2.149884259,97.33,Spain,2,2,0,Winter,Small,11.4,6.7,18.4,0
2026-03-14,Palma de Mallorca,81.68,87.44,8.520132013,6.283249581,2.236882432,96.23,Spain,3,5,1,Spring,Small,12.9,4.9,18.3,0
2023-02-21,Barcelona,87.28,88.79,7.549132948,5.221337266,2.327795682,98.32,Spain,2,1,0,Winter,Large,10.5,0.5,16.1,0
2026-02-04,Madrid Barajas,69.0,79.18,16.70995589,11.5489777,5.160978196,92.23,Spain,2,2,0,Winter,Large,6.1,8.0,23.2,1
2022-11-30,Madrid Barajas,72.87,84.82,15.14197031,8.363596491,6.778373819,96.05,Spain,11,2,0,Autumn,Large,6.7,0.0,8.2,1
2023-07-08,Barcelona,54.73,66.97,22.21846847,17.09946849,5.118999979,97.44,Spain,7,5,1,Summer,Large,25.4,0.0,12.6,1
2023-08-08,Barcelona,70.26,82.07,16.19572557,11.85737941,4.338346165,97.94,Spain,8,1,0,Summer,Large,24.4,1.6,21.5,1
2022-09-10,Barcelona,71.57,71.85,17.16176471,14.84403292,2.317731784,96.57,Spain,9,5,1,Autumn,Large,24.3,0.0,16.5,1
2025-11-18,Madrid Barajas,77.9,89.94,12.42883895,7.175015813,5.253823139,95.18,Spain,11,1,0,Autumn,Large,8.5,0.0,9.7,0
2023-02-07,Palma de Mallorca,85.45,90.91,6.081818182,4.223484848,1.858333333,95.83,Spain,2,1,0,Winter,Small,10.6,1.2,22.0,0
2026-03-24,Barcelona,85.5,92.84,8.386768448,4.38286445,4.003903998,97.82,Spain,3,1,0,Spring,Large,12.3,0.1,18.7,0
2025-05-05,Barcelona,55.75,55.73,25.97701149,26.35407125,-0.377059753,93.57,Spain,5,0,0,Spring,Large,16.2,10.3,12.0,1
2022-03-03,Barcelona,85.67,89.81,7.747452229,5.1,2.647452229,95.91,Spain,3,3,0,Spring,Large,11.0,0.2,17.1,0
2022-08-29,Barcelona,67.04,67.11,17.66816143,18.85242356,-1.18426213,96.82,Spain,8,0,0,Summer,Large,25.1,0.0,23.7,1
2022-03-25,Palma de Mallorca,84.8,88.37,8.040935673,5.875096899,2.165838773,96.22,Spain,3,4,0,Spring,Small,14.1,0.1,31.4,0
2024-03-13,Barcelona,82.21,90.68,8.969924812,5.811418976,3.158505836,95.56,Spain,3,2,0,Spring,Large,10.9,0.0,19.4,0
2022-02-28,Madrid Barajas,87.06,90.52,7.906965174,7.822776392,0.084188782,94.34,Spain,2,0,0,Winter,Large,9.5,0.0,11.3,0
2026-02-22,Madrid Barajas,77.74,88.64,11.77226027,7.447655367,4.324604907,93.76,Spain,2,6,1,Winter,Large,8.7,0.0,8.7,0
2022-05-11,Madrid Barajas,90.59,90.33,6.973415133,5.155658436,1.817756697,95.79,Spain,5,2,0,Spring,Large,20.9,0.0,12.2,0
2026-03-24,Madrid Barajas,75.27,86.74,12.54270463,7.235782557,5.30692207,94.02,Spain,3,1,0,Spring,Large,10.8,0.0,10.1,0
2026-02-10,Barcelona,84.57,88.82,8.407407407,8.437311178,-0.029903771,97.37,Spain,2,1,0,Winter,Large,13.6,3.0,17.8,0
2022-12-08,Palma de Mallorca,89.43,87.2,9.863143631,8.056933333,1.806210298,93.43,Spain,12,3,0,Winter,Small,13.8,0.1,18.0,0
2022-06-18,Palma de Mallorca,37.11,54.36,42.48158076,33.56158368,8.919997077,93.03,Spain,6,5,1,Summer,Small,27.8,0.0,19.4,1
2023-02-19,Madrid Barajas,78.82,83.64,10.67630686,7.466701173,3.209605684,94.78,Spain,2,6,1,Winter,Large,10.1,0.1,9.3,0
2022-03-12,Barcelona,77.69,84.21,12.24920319,6.58097166,5.668231527,94.18,Spain,3,5,1,Spring,Large,11.6,21.8,20.7,0
2023-12-23,Barcelona,62.53,71.64,20.42431762,15.29792703,5.126390586,97.25,Spain,12,5,1,Winter,Large,11.0,0.0,17.8,1
2024-09-23,Barcelona,15.91,34.36,62.3843484,44.9543758,17.42997259,92.48,Spain,9,0,0,Autumn,Large,19.1,1.3,16.6,1
2023-03-12,Palma de Mallorca,60.0,68.13,19.76756757,17.99221612,1.77535145,92.92,Spain,3,6,1,Spring,Small,18.3,0.0,20.7,1
2023-10-08,Palma de Mallorca,74.76,82.73,12.45283019,9.281589619,3.17124057,93.66,Spain,10,6,1,Autumn,Small,21.3,0.0,12.6,0
2025-10-10,Barcelona,67.03,77.13,17.22710623,13.2030853,4.024020928,97.72,Spain,10,4,0,Autumn,Large,19.3,0.4,23.5,1
2024-11-08,Palma de Mallorca,86.34,91.49,7.87431694,5.0,2.87431694,95.05,Spain,11,4,0,Autumn,Small,17.0,1.0,9.2,0
2024-03-31,Palma de Mallorca,69.25,62.9,21.39042443,23.96354839,-2.573123956,90.77,Spain,3,6,1,Spring,Small,15.8,9.3,34.3,1
2023-05-29,Palma de Mallorca,50.37,52.62,29.52119701,27.14232112,2.378875891,93.3,Spain,5,0,0,Spring,Small,17.4,14.8,20.7,1
2022-09-19,Palma de Mallorca,67.62,71.17,21.84334204,17.70705782,4.136284213,94.33,Spain,9,0,0,Autumn,Small,23.2,0.0,19.6,1
2022-02-17,Barcelona,87.19,90.57,7.648760331,6.878688525,0.770071806,95.17,Spain,2,3,0,Winter,Large,12.2,0.0,14.6,0
2022-01-05,Madrid Barajas,88.07,93.97,6.315820643,4.05339196,2.262428683,94.66,Spain,1,2,0,Winter,Large,6.3,3.7,18.0,0
2026-02-16,Palma de Mallorca,78.92,81.99,9.843373494,8.430227743,1.413145751,95.53,Spain,2,0,0,Winter,Small,14.8,0.0,20.9,0
2022-07-20,Madrid Barajas,65.32,77.95,18.50481696,12.35686654,6.147950418,93.99,Spain,7,2,0,Summer,Large,27.7,0.0,9.9,1
2026-02-01,Palma de Mallorca,84.08,88.24,8.222929936,7.299455338,0.923474599,96.55,Spain,2,6,1,Winter,Small,12.9,0.0,28.0,0
2025-11-07,Barcelona,70.67,81.6,16.55242782,11.27086667,5.281561155,97.22,Spain,11,4,0,Autumn,Large,14.6,0.0,9.2,1
2024-01-02,Barcelona,73.48,77.56,11.70316302,14.3053252,-2.602162186,97.94,Spain,1,1,0,Winter,Large,10.3,0.1,19.1,0
2024-03-25,Palma de Mallorca,84.39,81.13,7.373414634,10.18718553,-2.8137709,93.64,Spain,3,0,0,Spring,Small,14.7,1.7,24.2,0
2024-08-05,Madrid Barajas,59.01,75.66,20.72084806,15.88566842,4.835179639,96.05,Spain,8,0,0,Summer,Large,30.3,0.0,17.1,1
2025-06-27,Palma de Mallorca,59.61,75.32,21.18574514,12.68881674,8.496928402,88.42,Spain,6,4,0,Summer,Small,26.9,0.0,21.8,1
2025-08-26,Palma de Mallorca,64.27,78.54,17.6384778,10.55085837,7.087619432,95.6,Spain,8,1,0,Summer,Small,28.7,0.0,11.5,1
2022-06-04,Palma de Mallorca,39.92,49.04,39.49936975,33.29432548,6.205044266,89.27,Spain,6,5,1,Summer,Small,22.3,0.0,16.5,1
2023-02-04,Palma de Mallorca,75.89,76.64,17.54432624,15.50778589,2.036540353,96.64,Spain,2,5,1,Winter,Small,10.1,0.0,18.3,1
2026-02-13,Madrid Barajas,43.8,68.02,29.59742351,19.13325216,10.46417135,94.06,Spain,2,4,0,Winter,Large,8.9,18.4,29.0,1
2024-07-01,Palma de Mallorca,27.56,32.37,52.68666667,49.17578125,3.510885417,93.68,Spain,7,0,0,Summer,Small,23.3,1.0,25.4,1
2023-02-26,Madrid Barajas,73.0,75.51,14.502,12.64578231,1.856217687,94.29,Spain,2,6,1,Winter,Large,2.8,0.0,23.8,0
2024-03-29,Madrid Barajas,68.33,77.11,12.81111111,9.249664225,3.561446886,95.37,Spain,3,4,0,Spring,Large,8.3,24.8,26.9,0
2026-01-30,Madrid Barajas,50.08,69.1,24.72194305,19.75581395,4.966129095,95.38,Spain,1,4,0,Winter,Large,7.8,9.1,29.6,1
2026-05-10,Madrid Barajas,66.34,71.26,18.1182266,14.09795518,4.020271419,93.41,Spain,5,6,1,Spring,Large,12.0,9.9,18.7,1
2023-02-21,Madrid Barajas,71.34,85.22,12.42367886,8.054893908,4.368784954,95.24,Spain,2,1,0,Winter,Large,9.5,1.9,10.5,0
2025-12-05,Barcelona,69.47,79.72,21.84148728,12.89276538,8.948721898,97.76,Spain,12,4,0,Winter,Large,10.5,0.0,13.1,1
2024-03-18,Madrid Barajas,77.76,87.23,10.89679715,5.955231144,4.941566009,96.03,Spain,3,0,0,Spring,Large,13.7,0.0,9.8,0
2026-01-28,Madrid Barajas,39.32,60.91,43.17335329,25.60555556,17.56779774,93.17,Spain,1,2,0,Winter,Large,4.0,16.7,21.3,1
2022-06-01,Barcelona,68.35,73.4,16.43908873,16.18357086,0.255517866,96.62,Spain,6,2,0,Summer,Large,19.7,0.0,12.2,1
2022-02-19,Madrid Barajas,86.03,85.79,9.502146119,9.126541555,0.375604564,93.15,Spain,2,5,1,Winter,Large,9.2,0.8,23.3,0
2023-10-26,Palma de Mallorca,68.89,71.03,15.10935185,14.87808728,0.231264572,95.08,Spain,10,3,0,Autumn,Small,22.0,0.0,36.1,1
2026-02-27,Madrid Barajas,63.2,82.55,16.8544,8.462578616,8.391821384,94.31,Spain,2,4,0,Winter,Large,10.9,0.0,12.8,1
2022-10-28,Palma de Mallorca,62.66,64.36,18.5151436,18.07598291,0.439160697,95.89,Spain,10,4,0,Autumn,Small,20.8,0.0,8.9,1
2025-07-19,Palma de Mallorca,35.83,54.09,37.13508443,26.60272615,10.53235828,92.67,Spain,7,5,1,Summer,Small,28.1,0.0,19.2,1
2023-09-19,Barcelona,72.69,79.63,14.89753086,13.2979405,1.599590361,96.79,Spain,9,1,0,Autumn,Large,22.8,0.1,13.8,0
2023-05-08,Madrid Barajas,75.93,86.2,13.30783582,8.122967864,5.184867957,94.7,Spain,5,0,0,Spring,Large,20.8,0.0,13.6,0
2024-02-12,Palma de Mallorca,94.27,92.31,3.363057325,3.511645299,-0.148587974,97.66,Spain,2,0,0,Winter,Small,14.9,0.0,29.6,0
2023-05-07,Barcelona,63.56,72.63,20.37777778,14.27943341,6.098344371,97.06,Spain,5,6,1,Spring,Large,18.3,0.1,14.5,1
2024-04-21,Barcelona,74.08,81.21,11.37346939,9.660538721,1.712930667,98.43,Spain,4,6,1,Spring,Large,13.3,1.3,20.5,0
2025-10-09,Madrid Barajas,64.2,75.33,20.22988506,15.69401214,4.535872916,94.0,Spain,10,3,0,Autumn,Large,20.2,0.0,16.9,1
2022-06-14,Palma de Mallorca,59.95,73.48,23.92940213,15.80855637,8.120845763,95.12,Spain,6,1,0,Summer,Small,26.7,0.0,13.3,1
2025-10-16,Madrid Barajas,71.29,78.69,15.69820555,11.5320765,4.166129044,95.72,Spain,10,3,0,Autumn,Large,17.3,0.0,7.1,1
2022-08-22,Barcelona,76.27,78.97,12.21286031,12.38545861,-0.172598303,96.45,Spain,8,0,0,Summer,Large,24.5,2.5,17.6,0
2023-12-12,Madrid Barajas,71.89,80.44,13.55823293,10.85087366,2.707359276,96.07,Spain,12,1,0,Winter,Large,8.8,0.2,16.7,0
2024-04-17,Madrid Barajas,79.58,82.82,10.54388697,9.760509737,0.78337723,94.3,Spain,4,2,0,Spring,Large,14.1,0.0,18.0,0
2025-03-16,Barcelona,79.75,88.27,10.84599156,6.087953092,4.758038469,96.62,Spain,3,6,1,Spring,Large,8.2,11.8,11.4,0
2025-04-07,Palma de Mallorca,73.33,87.58,12.5310101,5.801515152,6.729494949,91.96,Spain,4,0,0,Spring,Small,17.1,0.2,10.3,0
2023-08-11,Madrid Barajas,75.09,87.7,15.22161172,6.753224834,8.468386887,96.53,Spain,8,4,0,Summer,Large,30.1,0.0,12.1,1
2026-03-03,Barcelona,87.27,92.23,7.171428571,4.796157168,2.375271404,93.21,Spain,3,1,0,Spring,Large,13.7,1.2,29.7,0
2023-07-14,Madrid Barajas,57.82,70.23,21.4340949,16.22106358,5.213031326,94.28,Spain,7,4,0,Summer,Large,28.7,0.0,21.8,1
2024-05-09,Barcelona,70.91,81.43,15.67630058,9.570019342,6.106281236,97.24,Spain,5,3,0,Spring,Large,16.4,0.0,15.2,1
2023-02-20,Barcelona,72.0,78.59,12.9575,10.09941226,2.858087741,96.5,Spain,2,0,0,Winter,Large,10.4,0.0,11.9,0
2025-04-25,Barcelona,70.84,86.12,13.61383178,9.0246404,4.589191375,97.84,Spain,4,4,0,Spring,Large,15.7,0.0,10.8,0
2024-01-30,Barcelona,91.41,92.99,7.401840491,3.879014228,3.522826263,93.11,Spain,1,1,0,Winter,Large,12.0,0.2,10.3,0
2023-02-15,Palma de Mallorca,86.78,86.89,7.380165289,5.464071038,1.916094251,95.52,Spain,2,2,0,Winter,Small,10.9,0.0,11.2,0
2024-05-01,Madrid Barajas,70.09,78.33,14.76106195,12.80485494,1.956207003,93.61,Spain,5,2,0,Spring,Large,10.5,2.1,22.4,0
2025-02-08,Palma de Mallorca,95.76,95.76,2.696969697,4.176767677,-1.47979798,96.0,Spain,2,5,1,Winter,Small,11.4,6.1,26.2,0
2022-07-19,Madrid Barajas,63.93,74.4,17.48744155,15.28205645,2.205385098,93.01,Spain,7,1,0,Summer,Large,29.0,0.0,18.6,1
2022-05-30,Barcelona,60.09,64.67,19.83180428,18.65946882,1.172335459,95.97,Spain,5,0,0,Spring,Large,19.0,0.0,16.9,1
2022-04-04,Barcelona,76.54,78.2,11.85962963,10.10233918,1.757290448,96.12,Spain,4,0,0,Spring,Large,7.9,0.0,19.8,0
2022-01-18,Barcelona,90.91,91.62,4.0,3.525249501,0.474750499,85.15,Spain,1,1,0,Winter,Large,6.7,0.0,15.8,0
2024-11-19,Palma de Mallorca,87.5,90.52,7.45,4.912931034,2.537068966,95.45,Spain,11,1,0,Autumn,Small,15.9,0.0,14.8,0
2026-04-13,Palma de Mallorca,77.19,87.57,10.5994152,6.823175542,3.776239662,94.88,Spain,4,0,0,Spring,Small,13.1,8.2,16.6,0
2024-08-24,Madrid Barajas,64.44,74.82,18.71299639,15.66315947,3.049836917,96.41,Spain,8,5,1,Summer,Large,28.2,0.0,17.1,1
2025-05-20,Barcelona,67.72,81.46,13.55511811,9.433925049,4.121193061,97.4,Spain,5,1,0,Spring,Large,19.0,0.0,14.9,0
2024-02-11,Madrid Barajas,79.07,83.33,12.4496124,9.629031165,2.820581238,92.33,Spain,2,6,1,Winter,Large,5.2,2.7,18.7,0
2025-03-26,Palma de Mallorca,95.91,94.22,3.116959064,3.289017341,-0.172058277,93.68,Spain,3,2,0,Spring,Small,12.5,0.5,10.5,0
2023-07-01,Madrid Barajas,69.92,80.52,17.58317057,11.52730285,6.055867723,91.77,Spain,7,5,1,Summer,Large,24.4,0.0,15.3,1
2025-09-08,Madrid Barajas,70.59,81.26,16.33660131,10.84259259,5.494008715,93.61,Spain,9,0,0,Autumn,Large,23.3,0.0,13.0,1
2023-12-19,Madrid Barajas,69.59,83.3,14.54291045,8.367741935,6.175168512,98.26,Spain,12,1,0,Winter,Large,2.8,0.0,7.2,0
2026-01-02,Palma de Mallorca,63.02,63.35,26.078125,26.19319372,-0.115068717,95.71,Spain,1,4,0,Winter,Small,13.0,0.0,16.7,1
2025-11-05,Palma de Mallorca,81.17,83.44,13.15584416,11.38566879,1.770175366,95.21,Spain,11,2,0,Autumn,Small,17.9,0.1,13.5,0
2025-05-18,Madrid Barajas,77.44,82.72,12.54706927,8.773123909,3.773945363,93.93,Spain,5,6,1,Spring,Large,19.2,0.0,20.2,0
2023-01-07,Barcelona,73.0,78.93,12.95252226,11.83773492,1.114787339,97.72,Spain,1,5,1,Winter,Large,9.7,0.0,19.2,0
2023-05-06,Madrid Barajas,70.91,82.57,14.75353535,8.750367401,6.003167952,95.29,Spain,5,5,1,Spring,Large,18.9,0.0,18.4,0
2025-03-08,Barcelona,78.02,84.44,11.3308642,8.433004115,2.897860082,98.35,Spain,3,5,1,Spring,Large,13.3,8.8,20.7,0
2025-01-13,Barcelona,84.79,88.43,9.229381443,7.835218509,1.394162934,96.82,Spain,1,0,0,Winter,Large,6.9,0.0,12.0,0
2024-11-29,Palma de Mallorca,76.79,79.76,9.696428571,9.105555556,0.590873016,96.05,Spain,11,4,0,Autumn,Small,14.6,0.0,14.2,0
2024-09-26,Madrid Barajas,53.57,60.13,24.02819237,23.47487644,0.55331593,95.37,Spain,9,3,0,Autumn,Large,19.2,0.7,33.8,1
2022-08-27,Barcelona,62.35,63.34,23.53789731,23.62813799,-0.090240678,96.3,Spain,8,5,1,Summer,Large,24.0,9.8,16.2,1
2026-05-06,Madrid Barajas,75.24,84.75,13.5504886,8.369289617,5.181198982,93.19,Spain,5,2,0,Spring,Large,13.2,0.0,11.6,0
2026-03-13,Barcelona,81.23,86.8,8.83201581,7.608,1.22401581,95.41,Spain,3,4,0,Spring,Large,11.6,0.0,11.2,0
2024-11-19,Madrid Barajas,70.83,73.48,16.72826087,13.12062615,3.607634719,94.04,Spain,11,1,0,Autumn,Large,10.2,0.0,10.3,1
2026-01-27,Barcelona,82.94,85.2,9.605351171,7.641611842,1.963739328,97.82,Spain,1,1,0,Winter,Large,11.4,9.3,23.8,0
2025-09-28,Madrid Barajas,67.24,78.91,18.64310345,13.66681312,4.976290326,95.43,Spain,9,6,1,Autumn,Large,17.7,4.2,12.3,1
2026-03-20,Barcelona,73.39,82.33,13.00782779,9.303915858,3.703911931,97.58,Spain,3,4,0,Spring,Large,11.1,0.0,16.6,0
2024-03-07,Palma de Mallorca,82.0,86.93,11.25333333,12.66775599,-1.414422658,91.18,Spain,3,3,0,Spring,Small,11.6,0.0,16.4,0
2024-02-03,Barcelona,86.3,92.2,7.513119534,6.865414258,0.647705275,93.93,Spain,2,5,1,Winter,Large,10.8,0.0,14.6,0
2022-05-17,Madrid Barajas,80.82,85.59,10.99385776,8.022258065,2.971599694,94.7,Spain,5,1,0,Spring,Large,20.4,0.0,12.8,0
2022-04-17,Madrid Barajas,92.79,89.45,5.179039301,7.421978022,-2.242938721,95.56,Spain,4,6,1,Spring,Large,17.0,0.0,14.3,0
2022-09-06,Palma de Mallorca,59.9,64.14,24.98274854,22.18560606,2.797142477,93.26,Spain,9,1,0,Autumn,Small,27.1,0.0,16.8,1
2024-03-01,Madrid Barajas,70.61,77.82,15.91397849,12.4580799,3.45589859,93.52,Spain,3,4,0,Spring,Large,5.9,0.0,18.5,1
2022-02-08,Palma de Mallorca,96.51,96.34,2.5,2.428455285,0.071544715,94.74,Spain,2,1,0,Winter,Small,11.1,0.0,16.3,0
2025-08-02,Madrid Barajas,58.58,76.91,20.63778163,13.35824653,7.279535101,96.86,Spain,8,5,1,Summer,Large,26.5,0.0,15.2,1
2023-04-25,Palma de Mallorca,85.85,86.08,7.146331237,6.718824164,0.427507073,95.03,Spain,4,1,0,Spring,Small,17.3,0.0,16.1,0
2024-11-13,Barcelona,75.13,80.77,12.38205128,10.60811966,1.773931624,94.96,Spain,11,2,0,Autumn,Large,12.8,11.1,32.6,0
2022-07-12,Madrid Barajas,69.17,80.84,17.83772819,12.1925815,5.645146691,93.94,Spain,7,1,0,Summer,Large,29.9,0.0,11.3,1
2024-06-07,Palma de Mallorca,61.94,69.0,18.79279279,18.46182678,0.33096601,94.8,Spain,6,4,0,Summer,Small,24.6,0.0,24.0,1
2023-10-05,Barcelona,74.57,83.98,16.4612069,9.126515152,7.334691745,97.93,Spain,10,3,0,Autumn,Large,22.1,0.0,14.3,1
2025-12-09,Madrid Barajas,73.73,87.98,14.08333333,8.433424408,5.649908925,93.38,Spain,12,1,0,Winter,Large,6.7,0.2,4.9,0
2023-11-11,Madrid Barajas,67.34,81.08,14.79276538,8.55003465,6.242730732,92.11,Spain,11,5,1,Autumn,Large,13.8,1.0,23.5,0
2023-08-22,Barcelona,69.57,79.18,15.9072695,12.21409156,3.693177944,97.37,Spain,8,1,0,Summer,Large,28.8,0.0,12.6,1
2022-11-20,Palma de Mallorca,83.44,90.91,6.968152866,4.701406926,2.26674594,94.22,Spain,11,6,1,Autumn,Small,13.3,0.0,21.2,0
2025-06-22,Barcelona,66.6,75.29,19.06142035,17.47801014,1.583410206,95.89,Spain,6,6,1,Summer,Large,26.3,0.0,14.8,1
2022-07-12,Palma de Mallorca,59.18,71.81,23.26175359,16.8298091,6.431944486,92.45,Spain,7,1,0,Summer,Small,27.8,0.0,15.5,1
2022-05-29,Palma de Mallorca,51.12,64.07,27.7808296,21.62907801,6.151751582,93.81,Spain,5,6,1,Spring,Small,22.2,0.0,14.7,1
2026-05-12,Palma de Mallorca,73.15,80.94,16.05172414,11.35041254,4.701311597,93.6,Spain,5,1,0,Spring,Small,18.1,2.0,17.7,1
2022-02-21,Barcelona,83.33,87.03,9.212131519,6.503071672,2.709059847,96.19,Spain,2,0,0,Winter,Large,10.9,0.0,18.2,0
2023-08-10,Barcelona,62.82,75.16,19.16239316,13.21896674,5.943426425,97.75,Spain,8,3,0,Summer,Large,25.7,0.1,17.9,1
2023-08-23,Barcelona,76.5,82.05,12.82279202,9.37514245,3.447649573,96.79,Spain,8,2,0,Summer,Large,30.1,0.0,10.4,0
2023-07-25,Madrid Barajas,64.61,78.01,18.53483146,12.47324561,6.061585847,95.67,Spain,7,1,0,Summer,Large,23.8,0.0,15.0,1
2023-06-19,Barcelona,38.15,48.39,37.11206897,31.11802867,5.994040292,94.19,Spain,6,0,0,Summer,Large,23.5,0.0,33.0,1
2025-02-06,Palma de Mallorca,80.42,89.51,8.321678322,5.279254079,3.042424242,93.67,Spain,2,3,0,Winter,Small,8.9,0.0,11.4,0
2023-04-11,Madrid Barajas,75.78,75.93,12.53100775,12.71738421,-0.186376462,92.84,Spain,4,1,0,Spring,Large,17.3,0.0,16.9,0
2023-03-20,Barcelona,68.28,75.31,16.72397094,12.75115226,3.972818681,97.07,Spain,3,0,0,Spring,Large,12.1,0.0,11.9,1
2026-04-16,Barcelona,76.11,87.3,13.02504817,6.353059896,6.671988274,96.89,Spain,4,3,0,Spring,Large,15.3,0.0,15.9,0
2023-05-22,Palma de Mallorca,65.63,72.91,18.65633803,14.85028818,3.806049844,94.82,Spain,5,0,0,Spring,Small,18.7,2.1,25.5,1
2023-11-13,Barcelona,78.54,83.6,13.1803653,10.23187067,2.948494627,97.63,Spain,11,0,0,Autumn,Large,17.5,0.0,22.4,0
2024-09-15,Madrid Barajas,71.87,83.62,13.60377358,8.62456446,4.979209125,94.84,Spain,9,6,1,Autumn,Large,21.6,0.0,19.0,0
2025-07-16,Barcelona,61.82,77.82,17.36660459,11.66691312,5.69969147,97.0,Spain,7,2,0,Summer,Large,26.4,0.1,19.1,1
2025-03-23,Palma de Mallorca,75.61,81.41,11.93487805,9.543886097,2.390991952,94.67,Spain,3,6,1,Spring,Small,13.7,0.9,26.8,0
2022-01-16,Palma de Mallorca,97.14,99.01,2.314285714,1.024092409,1.290193305,84.33,Spain,1,6,1,Winter,Small,8.9,0.0,13.5,0
2025-02-14,Madrid Barajas,76.99,85.57,14.11591696,9.625449275,4.49046768,94.75,Spain,2,4,0,Winter,Large,8.0,0.0,6.6,0
2023-10-21,Madrid Barajas,78.77,81.4,12.63095238,10.73908269,1.891869694,96.8,Spain,10,5,1,Autumn,Large,11.0,0.0,13.0,0
2024-10-31,Madrid Barajas,61.26,79.27,17.70810811,9.906515152,7.801592957,88.84,Spain,10,3,0,Autumn,Large,14.0,1.0,11.1,1
2024-10-29,Palma de Mallorca,71.12,81.99,13.49091456,8.640485313,4.850429248,88.38,Spain,10,1,0,Autumn,Small,21.4,0.1,33.1,0
2022-05-01,Barcelona,78.99,84.09,10.2173913,7.460253365,2.757137939,96.4,Spain,5,6,1,Spring,Large,16.3,0.2,13.9,0
2024-11-17,Madrid Barajas,79.37,82.56,12.85714286,8.988641756,3.868501102,94.71,Spain,11,6,1,Autumn,Large,10.7,0.0,8.1,0
2026-05-19,Madrid Barajas,70.17,83.08,16.19166667,8.487562189,7.704104478,96.2,Spain,5,1,0,Spring,Large,18.7,0.0,9.3,1
2026-02-11,Palma de Mallorca,88.99,89.19,7.211009174,5.990690691,1.220318484,91.94,Spain,2,2,0,Winter,Small,17.6,0.0,36.8,0
2025-05-03,Palma de Mallorca,48.12,65.16,26.6940133,17.02454751,9.669465792,93.39,Spain,5,5,1,Spring,Small,19.9,0.2,16.7,1
2022-05-15,Barcelona,70.45,77.93,15.46615445,12.83118153,2.634972919,97.32,Spain,5,6,1,Spring,Large,19.3,0.0,15.1,1
2023-12-07,Madrid Barajas,74.95,83.07,13.83767535,9.05126162,4.786413731,95.94,Spain,12,3,0,Winter,Large,5.1,12.0,10.8,0
2022-05-16,Madrid Barajas,77.38,83.09,12.06342495,8.781271478,3.282153469,97.02,Spain,5,0,0,Spring,Large,18.4,0.0,12.6,0
2024-10-31,Palma de Mallorca,66.19,74.45,16.60791367,12.76180049,3.846113182,93.2,Spain,10,3,0,Autumn,Small,20.8,1.8,20.5,1
2025-05-16,Barcelona,75.99,83.77,11.70132325,7.937735849,3.763587402,95.43,Spain,5,4,0,Spring,Large,18.3,0.0,20.9,0
2025-01-01,Madrid Barajas,73.24,83.4,13.67773438,9.833036891,3.844697484,94.84,Spain,1,2,0,Winter,Large,0.9,0.0,6.5,0
2023-05-27,Barcelona,67.24,75.3,17.92909535,13.04693301,4.882162344,96.12,Spain,5,5,1,Spring,Large,19.5,0.0,15.9,1
2023-08-09,Palma de Mallorca,76.69,80.04,13.05374001,9.930746489,3.122993525,94.38,Spain,8,2,0,Summer,Small,25.6,0.0,16.6,0
2025-09-02,Madrid Barajas,68.21,82.79,16.86666667,9.465445769,7.401220897,94.34,Spain,9,1,0,Autumn,Large,19.3,0.0,11.2,1
2022-10-11,Palma de Mallorca,71.69,68.58,14.43650794,13.25860656,1.177901379,94.84,Spain,10,1,0,Autumn,Small,20.4,2.4,14.8,0
2022-09-25,Palma de Mallorca,48.1,46.14,28.85161927,28.54649758,0.305121689,92.1,Spain,9,6,1,Autumn,Small,21.0,8.5,26.6,1
2024-06-06,Madrid Barajas,66.21,73.12,19.18353345,14.5586758,4.624857649,95.69,Spain,6,3,0,Summer,Large,25.9,0.0,18.1,1
2022-09-09,Barcelona,65.03,65.32,20.49466951,20.75705674,-0.262387228,96.19,Spain,9,4,0,Autumn,Large,23.5,0.6,20.6,1
2022-11-13,Madrid Barajas,76.81,85.51,12.71169355,8.761394558,3.950298991,95.5,Spain,11,6,1,Autumn,Large,11.6,0.9,10.1,0
2025-03-27,Madrid Barajas,79.86,89.14,11.77430556,7.142298851,4.632006705,96.54,Spain,3,3,0,Spring,Large,8.3,0.0,9.6,0
2022-05-03,Barcelona,84.94,87.27,7.945454545,5.90987013,2.035584416,98.5,Spain,5,1,0,Spring,Large,15.3,1.1,24.8,0
2024-01-07,Madrid Barajas,68.26,77.23,15.65145228,11.77273982,3.878712462,84.85,Spain,1,6,1,Winter,Large,2.3,0.0,11.5,1
2024-12-04,Palma de Mallorca,87.8,91.8,5.520325203,2.834016393,2.68630881,92.25,Spain,12,2,0,Winter,Small,12.7,7.1,26.7,0
2022-03-04,Madrid Barajas,85.52,89.15,7.142375479,5.388443396,1.753932083,94.5,Spain,3,4,0,Spring,Large,8.3,2.8,23.6,0
2024-11-27,Barcelona,77.78,85.16,11.87536606,7.341623264,4.5337428,95.19,Spain,11,2,0,Autumn,Large,12.5,0.0,10.7,0
2023-07-22,Barcelona,57.08,66.89,22.32689139,18.01808352,4.308807866,97.42,Spain,7,5,1,Summer,Large,25.7,0.0,14.4,1
2026-04-23,Madrid Barajas,76.25,81.92,12.08562197,8.465743757,3.619878214,91.68,Spain,4,3,0,Spring,Large,19.4,0.4,17.0,0
2022-11-17,Palma de Mallorca,79.84,87.79,12.09625323,9.48307888,2.61317435,96.6,Spain,11,3,0,Autumn,Small,20.3,0.0,29.8,0
2023-03-14,Madrid Barajas,76.97,82.44,12.4434968,10.83966942,1.60382738,94.71,Spain,3,1,0,Spring,Large,10.9,0.0,19.5,0
2026-03-15,Madrid Barajas,84.48,90.14,11.52758621,7.655911188,3.871675019,94.61,Spain,3,6,1,Spring,Large,9.6,0.2,23.9,0
2026-02-07,Madrid Barajas,57.89,75.71,21.67105263,13.16142498,8.509627647,93.97,Spain,2,5,1,Winter,Large,4.8,14.3,20.3,1
2022-01-20,Madrid Barajas,88.25,91.85,8.81147541,4.296059783,4.515415627,92.94,Spain,1,3,0,Winter,Large,3.9,0.0,14.3,0
2024-06-01,Palma de Mallorca,45.89,66.46,28.23246493,19.14768234,9.084782585,93.61,Spain,6,5,1,Summer,Small,19.7,0.0,20.2,1
2023-08-02,Palma de Mallorca,63.89,71.58,18.48424508,15.30402422,3.18022086,94.82,Spain,8,2,0,Summer,Small,27.9,0.0,17.2,1
2025-03-07,Palma de Mallorca,78.57,82.67,10.41326531,8.684323432,1.728941874,96.65,Spain,3,4,0,Spring,Small,14.0,6.7,16.5,0
2026-05-20,Barcelona,76.6,86.67,12.01828154,7.372222222,4.646059313,96.53,Spain,5,2,0,Spring,Large,20.0,0.0,11.5,0
2022-11-15,Barcelona,76.56,81.66,12.79228487,11.62953649,1.162748377,97.22,Spain,11,1,0,Autumn,Large,17.5,0.1,21.9,0
2025-05-24,Palma de Mallorca,64.15,81.42,16.68431772,9.958498024,6.725819695,92.0,Spain,5,5,1,Spring,Small,19.1,1.0,15.1,1
2024-06-09,Madrid Barajas,69.39,76.91,17.23652174,13.22800474,4.008517003,96.26,Spain,6,6,1,Summer,Large,19.0,1.7,16.2,1
2022-10-02,Barcelona,67.26,72.5,17.9955157,15.1005303,2.894985392,95.03,Spain,10,6,1,Autumn,Large,19.5,0.0,21.9,1
2024-02-09,Palma de Mallorca,73.26,71.93,12.96492248,13.63830409,-0.673381613,97.84,Spain,2,4,0,Winter,Small,14.4,6.7,37.0,0
2023-10-20,Barcelona,49.39,62.65,27.9862585,22.5735034,5.412755102,96.35,Spain,10,4,0,Autumn,Large,19.6,15.6,37.2,1
2024-01-31,Palma de Mallorca,93.94,94.06,3.878787879,3.583333333,0.295454545,97.35,Spain,1,2,0,Winter,Small,11.2,0.0,12.6,0
2025-02-25,Madrid Barajas,76.04,90.06,11.20943396,6.645434647,4.563999316,95.96,Spain,2,1,0,Winter,Large,9.7,0.3,18.7,0
2023-07-12,Palma de Mallorca,45.61,53.49,31.46096491,25.72117904,5.739785873,93.33,Spain,7,2,0,Summer,Small,29.3,0.0,20.1,1
2024-05-23,Palma de Mallorca,71.15,77.05,14.95843521,12.02644928,2.931985932,94.21,Spain,5,3,0,Spring,Small,19.5,0.9,17.9,0
2022-12-10,Palma de Mallorca,78.99,76.64,10.99842995,13.00608273,-2.007652773,94.74,Spain,12,5,1,Winter,Small,13.8,9.8,22.1,0
2025-01-16,Palma de Mallorca,85.32,92.92,9.243883792,4.83259587,4.411287922,86.47,Spain,1,3,0,Winter,Small,9.1,0.0,26.3,0
2023-11-01,Madrid Barajas,76.49,83.98,14.06888247,8.815364583,5.253517883,92.32,Spain,11,2,0,Autumn,Large,11.3,0.2,26.2,0
2022-11-15,Palma de Mallorca,86.73,84.35,6.609439528,6.243478261,0.365961267,96.72,Spain,11,1,0,Autumn,Small,19.8,0.5,26.3,0
2025-12-31,Palma de Mallorca,82.93,83.2,15.45528455,13.18933333,2.26595122,95.62,Spain,12,2,0,Winter,Small,9.2,0.0,15.2,1
2022-01-11,Madrid Barajas,90.88,94.48,8.495726496,5.91501938,2.580707116,89.22,Spain,1,1,0,Winter,Large,10.6,0.0,17.9,0
2022-10-26,Barcelona,77.91,81.78,12.86698337,13.51635514,-0.649371767,97.31,Spain,10,2,0,Autumn,Large,20.7,0.0,12.4,0
2024-06-30,Madrid Barajas,59.32,72.43,22.24237288,15.33615868,6.906214206,95.9,Spain,6,6,1,Summer,Large,20.6,0.0,10.9,1
2024-04-26,Palma de Mallorca,75.07,78.82,13.04432133,10.82600536,2.218315968,93.73,Spain,4,4,0,Spring,Small,15.1,1.1,14.1,0
2024-09-28,Barcelona,64.44,73.82,19.26724138,14.55078684,4.716454541,95.55,Spain,9,5,1,Autumn,Large,17.5,0.0,15.3,1
2024-06-12,Barcelona,50.88,53.35,29.98398311,31.12473753,-1.140754427,95.3,Spain,6,2,0,Summer,Large,18.0,9.9,18.0,1
2023-10-25,Palma de Mallorca,86.88,90.38,6.079883382,4.432653061,1.647230321,95.93,Spain,10,2,0,Autumn,Small,21.1,0.6,29.5,0
2024-11-18,Barcelona,77.73,85.87,11.76637555,8.707100809,3.059274736,96.68,Spain,11,0,0,Autumn,Large,13.4,0.6,12.5,0
2025-12-09,Barcelona,87.3,89.65,6.683783784,5.721162579,0.962621204,97.2,Spain,12,1,0,Winter,Large,11.5,0.0,13.5,0
2022-10-04,Palma de Mallorca,78.65,81.45,10.21081081,10.22441756,-0.013606752,97.2,Spain,10,1,0,Autumn,Small,21.8,0.2,16.1,0
2022-04-28,Palma de Mallorca,84.18,83.59,8.819620253,9.060216718,-0.240596465,95.86,Spain,4,3,0,Spring,Small,16.8,0.0,23.1,0
2026-02-15,Madrid Barajas,64.43,75.69,18.14604811,13.36791088,4.77813723,93.41,Spain,2,6,1,Winter,Large,6.2,0.0,21.2,1
2023-12-01,Madrid Barajas,58.75,70.54,22.51151786,14.82690476,7.684613095,94.52,Spain,12,4,0,Winter,Large,9.5,30.9,26.6,1
2024-06-08,Palma de Mallorca,52.01,65.8,24.77985274,19.59973333,5.180119411,94.27,Spain,6,5,1,Summer,Small,22.8,0.0,25.0,1
2026-01-20,Barcelona,82.0,89.77,8.556666667,8.852585259,-0.295918592,95.27,Spain,1,1,0,Winter,Large,9.9,33.7,30.6,0
2025-09-08,Palma de Mallorca,54.67,63.35,19.93621868,15.24996229,4.686256386,94.74,Spain,9,0,0,Autumn,Small,26.9,0.2,11.3,1
2023-01-12,Barcelona,83.78,87.65,8.144144144,5.7937249,2.350419245,97.42,Spain,1,3,0,Winter,Large,9.7,0.0,17.0,0
2025-11-07,Madrid Barajas,56.38,74.29,22.0904685,13.59727513,8.493193365,94.34,Spain,11,4,0,Autumn,Large,9.4,16.9,14.7,1
2024-01-24,Madrid Barajas,82.07,92.19,10.33157525,4.022749648,6.308825598,95.29,Spain,1,2,0,Winter,Large,8.9,0.0,9.1,0
2023-09-07,Madrid Barajas,69.38,77.96,16.46902655,12.3905914,4.078435151,95.68,Spain,9,3,0,Autumn,Large,22.3,0.0,7.6,1
2023-05-27,Madrid Barajas,72.04,79.15,15.65102041,12.09568151,3.555338897,96.75,Spain,5,5,1,Spring,Large,16.1,13.0,11.0,1
2024-11-04,Barcelona,18.43,20.97,120.0514905,105.804561,14.24692956,74.95,Spain,11,0,0,Autumn,Large,17.9,19.1,16.7,1
2025-03-09,Madrid Barajas,53.61,71.04,24.49750301,15.47167266,9.025830347,94.29,Spain,3,6,1,Spring,Large,6.1,7.7,16.1,1
2022-08-23,Madrid Barajas,79.26,84.15,11.33264887,7.412872629,3.919776242,96.28,Spain,8,1,0,Summer,Large,27.7,0.0,17.8,0
2022-12-30,Madrid Barajas,70.92,72.91,15.32612967,11.95288845,3.37324122,93.67,Spain,12,4,0,Winter,Large,10.8,0.0,20.9,1
2025-05-14,Madrid Barajas,66.2,73.58,20.17162872,14.84729419,5.324334536,93.65,Spain,5,2,0,Spring,Large,14.0,8.5,11.3,1
2026-01-29,Barcelona,77.27,83.21,12.88030303,10.66992481,2.210378218,97.6,Spain,1,3,0,Winter,Large,10.1,0.2,18.4,0
2024-12-27,Palma de Mallorca,66.12,73.33,20.08196721,16.01102564,4.070941572,92.65,Spain,12,4,0,Winter,Small,9.3,0.0,13.3,1
2024-03-18,Barcelona,43.45,59.29,27.27947598,19.7765118,7.502964183,97.11,Spain,3,0,0,Spring,Large,13.8,0.0,11.0,1
2023-09-10,Madrid Barajas,69.27,75.18,18.2420303,13.45437802,4.787652284,95.78,Spain,9,6,1,Autumn,Large,21.3,2.3,13.4,1
2024-01-27,Madrid Barajas,84.13,90.13,7.717391304,4.926498538,2.790892766,95.1,Spain,1,5,1,Winter,Large,10.1,0.0,9.7,0
2023-11-23,Barcelona,83.82,91.5,7.799019608,4.860558252,2.938461355,98.14,Spain,11,3,0,Autumn,Large,11.2,0.0,12.8,0
2022-06-25,Barcelona,46.63,55.68,27.86792453,25.82527027,2.042654258,91.47,Spain,6,5,1,Summer,Large,22.7,0.0,13.8,1
2023-11-28,Madrid Barajas,70.4,81.71,14.30343333,10.3545063,3.948927038,96.8,Spain,11,1,0,Autumn,Large,9.2,0.2,10.7,0
2024-02-19,Palma de Mallorca,91.45,92.11,5.368421053,4.762390351,0.606030702,97.08,Spain,2,0,0,Winter,Small,12.8,0.0,14.2,0
2022-02-15,Barcelona,86.98,93.46,6.659224806,3.146417445,3.512807361,93.85,Spain,2,1,0,Winter,Large,10.5,0.0,19.2,0
2024-09-11,Madrid Barajas,73.49,78.79,13.83447987,12.81217733,1.022302537,94.47,Spain,9,2,0,Autumn,Large,21.9,0.0,21.9,0
2023-11-02,Barcelona,56.77,59.14,24.78384798,26.73087886,-1.947030879,95.86,Spain,11,3,0,Autumn,Large,18.2,9.3,41.1,1
2025-06-26,Barcelona,56.96,70.79,25.46011132,16.83804619,8.622065125,95.16,Spain,6,3,0,Summer,Large,26.7,0.0,15.3,1
2025-09-13,Barcelona,39.43,50.94,37.9898374,32.86729037,5.122547031,96.72,Spain,9,5,1,Autumn,Large,21.3,22.7,14.3,1
2023-11-26,Palma de Mallorca,91.52,94.48,4.278787879,2.113701431,2.165086447,92.51,Spain,11,6,1,Autumn,Small,14.3,0.3,16.7,0
2024-11-23,Barcelona,75.0,82.4,14.40306122,10.89876701,3.504294218,97.82,Spain,11,5,1,Autumn,Large,13.9,1.5,18.2,0
2024-11-13,Palma de Mallorca,80.16,87.4,10.51865079,8.469291339,2.049359455,90.91,Spain,11,2,0,Autumn,Small,15.1,41.0,28.3,0
2026-02-13,Barcelona,48.5,62.48,26.37248836,21.78769128,4.584797073,95.44,Spain,2,4,0,Winter,Large,12.0,17.3,25.2,1
2023-12-21,Palma de Mallorca,78.71,79.22,12.00645161,12.83441558,-0.827963972,96.65,Spain,12,3,0,Winter,Small,11.4,0.0,25.0,0
2023-11-14,Madrid Barajas,69.23,80.12,12.40080972,8.386987705,4.013822012,95.02,Spain,11,1,0,Autumn,Large,11.8,0.0,8.4,0
2023-07-21,Madrid Barajas,63.57,72.38,20.62857143,14.96239471,5.666176723,94.93,Spain,7,4,0,Summer,Large,26.2,0.0,17.6,1
2025-10-07,Barcelona,78.52,86.36,10.84375,6.667687747,4.176062253,97.57,Spain,10,1,0,Autumn,Large,17.9,0.0,11.5,0
2025-04-12,Barcelona,52.9,68.13,24.48841632,16.54720475,7.941211569,96.64,Spain,4,5,1,Spring,Large,14.9,0.0,10.7,1
2025-02-23,Barcelona,78.18,84.84,10.72881356,8.315929825,2.412883735,97.94,Spain,2,6,1,Winter,Large,12.1,1.1,7.6,0
2024-11-15,Barcelona,78.75,85.57,12.15833333,9.046907216,3.111426117,98.19,Spain,11,4,0,Autumn,Large,14.4,0.0,15.7,0
2023-11-12,Palma de Mallorca,87.65,89.14,10.59411765,8.612857143,1.981260504,94.24,Spain,11,6,1,Autumn,Small,18.6,0.0,15.3,0
2025-11-13,Barcelona,78.15,88.35,11.50551876,8.967985348,2.537533416,97.26,Spain,11,3,0,Autumn,Large,17.3,1.5,25.4,0
2024-03-08,Madrid Barajas,66.43,75.18,15.90793369,14.32455986,1.583373829,94.92,Spain,3,4,0,Spring,Large,6.6,5.7,32.7,1
2023-09-02,Madrid Barajas,52.2,59.42,23.56596558,21.18080906,2.385156522,93.97,Spain,9,5,1,Autumn,Large,18.9,6.9,20.3,1
2023-06-19,Madrid Barajas,51.22,54.44,26.96644778,29.16605534,-2.199607561,91.75,Spain,6,0,0,Summer,Large,22.6,3.4,16.6,1
2024-11-23,Madrid Barajas,73.33,76.32,17.11428571,13.67384085,3.440444862,95.35,Spain,11,5,1,Autumn,Large,9.8,1.1,9.1,1
2026-04-03,Barcelona,53.6,74.54,24.74861368,14.30678439,10.44182929,95.46,Spain,4,4,0,Spring,Large,13.7,0.0,15.9,1
2026-04-18,Madrid Barajas,70.22,83.1,18.54905336,8.382758621,10.16629474,93.7,Spain,4,5,1,Spring,Large,20.4,0.0,11.4,1
2025-03-31,Palma de Mallorca,82.67,85.43,9.2,8.968598234,0.231401766,89.8,Spain,3,0,0,Spring,Small,14.5,0.0,12.4,0
2022-01-10,Madrid Barajas,86.22,90.38,9.219387755,7.404599156,1.814788599,89.5,Spain,1,0,0,Winter,Large,11.1,0.1,17.3,0
2025-08-31,Barcelona,61.52,66.67,20.63197026,16.9053407,3.72662956,96.14,Spain,8,6,1,Summer,Large,24.1,0.3,17.7,1
2022-06-26,Palma de Mallorca,32.1,35.02,45.36293303,41.34412442,4.018808601,89.71,Spain,6,6,1,Summer,Small,24.8,0.0,16.8,1
2022-07-26,Palma de Mallorca,55.63,65.09,23.43693694,18.49733483,4.939602102,94.79,Spain,7,1,0,Summer,Small,28.8,0.0,27.9,1
2024-05-27,Barcelona,51.97,68.7,21.56660413,16.13953704,5.427067091,97.5,Spain,5,0,0,Spring,Large,18.9,0.0,18.7,1
2025-12-16,Madrid Barajas,61.22,74.31,22.69120287,14.79715596,7.894046909,95.17,Spain,12,1,0,Winter,Large,8.1,11.6,14.8,1
2026-01-26,Madrid Barajas,70.76,76.98,14.12815884,11.39831185,2.729846997,94.23,Spain,1,0,0,Winter,Large,7.0,5.1,20.7,0
2022-12-18,Barcelona,74.57,75.87,14.05491329,16.86831395,-2.813400659,97.26,Spain,12,6,1,Winter,Large,9.8,0.0,12.2,0
2024-08-22,Madrid Barajas,60.38,79.83,19.79931389,10.93421652,8.865097369,95.09,Spain,8,3,0,Summer,Large,28.4,0.0,17.1,1
2025-03-02,Palma de Mallorca,79.26,84.21,9.968085106,8.434298246,1.533786861,93.52,Spain,3,6,1,Spring,Small,13.2,0.1,26.2,0
2024-01-27,Barcelona,88.34,91.64,9.033742331,8.745252838,0.288489493,92.22,Spain,1,5,1,Winter,Large,10.3,0.0,10.5,0
2024-07-24,Madrid Barajas,46.76,71.5,30.50582363,17.40677778,13.09904585,95.81,Spain,7,2,0,Summer,Large,31.5,0.0,19.7,1
2022-11-05,Barcelona,78.55,86.97,13.14592145,11.30838384,1.837537612,94.1,Spain,11,5,1,Autumn,Large,15.0,0.0,26.4,0
2026-02-21,Palma de Mallorca,83.89,81.92,8.833333333,9.514124294,-0.68079096,94.9,Spain,2,5,1,Winter,Small,10.8,0.0,10.4,0
2022-07-27,Palma de Mallorca,68.21,76.81,16.75328693,11.51553474,5.237752191,91.94,Spain,7,2,0,Summer,Small,27.2,0.0,17.4,1
2022-02-06,Palma de Mallorca,89.15,93.75,5.914728682,4.119270833,1.795457849,92.67,Spain,2,6,1,Winter,Small,11.7,0.3,13.7,0
2022-09-27,Madrid Barajas,81.41,83.79,11.55577299,8.855826823,2.699946171,95.1,Spain,9,1,0,Autumn,Large,15.6,0.0,12.2,0
2024-12-05,Madrid Barajas,59.22,77.13,21.74822695,11.19148936,10.55673759,93.44,Spain,12,3,0,Winter,Large,8.1,0.0,7.5,1
2022-11-07,Palma de Mallorca,84.31,90.85,6.888888889,4.641394336,2.247494553,95.24,Spain,11,0,0,Autumn,Small,17.5,0.0,11.5,0
2023-08-28,Palma de Mallorca,31.53,50.46,68.48941176,40.42797068,28.06144109,87.13,Spain,8,0,0,Summer,Small,22.6,0.0,24.1,1
2026-01-03,Madrid Barajas,63.74,71.01,21.24725275,17.78152905,3.465723695,95.76,Spain,1,5,1,Winter,Large,8.1,0.2,13.4,1
2022-01-20,Barcelona,93.37,91.84,3.852040816,5.917261905,-2.065221088,85.41,Spain,1,3,0,Winter,Large,7.4,0.0,13.8,0
2022-04-06,Madrid Barajas,86.26,87.29,7.670613108,7.692831921,-0.022218813,95.14,Spain,4,2,0,Spring,Large,8.7,0.0,13.0,0
2024-02-21,Palma de Mallorca,91.53,93.86,5.194915254,4.238450292,0.956464962,96.32,Spain,2,2,0,Winter,Small,12.0,0.0,15.6,0
2022-10-13,Madrid Barajas,83.2,84.8,9.267206478,8.933433333,0.333773144,95.68,Spain,10,3,0,Autumn,Large,17.1,0.0,10.6,0
2025-12-06,Madrid Barajas,73.81,86.03,13.86996337,6.427144608,7.442818762,95.19,Spain,12,5,1,Winter,Large,11.5,0.0,16.1,0
2022-05-15,Palma de Mallorca,67.61,76.94,17.23414739,12.58203753,4.652109853,93.26,Spain,5,6,1,Spring,Small,21.6,0.0,14.8,1
2023-03-15,Barcelona,62.1,67.05,20.48396501,17.5617001,2.922264919,97.75,Spain,3,2,0,Spring,Large,12.2,0.0,14.7,1
2024-12-12,Palma de Mallorca,71.9,81.15,16.0661157,12.34863388,3.717481823,90.71,Spain,12,3,0,Winter,Small,10.4,4.2,13.2,1
2024-04-01,Palma de Mallorca,72.0,76.07,18.79620513,16.66482618,2.131378952,93.35,Spain,4,0,0,Spring,Small,14.6,0.9,35.9,1
2026-01-21,Madrid Barajas,61.85,79.37,16.90751445,10.08510151,6.822412945,94.45,Spain,1,2,0,Winter,Large,3.3,12.7,16.6,1
2022-01-10,Palma de Mallorca,95.0,95.65,2.39,2.526449275,-0.136449275,85.16,Spain,1,0,0,Winter,Small,12.3,0.1,20.0,0
2026-02-12,Palma de Mallorca,63.71,66.93,25.26612903,28.13031496,-2.864185928,85.43,Spain,2,3,0,Winter,Small,16.9,0.0,41.1,1
2024-02-16,Barcelona,82.05,88.15,8.802045455,6.713477601,2.088567854,96.4,Spain,2,4,0,Winter,Large,13.1,1.8,14.7,0
2024-11-01,Madrid Barajas,55.39,73.82,21.95246801,13.03254545,8.919922553,93.27,Spain,11,4,0,Autumn,Large,14.4,18.3,10.2,1
2025-05-11,Palma de Mallorca,49.89,47.7,26.60496614,26.05069124,0.554274896,93.09,Spain,5,6,1,Spring,Small,17.7,7.9,11.2,1
2023-05-09,Madrid Barajas,79.1,82.9,12.64179104,9.489869888,3.151921156,94.84,Spain,5,1,0,Spring,Large,20.8,0.1,16.4,0
2023-07-19,Palma de Mallorca,62.69,70.44,22.26537896,18.00181481,4.26356414,94.93,Spain,7,2,0,Summer,Small,29.5,0.0,18.3,1
2023-08-06,Barcelona,48.45,68.42,25.60824707,16.4947031,9.113543963,97.79,Spain,8,6,1,Summer,Large,23.4,1.7,20.1,1
2022-07-23,Barcelona,59.95,67.33,20.81840796,16.20083126,4.617576705,91.5,Spain,7,5,1,Summer,Large,26.0,0.8,18.5,1
2023-07-29,Palma de Mallorca,45.59,52.17,36.17282886,31.35825487,4.814573998,90.49,Spain,7,5,1,Summer,Small,26.5,0.0,15.5,1
2023-05-29,Madrid Barajas,60.89,75.48,23.18317277,14.68796654,8.49520623,94.16,Spain,5,0,0,Spring,Large,16.6,0.9,12.3,1
2024-10-04,Palma de Mallorca,67.43,78.72,19.38268793,13.83321892,5.54946901,95.75,Spain,10,4,0,Autumn,Small,19.8,0.0,14.4,1
2025-09-12,Palma de Mallorca,56.64,66.52,23.01525054,17.98443497,5.030815577,94.23,Spain,9,4,0,Autumn,Small,24.1,0.8,13.2,1
2022-10-27,Madrid Barajas,78.9,83.53,12.93914807,10.6525463,2.286601777,96.75,Spain,10,3,0,Autumn,Large,16.6,0.0,10.2,0
2025-07-28,Palma de Mallorca,45.83,62.99,32.29166667,21.95873016,10.33293651,92.88,Spain,7,0,0,Summer,Small,24.7,1.8,23.0,1
2024-01-17,Barcelona,83.59,83.18,9.493188854,11.51422638,-2.021037521,90.43,Spain,1,2,0,Winter,Large,14.1,3.0,33.0,0
2025-07-09,Palma de Mallorca,61.65,77.94,20.68453608,13.48766323,7.196872852,93.33,Spain,7,2,0,Summer,Small,25.1,0.0,19.3,1
2026-01-12,Palma de Mallorca,89.76,87.7,4.527559055,4.909836066,-0.38227701,97.08,Spain,1,0,0,Winter,Small,11.7,0.0,18.7,0
2026-03-21,Madrid Barajas,80.94,86.33,10.55716878,7.682853717,2.874315067,93.08,Spain,3,5,1,Spring,Large,9.4,3.1,7.0,0
2023-06-02,Barcelona,63.27,75.41,18.18259023,14.15887978,4.023710452,95.52,Spain,6,4,0,Summer,Large,19.2,0.3,11.2,1
2026-04-19,Barcelona,72.13,80.67,15.41242938,11.0978005,4.314628883,97.32,Spain,4,6,1,Spring,Large,16.7,0.0,12.3,1
2024-11-28,Palma de Mallorca,89.63,86.96,7.251851852,6.760748792,0.49110306,92.76,Spain,11,3,0,Autumn,Small,13.5,0.0,8.3,0
2024-05-29,Barcelona,69.65,83.27,16.96108949,11.21751969,5.743569809,95.45,Spain,5,2,0,Spring,Large,19.0,0.0,15.6,1
2023-10-31,Barcelona,80.55,85.96,9.70074813,9.94122807,-0.24047994,97.63,Spain,10,1,0,Autumn,Large,16.5,0.0,18.4,0
2025-04-11,Madrid Barajas,62.14,72.44,20.52596315,16.41988796,4.106075194,93.77,Spain,4,4,0,Spring,Large,12.5,3.9,16.1,1
2022-07-18,Palma de Mallorca,60.98,66.12,20.66471963,17.64840343,3.016316199,92.37,Spain,7,0,0,Summer,Small,28.5,0.0,19.9,1
2026-03-05,Palma de Mallorca,79.38,81.99,9.7625,8.776086957,0.986413043,95.08,Spain,3,3,0,Spring,Small,14.1,21.1,25.4,0
2024-01-22,Barcelona,83.46,87.24,9.368518519,7.572786458,1.79573206,91.61,Spain,1,0,0,Winter,Large,8.4,0.0,19.8,0
2025-12-27,Barcelona,40.95,55.5,37.08144796,29.42224771,7.659200257,96.98,Spain,12,5,1,Winter,Large,11.6,50.6,33.5,1
2025-02-08,Madrid Barajas,81.85,91.36,10.13127413,4.322904671,5.808369461,95.27,Spain,2,5,1,Winter,Large,5.6,0.0,13.0,0
2025-01-03,Palma de Mallorca,77.05,83.87,12.05464481,9.612275986,2.442368823,90.7,Spain,1,4,0,Winter,Small,12.6,0.0,14.5,0
2023-03-01,Palma de Mallorca,88.06,87.32,7.578109453,8.725704225,-1.147594773,88.82,Spain,3,2,0,Spring,Small,8.2,0.0,15.5,0
2025-12-07,Barcelona,89.48,90.46,7.283261803,6.580983369,0.702278433,97.93,Spain,12,6,1,Winter,Large,12.7,0.0,12.9,0
2024-04-13,Barcelona,77.35,88.53,11.14874142,5.603058104,5.545683315,96.54,Spain,4,5,1,Spring,Large,16.9,0.0,8.4,0
2024-03-22,Barcelona,75.11,85.77,12.89957806,8.466666667,4.432911392,98.16,Spain,3,4,0,Spring,Large,15.3,0.0,11.8,0
2024-09-21,Barcelona,54.37,68.76,23.90191898,16.27762111,7.624297863,96.36,Spain,9,5,1,Autumn,Large,20.0,4.1,19.1,1
2026-05-21,Madrid Barajas,70.91,78.88,16.21939587,12.11106667,4.1083292,94.02,Spain,5,3,0,Spring,Large,22.7,0.0,9.1,1
2026-03-11,Madrid Barajas,81.59,90.18,11.40613718,5.871666667,5.534470517,91.72,Spain,3,2,0,Spring,Large,9.3,0.0,5.8,0
2022-08-03,Barcelona,77.14,82.11,11.90404157,10.62431193,1.279729644,95.48,Spain,8,2,0,Summer,Large,27.0,0.0,16.1,0
2026-03-04,Madrid Barajas,79.85,86.08,12.23926195,8.617185592,3.622076356,92.75,Spain,3,2,0,Spring,Large,11.3,0.6,13.3,0
2023-12-24,Madrid Barajas,81.9,89.85,8.966063348,5.422642189,3.54342116,93.17,Spain,12,6,1,Winter,Large,3.7,0.0,9.4,0
2023-11-25,Barcelona,87.36,88.33,6.359550562,8.064861111,-1.705310549,97.32,Spain,11,5,1,Autumn,Large,12.5,0.0,13.1,0
2022-12-24,Madrid Barajas,77.42,81.84,10.70223325,14.04944969,-3.347216435,96.94,Spain,12,5,1,Winter,Large,8.9,0.0,9.6,0
2024-04-11,Barcelona,80.86,90.04,8.990234375,6.034928385,2.95530599,97.38,Spain,4,3,0,Spring,Large,13.5,0.0,15.2,0
2024-04-23,Palma de Mallorca,80.75,87.15,10.40993789,9.10031348,1.309624409,94.1,Spain,4,1,0,Spring,Small,10.7,4.0,14.6,0
2022-05-13,Madrid Barajas,78.97,85.21,11.77579365,8.410311284,3.365482367,95.93,Spain,5,4,0,Spring,Large,20.7,0.0,7.9,0
2025-07-22,Madrid Barajas,66.78,84.05,17.72881356,10.04962836,7.6791852,95.25,Spain,7,1,0,Summer,Large,26.0,0.0,13.0,1
2024-03-16,Madrid Barajas,76.12,81.96,12.91456311,7.937679739,4.976883368,95.67,Spain,3,5,1,Spring,Large,11.5,0.0,11.7,0
2026-03-11,Palma de Mallorca,88.97,94.59,5.482758621,2.689189189,2.793569432,92.81,Spain,3,2,0,Spring,Small,14.2,7.7,13.5,0
2022-07-16,Barcelona,67.72,72.52,20.78572006,17.64117162,3.144548448,94.68,Spain,7,5,1,Summer,Large,26.3,0.0,12.6,1
2025-01-07,Palma de Mallorca,82.22,82.22,16.22222222,12.57469136,3.647530864,97.32,Spain,1,1,0,Winter,Small,12.8,1.6,21.5,1
2024-12-25,Madrid Barajas,88.68,94.9,6.561200924,3.865291262,2.695909662,94.06,Spain,12,2,0,Winter,Large,7.7,0.0,12.3,0
2024-12-23,Palma de Mallorca,84.66,85.63,7.806818182,6.310727969,1.496090212,94.92,Spain,12,0,0,Winter,Small,12.1,0.6,41.0,0
2025-11-28,Madrid Barajas,67.39,83.77,20.08485857,10.1442623,9.940596274,94.74,Spain,11,4,0,Autumn,Large,5.3,0.0,6.8,1
2022-04-08,Madrid Barajas,71.01,69.06,17.31383713,17.41714481,-0.10330768,95.38,Spain,4,4,0,Spring,Large,10.7,0.0,18.7,1
2025-03-21,Barcelona,37.76,35.86,35.24472574,36.1371308,-0.892405063,93.46,Spain,3,4,0,Spring,Large,14.1,6.1,27.5,1
2026-02-19,Barcelona,78.97,85.08,10.44519016,9.097587231,1.347602926,96.23,Spain,2,3,0,Winter,Large,13.3,0.0,27.6,0
2025-12-19,Barcelona,67.12,78.5,17.03696498,12.73634037,4.300624609,96.7,Spain,12,4,0,Winter,Large,10.9,1.2,11.1,1
2022-03-10,Barcelona,91.69,92.83,5.604651163,4.417589577,1.187061586,96.87,Spain,3,3,0,Spring,Large,10.8,0.9,19.8,0
2023-07-23,Barcelona,61.15,69.18,22.10419223,18.72829932,3.375892909,96.71,Spain,7,6,1,Summer,Large,26.0,0.0,14.5,1
2026-05-18,Barcelona,68.01,83.51,14.17482517,7.75177305,6.423052125,97.35,Spain,5,0,0,Spring,Large,16.6,4.5,11.6,0
2022-04-07,Barcelona,73.93,78.45,12.78437761,11.34578112,1.438596491,96.47,Spain,4,3,0,Spring,Large,13.0,0.0,28.7,0
2023-05-11,Palma de Mallorca,87.09,84.64,7.27027027,8.628162651,-1.35789238,95.54,Spain,5,3,0,Spring,Small,16.6,1.9,13.7,0
2022-05-20,Barcelona,62.33,69.18,20.50660793,18.35962644,2.146981493,94.35,Spain,5,4,0,Spring,Large,20.8,0.0,11.2,1
2025-01-21,Barcelona,80.58,84.92,11.63430421,10.15945355,1.474850655,93.53,Spain,1,1,0,Winter,Large,8.7,0.1,8.9,0
2024-12-31,Barcelona,74.94,82.41,11.06976744,8.208836395,2.860931046,98.25,Spain,12,1,0,Winter,Large,7.2,0.0,11.3,0
2023-07-20,Madrid Barajas,61.52,73.2,19.0212766,14.78514302,4.236133572,95.67,Spain,7,3,0,Summer,Large,28.8,0.0,23.6,1
2023-01-12,Palma de Mallorca,90.08,90.24,6.950413223,7.677100271,-0.726687048,94.62,Spain,1,3,0,Winter,Small,12.4,0.0,15.0,0
2026-04-14,Barcelona,83.93,89.64,8.708245243,5.808527132,2.899718111,94.37,Spain,4,1,0,Spring,Large,12.9,0.1,16.9,0
2022-07-11,Palma de Mallorca,54.78,64.54,30.87412587,21.68743105,9.186694826,91.92,Spain,7,0,0,Summer,Small,26.7,0.0,18.4,1
2026-02-28,Barcelona,83.01,89.39,8.689320388,6.08211478,2.607205608,93.53,Spain,2,5,1,Winter,Large,11.8,0.5,15.7,0
2023-04-09,Barcelona,81.53,87.78,9.756756757,6.660784314,3.095972443,97.6,Spain,4,6,1,Spring,Large,12.9,0.0,17.2,0
2023-08-13,Madrid Barajas,75.61,86.54,13.5478424,8.162616822,5.385225579,96.26,Spain,8,6,1,Summer,Large,29.7,0.0,19.2,0
2025-01-08,Barcelona,79.66,85.63,10.45845272,9.300670498,1.157782224,97.28,Spain,1,2,0,Winter,Large,12.8,0.0,19.3,0
2022-11-07,Madrid Barajas,74.36,81.19,15.11364234,10.37181518,4.741827159,93.75,Spain,11,0,0,Autumn,Large,10.4,0.0,8.1,1
2023-08-18,Barcelona,64.9,77.19,18.65918367,16.36093007,2.298253599,97.46,Spain,8,4,0,Summer,Large,26.3,0.0,15.6,1
2023-09-18,Barcelona,57.41,69.33,19.91346555,15.97538515,3.938080399,96.67,Spain,9,0,0,Autumn,Large,24.7,0.1,21.3,1
2023-03-27,Barcelona,56.27,64.74,23.86904177,19.67846348,4.190578293,87.14,Spain,3,0,0,Spring,Large,14.6,0.0,24.6,1
2023-06-07,Palma de Mallorca,65.9,74.35,20.85384615,17.85621762,2.997628537,95.07,Spain,6,2,0,Summer,Small,20.8,0.1,10.9,1
2022-06-09,Palma de Mallorca,71.28,80.36,17.49590949,13.00267011,4.493239375,95.86,Spain,6,3,0,Summer,Small,23.2,0.3,18.2,1
2025-03-19,Barcelona,86.6,90.14,7.66507177,5.946594551,1.718477219,98.39,Spain,3,2,0,Spring,Large,12.8,17.8,24.4,0
2024-04-18,Barcelona,69.38,76.74,16.90656064,13.25715706,3.649403579,96.61,Spain,4,3,0,Spring,Large,13.4,1.6,23.1,1
2022-10-24,Madrid Barajas,68.47,73.54,17.72527402,13.21932555,4.505948466,96.01,Spain,10,0,0,Autumn,Large,14.3,0.0,13.9,1
2022-07-08,Palma de Mallorca,60.8,71.83,20.04940609,15.4353405,4.614065586,91.33,Spain,7,4,0,Summer,Small,26.4,0.0,18.6,1
2022-08-01,Madrid Barajas,71.26,82.35,16.54174757,9.446078431,7.095669141,94.16,Spain,8,0,0,Summer,Large,30.7,0.0,14.3,1
2022-05-31,Barcelona,76.0,79.44,13.394375,11.68439086,1.709984137,96.96,Spain,5,1,0,Spring,Large,19.3,0.0,10.5,0
2022-10-16,Madrid Barajas,80.0,80.28,12.13673139,13.69843958,-1.561708183,95.5,Spain,10,6,1,Autumn,Large,17.8,0.0,14.1,0
2024-03-21,Barcelona,75.47,84.54,12.24766355,9.151912568,3.095750983,98.43,Spain,3,3,0,Spring,Large,14.3,0.0,14.4,0
2024-07-09,Madrid Barajas,61.86,72.87,18.69423729,14.0778157,4.616421588,96.33,Spain,7,1,0,Summer,Large,25.0,0.0,17.9,1
2022-12-16,Madrid Barajas,63.29,64.31,20.47418738,19.27313725,1.201050126,90.79,Spain,12,4,0,Winter,Large,7.4,0.6,9.0,1
2022-08-14,Madrid Barajas,75.46,78.23,15.23326572,14.11759069,1.115675029,95.62,Spain,8,6,1,Summer,Large,24.4,0.0,20.0,1
2023-04-03,Barcelona,64.97,74.66,17.63858093,15.12630792,2.512273009,97.66,Spain,4,0,0,Spring,Large,13.3,0.0,21.0,1
2023-08-11,Palma de Mallorca,69.7,77.66,16.31903249,13.41565762,2.903374866,95.47,Spain,8,4,0,Summer,Small,27.9,0.0,24.0,1
2023-09-23,Palma de Mallorca,72.82,79.66,14.12738854,10.36568833,3.761700205,94.48,Spain,9,5,1,Autumn,Small,21.1,0.0,12.9,0
2025-11-25,Madrid Barajas,78.65,89.25,11.3988764,5.737767296,5.661109109,95.55,Spain,11,1,0,Autumn,Large,7.8,0.0,20.6,0
2022-03-08,Palma de Mallorca,92.56,96.46,4.090909091,2.636873156,1.454035935,92.41,Spain,3,1,0,Spring,Small,10.3,0.0,14.2,0
2026-01-19,Barcelona,78.68,84.06,11.25,11.46074879,-0.210748792,96.01,Spain,1,0,0,Winter,Large,11.0,3.2,20.9,0
2022-08-28,Barcelona,76.05,79.82,13.94586105,12.78251121,1.163349839,96.65,Spain,8,6,1,Summer,Large,25.1,0.0,20.0,0
2025-07-27,Palma de Mallorca,45.18,70.02,31.80718336,20.51411992,11.29306344,91.96,Spain,7,6,1,Summer,Small,25.0,0.0,18.6,1
2024-09-20,Palma de Mallorca,55.97,65.95,24.15929204,19.643005,4.516287039,93.57,Spain,9,4,0,Autumn,Small,21.1,0.9,14.0,1
2022-11-25,Palma de Mallorca,79.87,86.18,8.802237136,6.074232456,2.72800468,93.49,Spain,11,4,0,Autumn,Small,16.6,0.2,23.7,0
2024-04-17,Palma de Mallorca,86.08,88.41,10.11326861,7.157891832,2.955376776,95.45,Spain,4,2,0,Spring,Small,14.9,2.2,21.5,0
2025-09-05,Madrid Barajas,72.05,82.13,14.73182553,10.41956284,4.312262684,97.08,Spain,9,4,0,Autumn,Large,23.6,0.0,19.2,0
2022-07-05,Madrid Barajas,63.16,74.9,18.94952767,15.31404382,3.635483841,92.32,Spain,7,1,0,Summer,Large,27.3,0.0,16.6,1
2022-10-21,Palma de Mallorca,67.03,65.45,18.87747502,17.81809524,1.059379785,95.07,Spain,10,4,0,Autumn,Small,22.8,0.0,16.5,1
2023-01-19,Palma de Mallorca,78.05,84.68,12.02249322,15.74744624,-3.724953012,94.85,Spain,1,3,0,Winter,Small,10.4,0.3,34.8,0
2024-10-15,Barcelona,65.97,75.88,16.29018789,12.58914089,3.701046998,97.43,Spain,10,1,0,Autumn,Large,20.4,9.7,23.0,1
2022-06-28,Madrid Barajas,54.96,67.06,26.04761905,17.48144899,8.566170055,93.01,Spain,6,1,0,Summer,Large,22.4,0.0,16.1,1
2026-03-09,Palma de Mallorca,80.68,86.86,9.704545455,6.434285714,3.27025974,94.3,Spain,3,0,0,Spring,Small,11.9,2.5,10.9,0
2023-06-23,Madrid Barajas,64.58,77.31,20.53936039,15.54916974,4.990190652,93.01,Spain,6,4,0,Summer,Large,24.3,0.0,13.2,1
2024-07-14,Palma de Mallorca,58.32,71.19,22.03343353,18.32630316,3.707130379,90.05,Spain,7,6,1,Summer,Small,24.4,0.0,14.9,1
2022-09-23,Madrid Barajas,71.1,77.12,14.71292776,13.04326923,1.669658526,95.21,Spain,9,4,0,Autumn,Large,21.1,0.0,12.1,0
2024-03-11,Barcelona,79.01,84.42,10.1527088,9.119902182,1.032806622,95.97,Spain,3,0,0,Spring,Large,12.7,0.0,22.3,0
2024-02-27,Palma de Mallorca,87.29,91.23,7.347457627,4.665643275,2.681814352,94.89,Spain,2,1,0,Winter,Small,11.3,0.4,21.1,0
2023-10-27,Palma de Mallorca,62.44,65.39,19.14736615,18.8966497,0.250716445,94.59,Spain,10,4,0,Autumn,Small,21.1,0.0,35.4,1
2022-01-07,Madrid Barajas,84.84,90.15,8.26405868,5.801272578,2.462786102,95.06,Spain,1,4,0,Winter,Large,3.9,0.0,19.2,0
2024-06-16,Madrid Barajas,64.67,75.31,17.18590623,12.20531232,4.980593915,96.43,Spain,6,6,1,Summer,Large,20.9,0.0,13.7,1
2026-02-22,Barcelona,81.56,90.51,9.094188377,4.597979798,4.496208579,95.31,Spain,2,6,1,Winter,Large,12.0,0.0,9.9,0
2023-04-29,Palma de Mallorca,68.53,69.69,13.25866667,14.39097582,-1.132309154,93.46,Spain,4,5,1,Spring,Small,21.5,0.0,16.3,0
2022-01-12,Palma de Mallorca,97.26,98.59,2.301369863,0.849765258,1.451604605,81.91,Spain,1,2,0,Winter,Small,9.2,0.0,20.9,0
2024-12-08,Madrid Barajas,67.55,76.92,16.40388007,12.35083482,4.053045246,92.26,Spain,12,6,1,Winter,Large,5.4,0.1,13.8,1
2022-04-10,Barcelona,73.36,79.63,15.16218847,11.05120999,4.110978481,96.9,Spain,4,6,1,Spring,Large,12.4,0.0,14.8,1
2023-08-01,Palma de Mallorca,71.3,73.07,19.23916667,16.58903606,2.650130611,93.61,Spain,8,1,0,Summer,Small,28.1,0.3,17.4,1
2026-05-12,Madrid Barajas,67.22,76.31,16.28762542,11.25135364,5.03627178,93.17,Spain,5,1,0,Spring,Large,12.5,6.7,17.0,1
2026-03-10,Palma de Mallorca,89.61,89.87,6.512987013,4.721518987,1.791468026,96.39,Spain,3,1,0,Spring,Small,12.7,0.8,12.8,0
2022-07-11,Barcelona,52.81,67.03,24.77344877,20.39219089,4.381257884,94.69,Spain,7,0,0,Summer,Large,24.5,0.0,15.2,1
2024-02-16,Palma de Mallorca,81.82,87.58,8.533333333,5.789130435,2.744202899,97.81,Spain,2,4,0,Winter,Small,13.9,0.5,18.0,0
2022-09-14,Madrid Barajas,74.95,72.83,14.57848426,14.80921644,-0.230732177,95.33,Spain,9,2,0,Autumn,Large,18.6,1.4,17.1,0
2024-08-27,Madrid Barajas,73.03,83.78,13.91441915,8.830897207,5.08352194,95.86,Spain,8,1,0,Summer,Large,27.9,0.0,15.2,0
2022-05-28,Madrid Barajas,84.39,85.1,10.1052391,8.5312455,1.573993599,95.83,Spain,5,5,1,Spring,Large,23.1,0.0,14.8,0
2023-06-23,Palma de Mallorca,61.59,64.79,21.18181818,19.82716328,1.354654901,91.9,Spain,6,4,0,Summer,Small,25.5,0.0,21.0,1
2023-08-05,Madrid Barajas,74.25,79.6,16.39121756,14.37036667,2.020850898,96.38,Spain,8,5,1,Summer,Large,23.7,0.0,14.0,1
2023-08-14,Palma de Mallorca,62.81,71.78,17.81179138,13.86181339,3.94997799,94.69,Spain,8,0,0,Summer,Small,27.9,0.0,19.5,1
2026-01-25,Palma de Mallorca,81.16,83.97,10.25120773,8.595038168,1.656169562,98.63,Spain,1,6,1,Winter,Small,12.6,0.3,35.0,0
2024-12-09,Barcelona,69.43,83.37,14.82700146,8.853917221,5.973084235,97.49,Spain,12,0,0,Winter,Large,9.6,0.3,24.6,0
2025-05-20,Madrid Barajas,79.93,88.77,11.21302817,6.481283422,4.731744747,94.61,Spain,5,1,0,Spring,Large,16.7,0.0,16.1,0
2022-07-13,Palma de Mallorca,64.32,76.78,20.83034091,14.82390805,6.006432863,92.34,Spain,7,2,0,Summer,Small,27.3,0.0,16.9,1
2024-08-19,Madrid Barajas,62.68,74.51,19.83283451,16.87737463,2.955459876,95.43,Spain,8,0,0,Summer,Large,26.6,0.0,18.6,1
2025-12-08,Barcelona,77.2,86.64,13.15899582,9.49763396,3.661361856,96.81,Spain,12,0,0,Winter,Large,12.2,0.0,10.6,0
2025-06-24,Barcelona,72.17,81.98,16.74950298,10.13594059,6.613562388,95.03,Spain,6,1,0,Summer,Large,27.1,0.0,16.0,1
2026-05-12,Barcelona,63.56,61.02,22.63168317,24.08697507,-1.455291897,95.62,Spain,5,1,0,Spring,Large,17.0,1.9,16.6,1
2025-08-06,Palma de Mallorca,58.32,72.63,22.99794661,16.0446845,6.953262113,94.03,Spain,8,2,0,Summer,Small,26.0,0.0,16.3,1
2022-09-12,Palma de Mallorca,67.18,69.31,19.3307888,18.75588235,0.574906451,93.47,Spain,9,0,0,Autumn,Small,28.0,0.0,17.2,1
2024-08-21,Palma de Mallorca,70.32,79.55,16.61094737,12.20148072,4.409466652,95.31,Spain,8,2,0,Summer,Small,25.0,0.0,17.7,1
2023-08-29,Palma de Mallorca,61.32,65.89,34.61183176,31.59141531,3.020416448,94.0,Spain,8,1,0,Summer,Small,23.6,0.1,24.4,1
2025-04-20,Palma de Mallorca,80.71,90.34,10.67258883,6.495300261,4.177288571,92.84,Spain,4,6,1,Spring,Small,15.8,1.4,20.6,0
2023-05-25,Palma de Mallorca,47.25,43.87,35.29120879,36.21898274,-0.927773952,94.88,Spain,5,3,0,Spring,Small,18.6,6.5,18.7,1
2024-05-10,Madrid Barajas,77.01,86.22,11.88087248,8.176918768,3.703953716,95.45,Spain,5,4,0,Spring,Large,19.2,0.0,9.9,0
2023-04-11,Palma de Mallorca,77.88,87.25,10.03525641,8.043137255,1.992119155,94.75,Spain,4,1,0,Spring,Small,15.1,0.0,13.2,0
2022-06-16,Barcelona,62.76,72.79,24.32413793,17.675,6.649137931,95.72,Spain,6,3,0,Summer,Large,25.6,0.0,14.6,1
2024-01-30,Madrid Barajas,86.89,94.68,8.850669486,2.997588652,5.853080833,94.47,Spain,1,1,0,Winter,Large,7.7,0.0,5.1,0
2026-01-07,Madrid Barajas,70.73,75.15,16.72298625,15.25603392,1.466952327,93.47,Spain,1,2,0,Winter,Large,0.2,0.0,4.9,1
2025-10-06,Barcelona,77.04,86.16,12.5962963,9.29200492,3.304291376,97.05,Spain,10,0,0,Autumn,Large,17.7,0.0,15.4,0
2026-04-27,Palma de Mallorca,87.64,92.07,7.558988764,5.709301228,1.849687536,94.12,Spain,4,0,0,Spring,Small,15.8,0.0,14.6,0
2023-02-27,Barcelona,73.67,81.36,13.35189873,8.642527288,4.709371446,94.52,Spain,2,0,0,Winter,Large,5.2,10.0,16.3,0
2022-04-06,Barcelona,83.33,87.91,9.765470085,7.782745592,1.982724494,96.38,Spain,4,2,0,Spring,Large,11.0,0.0,17.1,0
2026-04-04,Madrid Barajas,76.13,85.29,12.78397213,7.296741638,5.487230488,89.06,Spain,4,5,1,Spring,Large,15.6,0.0,9.3,0
2025-03-27,Barcelona,78.22,86.68,12.07777778,8.75345706,3.324320718,97.45,Spain,3,3,0,Spring,Large,12.3,0.0,11.2,0
2025-05-13,Madrid Barajas,83.71,88.81,11.4028021,7.523222611,3.879579491,94.51,Spain,5,1,0,Spring,Large,13.7,0.1,9.4,0
2023-12-05,Madrid Barajas,69.47,85.54,14.08219178,13.4789769,0.603214883,97.96,Spain,12,1,0,Winter,Large,5.5,0.0,16.0,0
2024-04-02,Palma de Mallorca,77.27,85.1,14.1461039,12.48945916,1.656644735,90.49,Spain,4,1,0,Spring,Small,15.0,0.0,20.1,0
2022-03-22,Barcelona,87.5,91.61,8.893382353,7.129744526,1.763637827,96.21,Spain,3,1,0,Spring,Large,11.4,3.2,26.0,0
2024-03-14,Barcelona,72.55,82.62,12.97669053,7.686071429,5.290619104,94.6,Spain,3,3,0,Spring,Large,11.7,0.0,21.4,0
2022-01-25,Madrid Barajas,94.75,91.21,5.462962963,6.261161616,-0.798198653,89.97,Spain,1,1,0,Winter,Large,5.0,0.1,9.2,0
2025-05-19,Palma de Mallorca,60.55,73.33,20.36180905,14.41282051,5.948988532,93.24,Spain,5,0,0,Spring,Small,20.3,0.2,27.8,1
2024-12-01,Madrid Barajas,70.15,81.83,14.32761578,8.543209877,5.784405904,95.54,Spain,12,6,1,Winter,Large,8.5,0.5,7.4,0
2026-05-03,Barcelona,59.17,77.44,21.14748201,12.40863418,8.738847839,98.1,Spain,5,6,1,Spring,Large,16.8,1.0,12.4,1
2025-04-07,Barcelona,76.41,82.62,11.54883041,7.463378906,4.085451503,96.67,Spain,4,0,0,Spring,Large,14.9,0.0,13.6,0
2026-01-14,Madrid Barajas,78.83,83.91,12.07378641,9.881653747,2.192132661,95.32,Spain,1,2,0,Winter,Large,7.8,6.3,9.1,0
2025-12-02,Madrid Barajas,70.06,85.12,14.0702403,8.369334589,5.700905707,95.03,Spain,12,1,0,Winter,Large,4.4,1.6,10.7,0
2022-06-02,Barcelona,63.91,69.53,19.15272031,17.25984496,1.892875345,95.14,Spain,6,3,0,Summer,Large,20.4,0.0,10.5,1
2026-04-18,Palma de Mallorca,84.69,90.72,7.464285714,4.279467354,3.18481836,94.09,Spain,4,5,1,Spring,Small,16.3,0.0,14.1,0
2024-02-20,Madrid Barajas,86.03,92.45,10.35020243,4.045646259,6.304556171,91.35,Spain,2,1,0,Winter,Large,9.6,0.0,11.2,0
2025-08-08,Palma de Mallorca,64.08,73.83,16.45306122,11.55057471,4.902486512,92.82,Spain,8,4,0,Summer,Small,27.2,0.0,16.1,1
2024-06-29,Madrid Barajas,47.54,55.54,32.08705986,29.5003222,2.586737656,94.94,Spain,6,5,1,Summer,Large,19.9,2.6,19.0,1
2025-08-03,Palma de Mallorca,57.17,76.45,21.45660377,15.76322394,5.693379835,93.1,Spain,8,6,1,Summer,Small,25.7,0.0,14.0,1
2025-08-06,Madrid Barajas,61.68,79.2,20.42439863,11.8548238,8.569574824,95.67,Spain,8,2,0,Summer,Large,30.6,0.0,26.2,1
2025-08-14,Barcelona,66.24,80.33,16.84124088,11.76187007,5.079370809,97.55,Spain,8,3,0,Summer,Large,27.9,0.0,14.0,1
2024-11-10,Barcelona,83.3,89.15,9.284796574,6.537997108,2.746799466,98.13,Spain,11,6,1,Autumn,Large,15.9,0.1,16.8,0
2022-01-22,Madrid Barajas,92.01,93.31,5.860946746,3.893120155,1.967826591,90.81,Spain,1,5,1,Winter,Large,2.2,0.0,15.2,0
2023-08-08,Palma de Mallorca,72.12,82.65,16.12119816,10.27442922,5.846768933,95.41,Spain,8,1,0,Summer,Small,24.5,0.0,17.4,1
2024-12-20,Madrid Barajas,66.83,79.25,15.57723577,11.42788671,4.149349062,94.58,Spain,12,4,0,Winter,Large,5.5,0.0,18.2,1
2024-07-26,Barcelona,54.68,72.16,24.69024857,18.05776515,6.632483414,97.51,Spain,7,4,0,Summer,Large,25.1,0.0,12.5,1
2025-12-10,Palma de Mallorca,85.59,87.93,10.40540541,6.760201149,3.645204256,95.24,Spain,12,2,0,Winter,Small,13.0,0.0,7.8,0
2022-10-12,Palma de Mallorca,79.48,79.02,12.58078035,11.33568008,1.24510027,94.67,Spain,10,2,0,Autumn,Small,19.9,0.7,23.8,0
2025-11-08,Barcelona,83.25,92.89,8.445812808,4.619934641,3.825878167,96.23,Spain,11,5,1,Autumn,Large,13.3,3.9,12.2,0
2022-02-01,Barcelona,94.71,92.31,3.572115385,3.736458333,-0.164342949,91.95,Spain,2,1,0,Winter,Large,9.9,1.6,14.1,0
2026-03-31,Madrid Barajas,72.37,83.02,13.91186441,8.476529445,5.435334961,89.31,Spain,3,1,0,Spring,Large,13.6,0.0,26.3,0
2024-03-09,Barcelona,73.7,76.64,13.54739583,12.71478565,0.832610182,98.72,Spain,3,5,1,Spring,Large,12.3,25.5,39.3,0
2023-05-01,Madrid Barajas,61.82,71.66,21.21212121,14.72936345,6.482757762,88.97,Spain,5,0,0,Spring,Large,18.5,0.0,15.3,1
2025-02-18,Barcelona,86.28,87.88,10.79301746,8.491666667,2.30135079,97.16,Spain,2,1,0,Winter,Large,11.8,0.4,8.3,0
2022-05-01,Madrid Barajas,89.37,89.04,8.58329718,5.69541387,2.88788331,95.03,Spain,5,6,1,Spring,Large,17.1,0.0,11.5,0
2024-09-26,Barcelona,46.3,53.87,28.73148148,26.66995695,2.061524532,96.56,Spain,9,3,0,Autumn,Large,23.5,0.0,23.0,1
2022-11-06,Barcelona,70.25,78.55,14.2459596,13.39057567,0.855383923,98.66,Spain,11,6,1,Autumn,Large,14.7,0.0,16.3,0
2023-12-10,Madrid Barajas,60.23,67.04,20.57223265,18.3095679,2.262664744,93.97,Spain,12,6,1,Winter,Large,10.7,0.4,11.0,1
2026-03-19,Barcelona,76.02,87.12,11.15417559,6.437267525,4.716908064,97.93,Spain,3,3,0,Spring,Large,12.7,0.6,23.1,0
2025-10-17,Palma de Mallorca,67.38,74.72,16.37352246,12.87220957,3.501312891,95.37,Spain,10,4,0,Autumn,Small,18.2,1.3,9.4,1
2023-06-12,Barcelona,63.74,73.2,18.47972973,14.25942192,4.220307808,97.24,Spain,6,0,0,Summer,Large,23.0,0.3,13.4,1
2024-07-23,Palma de Mallorca,53.16,66.67,27.19198312,20.50028129,6.691701828,92.75,Spain,7,1,0,Summer,Small,25.2,0.0,19.6,1
2022-04-29,Madrid Barajas,85.86,86.86,9.491325137,8.132854209,1.358470927,95.27,Spain,4,4,0,Spring,Large,15.0,0.0,13.2,0
2024-09-17,Madrid Barajas,71.65,83.11,14.07277872,8.929307432,5.143471289,96.03,Spain,9,1,0,Autumn,Large,20.1,0.0,18.6,0
2022-10-06,Palma de Mallorca,66.28,60.73,20.15835777,20.56553672,-0.407178952,90.51,Spain,10,3,0,Autumn,Small,20.5,5.9,21.0,1
2023-01-14,Barcelona,84.74,87.81,8.62305296,6.6075,2.01555296,96.46,Spain,1,5,1,Winter,Large,9.5,0.0,21.5,0
2023-05-11,Barcelona,75.76,79.27,12.83766234,10.1386969,2.698965433,98.53,Spain,5,3,0,Spring,Large,16.2,3.9,24.9,0
2022-04-05,Madrid Barajas,85.81,86.7,8.347780204,6.919807834,1.427972369,91.94,Spain,4,1,0,Spring,Large,5.8,0.0,15.6,0
2022-07-04,Barcelona,57.92,65.78,23.4208243,18.25717439,5.163649902,96.83,Spain,7,0,0,Summer,Large,24.7,0.0,15.1,1
2022-07-25,Barcelona,69.58,70.09,14.90371991,14.54326637,0.360453543,94.6,Spain,7,0,0,Summer,Large,25.4,0.0,19.4,0
2023-02-15,Barcelona,82.85,85.17,8.968023256,7.17621124,1.791812016,96.45,Spain,2,2,0,Winter,Large,8.3,0.0,11.3,0
2023-09-03,Madrid Barajas,44.78,53.2,32.36940299,27.19871554,5.170687446,94.26,Spain,9,6,1,Autumn,Large,18.3,36.0,18.7,1
2024-06-28,Madrid Barajas,49.92,57.35,31.19800333,27.90885076,3.289152565,94.98,Spain,6,4,0,Summer,Large,23.5,1.3,18.5,1
2026-03-27,Madrid Barajas,74.1,81.75,13.97174254,8.780967239,5.190775304,94.86,Spain,3,4,0,Spring,Large,10.5,0.0,20.3,0
2022-08-20,Palma de Mallorca,40.57,44.29,34.37704918,31.41095238,2.966096799,94.03,Spain,8,5,1,Summer,Small,25.3,0.0,17.1,1
2022-01-03,Madrid Barajas,84.34,87.86,10.18554217,6.746349206,3.439192962,94.26,Spain,1,0,0,Winter,Large,6.3,0.0,8.4,0
2022-11-02,Barcelona,78.87,82.82,10.76338028,10.68530516,0.078075117,96.09,Spain,11,2,0,Autumn,Large,18.0,0.3,13.4,0
2022-02-12,Palma de Mallorca,91.53,94.02,5.56779661,4.97977208,0.58802453,94.53,Spain,2,5,1,Winter,Small,11.0,0.1,13.8,0
2025-09-24,Madrid Barajas,61.12,72.74,20.54499151,15.5673481,4.977643413,93.89,Spain,9,2,0,Autumn,Large,14.7,0.0,15.4,1
2022-06-18,Barcelona,50.25,66.33,26.79040404,23.11101413,3.679389909,95.8,Spain,6,5,1,Summer,Large,24.8,0.0,13.8,1
2022-12-04,Palma de Mallorca,88.19,87.67,7.326388889,8.736986301,-1.410597412,95.57,Spain,12,6,1,Winter,Small,13.1,1.4,22.3,0
2023-12-25,Madrid Barajas,85.99,94.16,8.734299517,4.287013536,4.447285981,94.85,Spain,12,0,0,Winter,Large,2.2,0.0,9.4,0
2025-11-18,Barcelona,87.85,91.55,6.723163842,5.443755869,1.279407973,96.57,Spain,11,1,0,Autumn,Large,12.6,0.0,11.9,0
2022-04-04,Palma de Mallorca,77.27,79.09,10.53604798,10.62997465,-0.093926672,93.84,Spain,4,0,0,Spring,Small,10.1,0.2,35.5,0
2024-04-23,Barcelona,73.97,81.48,13.40057845,11.41830065,1.982277799,98.77,Spain,4,1,0,Spring,Large,10.7,4.7,20.5,0
2023-11-11,Palma de Mallorca,88.89,93.83,6.456790123,3.926440329,2.530349794,93.92,Spain,11,5,1,Autumn,Small,17.6,0.0,24.9,0
2024-08-04,Madrid Barajas,63.57,80.11,19.48161121,12.28306925,7.19854196,95.27,Spain,8,6,1,Summer,Large,29.8,0.0,18.6,1
2026-05-22,Madrid Barajas,71.95,81.86,16.16164818,8.988958991,7.172689187,94.86,Spain,5,4,0,Spring,Large,23.4,0.0,11.8,1
2023-05-31,Madrid Barajas,69.2,74.95,17.80797101,15.88870473,1.919266288,96.12,Spain,5,2,0,Spring,Large,17.2,0.1,9.8,1
2023-09-05,Palma de Mallorca,69.98,73.93,15.46489104,12.69597156,2.768919477,96.65,Spain,9,1,0,Autumn,Small,26.6,0.0,19.9,1
2022-07-31,Barcelona,60.89,70.58,20.73344444,16.04159292,4.691851524,95.15,Spain,7,6,1,Summer,Large,26.6,0.0,19.2,1
2025-12-11,Madrid Barajas,74.11,84.53,14.84107143,10.43552158,4.405549846,92.34,Spain,12,3,0,Winter,Large,7.5,0.0,7.7,0
2022-03-26,Barcelona,84.94,87.36,9.038610039,6.523563218,2.51504682,94.7,Spain,3,5,1,Spring,Large,12.4,4.8,36.1,0
2024-08-27,Barcelona,72.21,81.3,16.73921569,11.37340786,5.365807827,96.55,Spain,8,1,0,Summer,Large,25.4,0.3,20.2,1
2022-09-26,Palma de Mallorca,68.99,72.38,18.1664944,17.48495311,0.68154129,94.23,Spain,9,0,0,Autumn,Small,20.7,8.5,27.1,1
2023-11-11,Barcelona,82.04,86.44,9.321715818,6.969148936,2.352566882,98.18,Spain,11,5,1,Autumn,Large,14.7,0.0,11.2,0
2024-11-20,Madrid Barajas,53.27,56.53,23.80242991,24.04574005,-0.243310143,93.86,Spain,11,2,0,Autumn,Large,10.6,0.0,15.6,1
2022-08-25,Madrid Barajas,69.84,76.95,16.55753968,12.23049432,4.327045361,96.46,Spain,8,3,0,Summer,Large,27.0,0.5,20.0,1
2025-06-23,Madrid Barajas,60.71,75.0,21.80612245,14.78589527,7.020227179,95.27,Spain,6,0,0,Summer,Large,28.8,0.5,15.7,1
2024-11-16,Palma de Mallorca,89.35,90.29,6.715976331,5.598857143,1.117119189,93.05,Spain,11,5,1,Autumn,Small,15.6,0.0,11.9,0
2023-07-20,Barcelona,62.5,73.52,18.28316257,14.4865241,3.796638468,97.86,Spain,7,3,0,Summer,Large,26.3,0.0,17.7,1
2024-09-28,Palma de Mallorca,56.06,71.17,19.71457906,13.87750511,5.837073943,95.42,Spain,9,5,1,Autumn,Small,19.8,2.2,21.2,1
2025-11-28,Barcelona,78.17,84.45,11.8004158,8.256512605,3.543903195,96.07,Spain,11,4,0,Autumn,Large,8.4,0.0,11.4,0
2022-05-05,Madrid Barajas,80.89,87.86,11.67682927,8.652057613,3.024771655,95.62,Spain,5,3,0,Spring,Large,15.3,0.0,20.5,0
2022-05-30,Palma de Mallorca,63.52,71.28,20.42217848,18.11309835,2.309080131,91.99,Spain,5,0,0,Spring,Small,21.5,0.0,16.0,1
2023-11-12,Barcelona,78.39,88.25,12.42758621,7.507296467,4.92028974,97.4,Spain,11,6,1,Autumn,Large,18.2,0.0,24.0,0
2024-04-09,Barcelona,74.79,79.65,11.51068376,10.47380952,1.036874237,93.59,Spain,4,1,0,Spring,Large,14.1,1.1,19.5,0
2024-08-02,Barcelona,45.68,49.81,36.12284069,37.34077267,-1.217931978,94.49,Spain,8,4,0,Summer,Large,27.5,0.0,13.7,1
2025-03-25,Palma de Mallorca,91.18,91.72,10.64117647,5.332741617,5.308434853,97.27,Spain,3,1,0,Spring,Small,11.5,5.1,14.1,0
2026-02-12,Barcelona,32.13,41.01,68.68894602,50.55345992,18.1354861,84.37,Spain,2,3,0,Winter,Large,15.9,0.0,45.5,1
2023-08-17,Madrid Barajas,71.53,83.4,14.01663586,8.758706468,5.257929392,96.84,Spain,8,3,0,Summer,Large,27.4,0.0,14.6,0
2024-08-16,Palma de Mallorca,13.08,19.43,90.50400844,75.74182004,14.7621884,89.95,Spain,8,4,0,Summer,Small,24.0,4.5,19.1,1
2022-12-13,Madrid Barajas,54.6,50.52,23.00400976,22.92047519,0.083534571,95.43,Spain,12,1,0,Winter,Large,13.5,29.3,30.0,1
2024-09-04,Barcelona,27.98,25.2,70.29122085,73.19361339,-2.902392537,90.0,Spain,9,2,0,Autumn,Large,20.7,16.3,10.3,1
2025-04-10,Madrid Barajas,67.18,79.46,16.4034188,9.976655443,6.42676336,94.95,Spain,4,3,0,Spring,Large,14.5,0.0,13.4,1
2022-06-30,Barcelona,47.77,57.89,30.30357143,27.64103738,2.662534053,93.31,Spain,6,3,0,Summer,Large,23.3,0.4,26.7,1
2024-12-03,Palma de Mallorca,86.96,91.3,7.608695652,4.807536232,2.80115942,89.63,Spain,12,1,0,Winter,Small,13.6,3.6,13.9,0
2023-03-09,Barcelona,25.82,35.71,44.64116848,39.61845238,5.022716097,94.0,Spain,3,3,0,Spring,Large,15.8,0.5,27.0,1
2022-10-17,Barcelona,62.47,74.01,16.17041943,12.6606094,3.509810028,96.88,Spain,10,0,0,Autumn,Large,21.3,1.6,20.5,1
2024-06-19,Palma de Mallorca,38.72,45.85,37.76541298,32.88074964,4.884663343,94.77,Spain,6,2,0,Summer,Small,23.1,0.4,16.1,1
2024-06-05,Palma de Mallorca,69.84,79.73,14.90249433,10.59290053,4.3095938,95.15,Spain,6,2,0,Summer,Small,20.6,0.0,14.1,0
2025-10-24,Barcelona,66.12,75.36,17.96153846,12.48418491,5.477353547,97.58,Spain,10,4,0,Autumn,Large,17.9,0.0,17.0,1
2023-06-20,Barcelona,52.94,67.43,25.25791855,18.71017464,6.547743913,96.27,Spain,6,1,0,Summer,Large,23.5,0.0,18.3,1
2022-11-05,Palma de Mallorca,91.94,94.18,8.517204301,2.661199295,5.856005007,89.5,Spain,11,5,1,Autumn,Small,18.0,0.0,25.3,0
2022-07-08,Barcelona,53.53,64.39,25.67776588,19.62004264,6.057723238,95.87,Spain,7,4,0,Summer,Large,24.1,0.0,16.5,1
2022-07-10,Palma de Mallorca,36.4,61.88,45.97449438,30.0642003,15.91029408,87.55,Spain,7,6,1,Summer,Small,26.5,0.0,20.1,1
2025-10-13,Madrid Barajas,73.8,81.38,14.10613599,9.580816555,4.525319432,96.14,Spain,10,0,0,Autumn,Large,18.0,1.5,8.4,0
2022-10-07,Barcelona,48.92,56.01,26.84913793,24.64624464,2.202893296,91.49,Spain,10,4,0,Autumn,Large,19.5,5.7,27.6,1
2023-01-02,Barcelona,65.0,69.74,18.77368421,17.38333333,1.390350877,98.22,Spain,1,0,0,Winter,Large,11.1,0.0,10.5,1
2023-03-29,Palma de Mallorca,59.92,63.75,21.2278481,17.82479167,3.403056435,93.21,Spain,3,2,0,Spring,Small,14.1,0.0,12.2,1
2024-06-15,Barcelona,58.35,66.96,22.12581345,17.1690372,4.95677625,96.54,Spain,6,5,1,Summer,Large,19.6,0.0,19.1,1
2024-11-22,Barcelona,58.99,68.24,23.74841438,22.13826896,1.610145421,96.19,Spain,11,4,0,Autumn,Large,15.4,0.1,29.1,1
2022-09-28,Barcelona,83.49,79.63,8.571029874,10.08489703,-1.513867151,97.35,Spain,9,2,0,Autumn,Large,20.4,0.0,17.8,0
2023-07-15,Palma de Mallorca,47.88,55.51,32.18339768,27.16208897,5.021308709,91.91,Spain,7,5,1,Summer,Small,26.4,0.0,16.2,1
2026-01-22,Barcelona,80.2,85.43,8.679744224,7.918927973,0.760816251,94.39,Spain,1,3,0,Winter,Large,11.5,1.5,25.3,0
2023-08-30,Palma de Mallorca,64.32,72.65,20.25,17.01053812,3.239461883,94.18,Spain,8,2,0,Summer,Small,22.3,0.7,14.3,1
2022-01-11,Palma de Mallorca,96.0,97.26,1.893333333,1.552283105,0.341050228,84.04,Spain,1,1,0,Winter,Small,10.9,0.0,19.1,0
2025-11-12,Palma de Mallorca,87.83,93.04,7.869565217,4.128115942,3.741449275,92.59,Spain,11,2,0,Autumn,Small,17.0,0.0,13.2,0
2023-02-16,Madrid Barajas,62.18,70.3,19.68697479,15.56816239,4.118812397,94.4,Spain,2,3,0,Winter,Large,6.4,0.0,11.5,1
2023-08-21,Palma de Mallorca,64.69,77.24,16.89962035,12.03233716,4.867283185,94.58,Spain,8,0,0,Summer,Small,28.2,0.0,20.1,1
2022-09-08,Palma de Mallorca,57.22,62.66,23.36096257,20.32397737,3.036985195,94.75,Spain,9,3,0,Autumn,Small,27.2,0.0,18.1,1
2022-04-22,Barcelona,77.43,78.82,12.61326207,12.36117647,0.252085604,98.62,Spain,4,4,0,Spring,Large,14.3,0.0,23.9,0
2023-03-30,Palma de Mallorca,57.84,67.05,22.54477612,16.93989899,5.60487713,93.0,Spain,3,3,0,Spring,Small,13.6,0.0,14.8,1
2023-01-03,Barcelona,78.61,83.95,11.58959538,8.263705826,3.32588955,98.34,Spain,1,1,0,Winter,Large,11.4,0.1,11.7,0
2022-03-31,Madrid Barajas,84.26,82.24,9.961714708,9.853216374,0.108498334,93.15,Spain,3,3,0,Spring,Large,8.2,2.1,10.4,0
2025-08-28,Barcelona,37.6,31.33,50.50968992,58.60625403,-8.096564107,92.25,Spain,8,3,0,Summer,Large,23.5,7.1,12.5,1
2022-08-09,Barcelona,73.94,77.55,13.10097809,11.95054012,1.150437967,95.86,Spain,8,1,0,Summer,Large,27.1,0.0,13.9,0
2025-06-28,Palma de Mallorca,44.51,68.88,31.29215686,20.32941176,10.9627451,91.72,Spain,6,5,1,Summer,Small,27.9,0.0,19.9,1
2024-05-05,Madrid Barajas,65.96,67.66,15.9787234,16.22809022,-0.249366812,94.39,Spain,5,6,1,Spring,Large,15.5,1.8,25.8,1
2025-09-03,Palma de Mallorca,67.18,81.68,17.09030837,11.901766,5.188542366,95.29,Spain,9,2,0,Autumn,Small,24.4,0.0,14.1,1
2023-12-06,Madrid Barajas,72.98,86.48,14.1321499,7.732273028,6.399876873,96.35,Spain,12,2,0,Winter,Large,5.5,0.0,9.5,0
2026-03-26,Madrid Barajas,72.54,84.9,12.68174475,7.545400433,5.136344317,94.22,Spain,3,3,0,Spring,Large,10.5,0.0,21.9,0
2023-12-22,Madrid Barajas,58.38,71.43,21.09700176,18.54471545,2.552286317,94.63,Spain,12,4,0,Winter,Large,5.1,0.0,9.7,1
2024-03-01,Barcelona,72.25,81.22,17.52202643,13.83839156,3.683634874,95.54,Spain,3,4,0,Spring,Large,13.0,3.0,16.2,1
2024-07-02,Palma de Mallorca,64.22,76.12,20.33836207,15.47587065,4.862491422,92.9,Spain,7,1,0,Summer,Small,23.3,0.0,21.4,1
2023-04-07,Barcelona,80.87,85.26,10.92336957,8.171688034,2.751681531,97.31,Spain,4,4,0,Spring,Large,12.7,0.0,25.0,0
2024-10-28,Palma de Mallorca,64.84,76.32,17.47985348,13.14874687,4.331106613,87.92,Spain,10,0,0,Autumn,Small,19.5,23.3,16.0,1
2026-04-16,Madrid Barajas,78.42,87.22,11.3261944,7.833333333,3.492861065,93.33,Spain,4,3,0,Spring,Large,18.1,0.0,12.9,0
2023-07-06,Barcelona,58.73,68.79,22.51129363,21.66704312,0.844250513,97.12,Spain,7,3,0,Summer,Large,23.5,7.7,13.2,1
2024-10-21,Barcelona,60.65,76.4,20.52091255,13.97005158,6.550860968,96.42,Spain,10,0,0,Autumn,Large,18.6,0.0,17.3,1
2024-01-17,Madrid Barajas,63.58,72.53,18.56993534,17.23075823,1.339177119,92.94,Spain,1,2,0,Winter,Large,11.2,11.9,27.5,1
2025-11-29,Madrid Barajas,71.69,83.91,14.38602941,14.6138635,-0.227834086,95.85,Spain,11,5,1,Autumn,Large,4.3,0.0,6.7,0
2022-07-18,Barcelona,61.05,63.16,25.52647702,26.17094298,-0.644465958,93.73,Spain,7,0,0,Summer,Large,25.1,0.0,11.4,1
2024-01-21,Palma de Mallorca,90.48,91.78,6.700680272,3.712557078,2.988123194,95.06,Spain,1,6,1,Winter,Small,8.8,0.0,12.2,0
2026-02-16,Barcelona,66.88,74.63,16.12083333,13.00478686,3.116046471,96.65,Spain,2,0,0,Winter,Large,15.3,0.0,24.2,1
2023-02-07,Barcelona,70.79,79.74,15.18306878,10.84030011,4.342768676,95.89,Spain,2,1,0,Winter,Large,8.8,24.1,42.9,1
2024-10-07,Palma de Mallorca,63.66,67.92,20.27159566,17.99014202,2.281453634,96.58,Spain,10,0,0,Autumn,Small,23.8,0.0,20.1,1
2026-03-04,Palma de Mallorca,95.1,92.96,3.944055944,4.056338028,-0.112282084,94.94,Spain,3,2,0,Spring,Small,15.4,0.0,28.3,0
2024-06-30,Palma de Mallorca,41.65,56.09,38.82474227,30.73595938,8.088782884,91.18,Spain,6,6,1,Summer,Small,24.0,0.0,15.4,1
2025-10-15,Palma de Mallorca,69.12,79.7,16.10784314,10.09995875,6.007884391,94.53,Spain,10,2,0,Autumn,Small,19.1,1.2,15.5,1
2024-12-07,Palma de Mallorca,82.17,79.1,9.837209302,10.81517413,-0.977964827,91.03,Spain,12,5,1,Winter,Small,14.1,0.0,43.9,0
2022-01-06,Istanbul,87.83,76.14,10.24657916,17.08096386,-6.834384699,90.52,Turkey,1,3,0,Winter,Large,14.2,0.0,36.8,0
2025-01-22,Antalya,87.5,83.91,5.727272727,7.020114943,-1.292842215,90.09,Turkey,1,2,0,Winter,Medium,12.0,53.8,14.2,0
2023-04-14,Antalya,49.57,44.02,23.75327635,29.42913105,-5.675854701,96.76,Turkey,4,4,0,Spring,Medium,14.8,0.0,15.0,1
2025-02-03,Antalya,93.75,90.7,3.7,5.860465116,-2.160465116,90.74,Turkey,2,0,0,Winter,Medium,11.7,0.0,10.7,0
2025-02-20,Istanbul Sabiha Gokcen,19.84,22.71,72.04365079,64.9123506,7.131300196,86.47,Turkey,2,3,0,Winter,Medium,1.1,1.6,20.3,1
2024-06-30,Antalya,19.89,22.48,89.05951705,93.70551249,-4.645995444,90.78,Turkey,6,6,1,Summer,Medium,32.7,0.0,25.7,1
2025-04-24,Antalya,68.42,60.47,15.43569501,16.99567183,-1.559976828,90.85,Turkey,4,3,0,Spring,Medium,16.7,16.0,19.5,1
2024-10-18,Istanbul Sabiha Gokcen,75.72,78.32,11.96485623,10.98058252,0.984273706,96.18,Turkey,10,4,0,Autumn,Medium,12.0,1.2,19.9,0
2022-01-09,Antalya,56.12,49.04,43.97534014,42.22900641,1.746333726,92.62,Turkey,1,6,1,Winter,Medium,11.6,44.9,31.2,1
2025-04-06,Istanbul,71.04,61.9,14.80637523,19.87011338,-5.063738151,94.03,Turkey,4,6,1,Spring,Large,10.8,7.0,26.4,0
2025-11-10,Istanbul Sabiha Gokcen,83.33,85.75,9.59039548,8.002739726,1.587655754,95.56,Turkey,11,0,0,Autumn,Medium,16.7,0.0,8.8,0
2022-10-22,Istanbul Sabiha Gokcen,68.68,69.93,16.19424674,15.43864734,0.755599395,97.01,Turkey,10,5,1,Autumn,Medium,12.6,0.0,10.2,1
2023-09-29,Istanbul,55.81,57.22,30.70021246,34.25585648,-3.555644017,91.88,Turkey,9,4,0,Autumn,Large,20.0,0.9,13.1,1
2022-07-22,Istanbul,66.4,57.7,19.61191614,23.31548742,-3.703571286,95.06,Turkey,7,4,0,Summer,Large,23.2,0.0,11.9,1
2025-04-15,Istanbul,88.08,86.39,8.180467572,9.689201183,-1.508733612,94.56,Turkey,4,1,0,Spring,Large,9.5,0.0,14.5,0
2024-03-16,Antalya,93.6,87.69,4.888,8.353846154,-3.465846154,95.36,Turkey,3,5,1,Spring,Medium,13.6,0.0,15.3,0
2023-06-21,Istanbul Sabiha Gokcen,57.14,63.27,20.37785161,18.53837868,1.839472921,94.03,Turkey,6,2,0,Summer,Medium,21.4,1.0,10.1,1
2025-04-02,Antalya,82.25,72.09,8.388461538,12.09476744,-3.706305903,88.89,Turkey,4,2,0,Spring,Medium,13.9,25.7,28.6,0
2022-04-21,Istanbul Sabiha Gokcen,86.25,84.52,8.405833333,10.48479777,-2.078964435,96.88,Turkey,4,3,0,Spring,Medium,10.6,1.5,21.3,0
2025-03-04,Antalya,94.81,90.48,2.896103896,5.468650794,-2.572546898,88.42,Turkey,3,1,0,Spring,Medium,13.2,0.0,19.3,0
2024-04-08,Antalya,90.48,85.05,4.857142857,9.597938144,-4.740795287,89.92,Turkey,4,0,0,Spring,Medium,18.9,0.0,24.8,0
2025-04-01,Istanbul,78.02,68.63,13.22271386,18.26186526,-5.039151395,93.06,Turkey,4,1,0,Spring,Large,9.6,5.6,17.2,0
2022-01-08,Istanbul Sabiha Gokcen,93.72,90.99,4.356624826,5.361087268,-1.004462442,94.27,Turkey,1,5,1,Winter,Medium,10.0,0.0,16.4,0
2025-02-17,Istanbul Sabiha Gokcen,74.77,86.15,12.37959502,8.894769231,3.484825785,96.2,Turkey,2,0,0,Winter,Medium,5.3,18.5,20.6,0
2024-08-02,Istanbul Sabiha Gokcen,52.21,60.12,31.43362832,27.79758308,3.636045237,96.4,Turkey,8,4,0,Summer,Medium,24.8,0.0,22.3,1
2025-03-13,Istanbul,91.18,91.0,6.358877996,9.813284233,-3.454406238,93.1,Turkey,3,3,0,Spring,Large,17.7,0.0,20.3,0
2023-07-25,Istanbul,54.08,54.73,27.83627308,29.54526929,-1.708996206,88.82,Turkey,7,1,0,Summer,Large,26.7,0.0,12.3,1
2023-09-16,Istanbul,69.76,67.22,18.62874465,18.06390051,0.564844139,91.89,Turkey,9,5,1,Autumn,Large,22.0,0.0,25.5,1
2025-04-23,Istanbul,78.98,79.2,13.21798054,13.36081613,-0.142835591,94.8,Turkey,4,2,0,Spring,Large,11.5,0.0,19.9,0
2022-01-24,Antalya,65.22,54.9,22.70978261,30.83562092,-8.125838306,71.01,Turkey,1,0,0,Winter,Medium,4.1,0.0,29.5,1
2022-07-09,Istanbul,59.08,50.25,24.2322695,30.51998902,-6.287719513,94.54,Turkey,7,5,1,Summer,Large,22.3,11.3,27.4,1
2024-10-31,Antalya,70.69,69.33,17.12413793,19.30666667,-2.182528736,88.38,Turkey,10,3,0,Autumn,Medium,20.6,0.0,20.0,1
2026-04-24,Istanbul,90.57,81.93,5.851921158,9.494640123,-3.642718965,91.48,Turkey,4,4,0,Spring,Large,12.3,1.4,15.9,0
2024-08-22,Antalya,68.65,66.07,16.03112613,17.15167095,-1.120544825,94.9,Turkey,8,3,0,Summer,Medium,28.8,0.4,15.2,1
2026-05-11,Istanbul,92.66,84.76,4.627239583,10.16006098,-5.532821392,92.21,Turkey,5,0,0,Spring,Large,17.5,8.2,14.4,0
2026-03-14,Antalya,87.6,84.17,6.925619835,8.641666667,-1.716046832,95.07,Turkey,3,5,1,Spring,Medium,14.9,0.2,20.2,0
2024-04-19,Istanbul Sabiha Gokcen,58.3,73.62,21.40647773,16.87939633,4.527081407,95.36,Turkey,4,4,0,Spring,Medium,13.2,3.0,23.3,1
2024-06-23,Istanbul Sabiha Gokcen,38.37,43.99,39.36253776,37.23225806,2.1302797,94.61,Turkey,6,6,1,Summer,Medium,23.4,0.0,30.0,1
2022-05-31,Istanbul,81.08,66.12,11.26827458,16.651221,-5.382946419,94.27,Turkey,5,1,0,Spring,Large,21.0,0.0,14.5,0
2024-09-21,Istanbul,57.56,60.17,25.48253391,23.64706304,1.835470877,95.94,Turkey,9,5,1,Autumn,Large,19.6,18.0,23.3,1
2023-07-11,Istanbul Sabiha Gokcen,45.43,59.37,23.81051525,21.15661376,2.65390149,93.98,Turkey,7,1,0,Summer,Medium,23.8,0.1,12.6,1
2025-10-21,Istanbul Sabiha Gokcen,65.37,79.5,17.29201293,11.65373961,5.638273315,90.31,Turkey,10,1,0,Autumn,Medium,14.1,0.0,10.5,1
2022-12-02,Istanbul,59.61,56.59,24.23407473,25.48081429,-1.246739561,92.83,Turkey,12,4,0,Winter,Large,10.3,9.2,21.4,1
2025-09-06,Istanbul,72.55,73.53,14.18178649,13.69054759,0.491238904,94.94,Turkey,9,5,1,Autumn,Large,21.2,15.7,19.0,0
2026-05-06,Istanbul,90.72,84.69,7.64096,8.293673578,-0.652713578,91.35,Turkey,5,2,0,Spring,Large,11.9,0.0,12.0,0
2025-01-19,Istanbul Sabiha Gokcen,85.26,87.86,8.281984586,5.523265896,2.75871869,95.43,Turkey,1,6,1,Winter,Medium,5.8,0.0,10.9,0
2022-05-25,Antalya,73.25,62.85,13.64917695,28.49064559,-14.84146863,94.59,Turkey,5,2,0,Spring,Medium,21.5,0.0,14.5,0
2022-04-17,Istanbul,89.9,71.26,5.604983165,12.90695276,-7.301969596,93.4,Turkey,4,6,1,Spring,Large,9.9,11.0,29.7,0
2022-04-11,Antalya,86.01,75.0,7.137878788,16.58728632,-9.449407537,93.25,Turkey,4,0,0,Spring,Medium,15.3,3.4,23.5,0
2022-06-19,Istanbul Sabiha Gokcen,61.68,66.06,15.42226277,14.91696751,0.505295265,95.25,Turkey,6,6,1,Summer,Medium,21.1,0.0,22.5,1
2024-06-26,Antalya,24.08,25.33,71.13649669,64.5740644,6.562432291,93.62,Turkey,6,2,0,Summer,Medium,29.3,0.0,19.1,1
2026-05-09,Antalya,81.46,75.07,15.17021277,19.57703081,-4.406818046,91.76,Turkey,5,5,1,Spring,Medium,20.8,0.0,15.3,1
2025-06-05,Istanbul,84.94,83.22,11.15331492,9.913342503,1.239972414,93.85,Turkey,6,3,0,Summer,Large,21.4,0.0,17.9,0
2023-11-05,Istanbul Sabiha Gokcen,26.53,39.12,51.56734694,50.94897959,0.618367347,93.09,Turkey,11,6,1,Autumn,Medium,19.0,7.3,35.0,1
2025-04-30,Istanbul,86.77,86.39,7.584637269,6.628939828,0.955697441,95.43,Turkey,4,2,0,Spring,Large,10.2,0.0,27.6,0
2025-06-11,Istanbul,88.2,87.87,8.08847185,5.493333333,2.595138517,94.7,Turkey,6,2,0,Summer,Large,21.5,0.0,20.2,0
2024-02-05,Antalya,86.21,80.85,5.620689655,8.393617021,-2.772927366,96.97,Turkey,2,0,0,Winter,Medium,13.2,0.0,23.9,0
2023-04-06,Istanbul,81.14,74.04,12.81487889,16.275,-3.460121107,91.82,Turkey,4,3,0,Spring,Large,9.0,1.7,13.6,0
2023-12-26,Istanbul,80.7,74.51,13.94211409,16.77126906,-2.829154969,92.1,Turkey,12,1,0,Winter,Large,13.4,0.0,23.3,0
2024-10-08,Istanbul Sabiha Gokcen,74.92,79.24,16.73559322,12.45317186,4.282421363,93.85,Turkey,10,1,0,Autumn,Medium,18.7,0.0,19.6,1
2026-05-11,Istanbul Sabiha Gokcen,78.12,82.79,11.96048632,9.910979228,2.049507094,83.5,Turkey,5,0,0,Spring,Medium,20.6,0.0,11.5,0
2023-03-31,Istanbul,83.55,62.68,10.18219327,18.65911075,-8.476917479,91.35,Turkey,3,4,0,Spring,Large,7.9,0.8,23.3,0
2024-12-18,Istanbul,82.3,81.21,14.90271132,11.96693206,2.935779264,94.89,Turkey,12,2,0,Winter,Large,8.9,0.0,18.4,0
2025-08-07,Istanbul,71.82,76.93,15.53084416,13.88728702,1.643557131,92.85,Turkey,8,3,0,Summer,Large,25.7,1.6,30.0,1
2024-08-20,Istanbul Sabiha Gokcen,48.41,69.87,24.40238854,17.71794872,6.684439817,95.01,Turkey,8,1,0,Summer,Medium,24.4,0.0,19.2,1
2023-11-13,Istanbul,70.53,58.67,15.58355408,25.15205294,-9.56849886,92.25,Turkey,11,0,0,Autumn,Large,13.8,26.1,28.1,1
2023-03-21,Istanbul,81.47,77.94,11.30515588,13.69928826,-2.394132381,92.11,Turkey,3,1,0,Spring,Large,8.8,0.0,17.8,0
2022-02-03,Antalya,75.93,62.0,22.84290123,20.222,2.620901235,87.32,Turkey,2,3,0,Winter,Medium,10.5,48.3,39.9,1
2024-10-06,Istanbul Sabiha Gokcen,82.67,88.04,9.193333333,6.034496124,3.158837209,91.04,Turkey,10,6,1,Autumn,Medium,21.9,0.0,7.1,0
2024-10-29,Istanbul Sabiha Gokcen,71.07,74.73,15.875,12.71660735,3.158392645,86.21,Turkey,10,1,0,Autumn,Medium,14.2,0.0,18.2,1
2025-12-28,Istanbul Sabiha Gokcen,41.3,36.44,33.41304348,40.34260274,-6.929559261,94.54,Turkey,12,6,1,Winter,Medium,4.8,4.2,31.6,1
2025-11-29,Istanbul,81.39,86.84,10.60809946,10.2251462,0.38295326,93.89,Turkey,11,5,1,Autumn,Large,11.5,18.5,13.4,0
2024-03-01,Istanbul,72.14,68.68,15.56491914,16.96677266,-1.401853511,93.33,Turkey,3,4,0,Spring,Large,8.2,0.0,14.8,1
2026-04-26,Istanbul Sabiha Gokcen,93.75,89.77,3.352272727,6.107907197,-2.75563447,90.05,Turkey,4,6,1,Spring,Medium,14.8,0.0,7.4,0
2024-08-11,Istanbul Sabiha Gokcen,62.26,69.49,23.04402516,16.6102719,6.433753254,94.07,Turkey,8,6,1,Summer,Medium,26.3,0.0,24.0,1
2024-04-11,Istanbul Sabiha Gokcen,80.86,83.33,8.95703125,6.968253968,1.988777282,95.97,Turkey,4,3,0,Spring,Medium,13.8,0.0,19.8,0
2023-02-01,Istanbul,78.62,62.63,14.14008621,20.36828143,-6.228195223,93.1,Turkey,2,2,0,Winter,Large,3.8,2.1,18.6,0
2022-11-13,Istanbul,76.74,68.35,16.20664969,21.08277217,-4.876122477,93.25,Turkey,11,6,1,Autumn,Large,14.0,0.0,21.6,1
2025-03-10,Antalya,92.77,94.12,5.56626506,4.317647059,1.248618001,81.9,Turkey,3,0,0,Spring,Medium,13.4,0.0,10.3,0
2025-12-03,Antalya,88.76,87.36,4.460674157,5.482758621,-1.022084463,80.17,Turkey,12,2,0,Winter,Medium,14.1,0.0,14.7,0
2026-04-01,Antalya,86.16,81.74,5.553348214,11.16887367,-5.615525454,77.85,Turkey,4,2,0,Spring,Medium,14.7,6.0,16.0,0
2024-02-14,Istanbul,88.74,85.28,7.238207283,10.15351171,-2.915304423,93.63,Turkey,2,2,0,Winter,Large,7.5,1.9,27.9,0
2023-01-09,Antalya,88.37,81.44,7.139534884,14.82886598,-7.689331096,94.39,Turkey,1,0,0,Winter,Medium,10.4,0.0,15.9,0
2024-11-09,Istanbul,81.65,85.87,11.22310127,9.928571429,1.294529837,94.61,Turkey,11,5,1,Autumn,Large,12.2,0.2,27.9,0
2024-10-24,Antalya,78.74,72.86,13.84431138,18.48672566,-4.642414286,95.11,Turkey,10,3,0,Autumn,Medium,19.7,0.0,17.1,0
2025-11-18,Istanbul,85.49,83.8,9.206970165,8.628266461,0.578703704,90.32,Turkey,11,1,0,Autumn,Large,17.8,0.0,32.4,0
2024-10-21,Istanbul,77.9,80.41,12.67475806,12.80519854,-0.130440473,94.55,Turkey,10,0,0,Autumn,Large,12.7,0.0,17.4,0
2022-07-19,Antalya,55.07,51.29,27.84922705,36.36833811,-8.519111056,94.73,Turkey,7,1,0,Summer,Medium,31.1,0.0,26.6,1
2023-12-20,Antalya,93.14,79.41,4.343137255,9.715686275,-5.37254902,94.57,Turkey,12,2,0,Winter,Medium,12.7,0.2,10.6,0
2025-04-15,Antalya,90.35,81.25,4.815789474,7.552916667,-2.737127193,90.11,Turkey,4,1,0,Spring,Medium,16.7,0.0,21.2,0
2023-09-14,Antalya,64.92,59.94,17.73087179,25.48948127,-7.758609473,93.35,Turkey,9,3,0,Autumn,Medium,28.0,0.0,21.7,1
2024-09-13,Istanbul Sabiha Gokcen,60.0,68.85,18.77704918,16.84590164,1.931147541,95.77,Turkey,9,4,0,Autumn,Medium,24.4,0.6,12.4,1
2023-05-10,Istanbul,69.27,60.93,14.80323649,17.79181637,-2.988579874,93.5,Turkey,5,2,0,Spring,Large,11.3,0.4,25.4,0
2026-01-01,Istanbul,77.67,72.39,13.74322169,19.12359551,-5.380373815,88.71,Turkey,1,3,0,Winter,Large,-0.8,0.4,18.6,0
2024-06-12,Istanbul,65.25,64.68,19.14457478,18.32429748,0.820277299,95.23,Turkey,6,2,0,Summer,Large,26.3,0.0,17.3,1
2023-07-10,Antalya,62.66,59.46,20.49060052,26.16916462,-5.678564097,94.33,Turkey,7,0,0,Summer,Medium,30.5,0.0,29.2,1
2022-12-17,Antalya,64.29,56.3,22.6297619,32.40658263,-9.776820728,86.18,Turkey,12,5,1,Winter,Medium,14.6,0.0,8.2,1
2022-03-21,Antalya,83.87,81.54,8.93172043,12.3974359,-3.465715467,92.68,Turkey,3,0,0,Spring,Medium,9.1,0.0,22.7,0
2023-02-19,Antalya,85.09,76.67,7.491959064,12.01666667,-4.524707602,94.93,Turkey,2,6,1,Winter,Medium,10.2,0.0,12.3,0
2025-06-05,Istanbul Sabiha Gokcen,75.54,80.9,10.27688172,8.391025641,1.885856079,91.1,Turkey,6,3,0,Summer,Medium,25.4,0.0,21.3,0
2024-03-09,Istanbul Sabiha Gokcen,61.54,87.06,16.93567447,8.2745338,8.661140671,95.34,Turkey,3,5,1,Spring,Medium,6.5,2.6,15.3,1
2024-09-12,Istanbul,72.66,69.94,17.27748538,17.3422619,-0.064776525,94.76,Turkey,9,3,0,Autumn,Large,23.3,1.1,14.2,1
2024-12-22,Istanbul,75.38,76.02,18.79470618,16.26528406,2.529422118,93.72,Turkey,12,6,1,Winter,Large,6.1,4.7,24.7,1
2024-01-05,Antalya,88.81,80.58,11.49253731,15.21306954,-3.720532231,97.04,Turkey,1,4,0,Winter,Medium,16.0,0.0,19.8,0
2025-07-30,Istanbul,77.84,83.77,14.2890917,11.74201571,2.547075992,94.82,Turkey,7,2,0,Summer,Large,25.2,1.2,22.4,0
2022-10-12,Istanbul Sabiha Gokcen,49.81,67.57,18.17715573,13.94079794,4.236357786,97.08,Turkey,10,2,0,Autumn,Medium,16.6,0.3,23.0,1
2024-10-17,Antalya,71.26,65.9,17.8491517,18.8487106,-0.999558905,93.84,Turkey,10,3,0,Autumn,Medium,23.3,0.0,35.1,1
2022-09-01,Istanbul,49.69,48.82,28.68679245,28.29939822,0.387394232,95.06,Turkey,9,3,0,Autumn,Large,23.4,9.5,16.2,1
2022-06-29,Antalya,48.34,45.77,31.56782477,35.27113703,-3.703312253,96.13,Turkey,6,2,0,Summer,Medium,27.3,0.0,23.3,1
2026-01-31,Antalya,74.77,71.43,12.42056075,15.04761905,-2.6270583,86.09,Turkey,1,5,1,Winter,Medium,13.8,2.9,26.8,0
2023-04-30,Istanbul,62.39,54.04,22.1208452,26.43981087,-4.318965671,94.56,Turkey,4,6,1,Spring,Large,12.2,0.0,15.3,1
2023-08-13,Istanbul,71.7,70.79,16.0606685,17.80289855,-1.742230053,91.04,Turkey,8,6,1,Summer,Large,24.2,1.3,34.9,1
2026-01-25,Antalya,80.0,66.97,25.13333333,30.09174312,-4.958409786,83.21,Turkey,1,6,1,Winter,Medium,12.8,41.9,10.2,1
2024-08-31,Istanbul Sabiha Gokcen,52.71,64.76,23.36144578,19.81626506,3.545180723,96.06,Turkey,8,5,1,Summer,Medium,23.0,0.2,15.9,1
2023-05-01,Antalya,70.63,63.16,17.31746032,21.74085213,-4.423391813,93.69,Turkey,5,0,0,Spring,Medium,15.7,0.0,19.2,1
2023-04-18,Istanbul Sabiha Gokcen,51.45,61.23,23.75724638,20.45102657,3.306219807,95.71,Turkey,4,1,0,Spring,Medium,14.5,1.0,18.7,1
2023-11-08,Antalya,90.91,85.23,6.078205128,8.525615213,-2.447410084,97.28,Turkey,11,2,0,Autumn,Medium,20.0,0.0,12.0,0
2024-07-07,Istanbul Sabiha Gokcen,26.32,36.73,48.14551084,41.17242798,6.973082852,95.48,Turkey,7,6,1,Summer,Medium,25.2,0.0,26.6,1
2022-11-12,Antalya,79.64,75.72,12.31247505,16.72254335,-4.410068303,92.86,Turkey,11,5,1,Autumn,Medium,17.1,0.0,13.1,0
2025-07-24,Istanbul Sabiha Gokcen,25.79,29.79,44.53947368,45.4733156,-0.933841919,93.16,Turkey,7,3,0,Summer,Medium,29.4,0.0,24.1,1
2023-03-28,Istanbul Sabiha Gokcen,78.54,63.09,10.69957082,19.69449213,-8.994921316,91.11,Turkey,3,1,0,Spring,Medium,9.5,26.6,38.3,0
2024-10-26,Antalya,57.46,53.95,24.05601161,29.81715576,-5.761144148,95.32,Turkey,10,5,1,Autumn,Medium,20.5,0.0,20.3,1
2024-06-14,Istanbul Sabiha Gokcen,27.86,30.3,48.80696594,53.98707071,-5.180104763,93.72,Turkey,6,4,0,Summer,Medium,25.8,2.7,32.3,1
2026-01-17,Istanbul,68.51,69.55,20.21940299,19.17014925,1.049253731,93.6,Turkey,1,5,1,Winter,Large,2.9,1.4,24.0,1
2022-03-07,Antalya,88.14,78.13,19.44265537,12.89557292,6.547082451,95.95,Turkey,3,0,0,Spring,Medium,11.4,0.8,17.9,1
2024-03-28,Istanbul,85.0,83.22,12.09105556,12.59228188,-0.501226324,92.91,Turkey,3,3,0,Spring,Large,16.2,1.3,24.0,0
2024-05-10,Istanbul,85.78,80.99,8.271505376,11.38209966,-3.110594285,95.12,Turkey,5,4,0,Spring,Large,14.4,5.3,36.3,0
2022-10-15,Antalya,34.0,31.32,50.12680952,53.42372807,-3.296918546,92.78,Turkey,10,5,1,Autumn,Medium,19.4,41.8,18.4,1
2025-12-15,Istanbul Sabiha Gokcen,49.86,62.74,20.84949772,20.16105023,0.688447489,95.04,Turkey,12,0,0,Winter,Medium,8.1,0.2,16.7,1
2022-11-06,Istanbul,78.92,71.82,11.74634626,15.86561969,-4.119273432,93.96,Turkey,11,6,1,Autumn,Large,15.8,0.0,14.6,0
2023-10-23,Istanbul,79.25,68.51,13.21949686,16.94357399,-3.724077133,92.89,Turkey,10,0,0,Autumn,Large,20.0,0.0,16.6,0
2025-05-27,Istanbul Sabiha Gokcen,70.21,69.62,12.93510324,14.7699115,-1.83480826,91.32,Turkey,5,1,0,Spring,Medium,17.2,0.9,16.8,0
2025-03-18,Istanbul Sabiha Gokcen,91.81,96.03,4.692832765,2.42599278,2.266839985,96.46,Turkey,3,1,0,Spring,Medium,6.6,11.4,31.3,0
2026-05-08,Antalya,83.92,75.81,16.61888112,22.88658243,-6.267701312,92.5,Turkey,5,4,0,Spring,Medium,19.4,0.0,16.6,1
2023-08-13,Antalya,50.63,49.64,28.63212197,36.3675772,-7.735455226,95.72,Turkey,8,6,1,Summer,Medium,28.7,0.0,16.3,1
2022-09-20,Istanbul Sabiha Gokcen,75.37,77.95,11.64338235,11.75373891,-0.110356557,95.53,Turkey,9,1,0,Autumn,Medium,17.8,0.0,23.3,0
2022-12-11,Istanbul Sabiha Gokcen,52.33,54.29,25.62078853,25.41678571,0.204002816,95.27,Turkey,12,6,1,Winter,Medium,16.8,4.8,23.9,1
2023-01-23,Antalya,87.84,80.52,6.677702703,10.72380952,-4.046106821,94.19,Turkey,1,0,0,Winter,Medium,12.0,0.0,10.9,0
2022-09-28,Istanbul Sabiha Gokcen,65.53,66.04,13.45637626,15.46308176,-2.006705498,96.21,Turkey,9,2,0,Autumn,Medium,21.3,15.4,22.5,0
2024-08-07,Antalya,56.74,50.35,27.86005089,30.38875878,-2.528707892,95.35,Turkey,8,2,0,Summer,Medium,28.7,0.0,16.6,1
2023-10-28,Istanbul,59.28,40.63,24.15691628,42.80212394,-18.64520766,94.09,Turkey,10,5,1,Autumn,Large,21.9,0.0,27.6,1
2025-01-06,Antalya,89.47,82.2,5.570175439,8.322033898,-2.75185846,88.36,Turkey,1,0,0,Winter,Medium,12.6,0.0,20.7,0
2024-02-27,Antalya,94.19,85.23,3.848837209,5.704545455,-1.855708245,94.44,Turkey,2,1,0,Winter,Medium,14.0,0.2,12.3,0
2025-09-02,Antalya,74.36,76.12,13.57179487,13.4278607,0.143934175,91.73,Turkey,9,1,0,Autumn,Medium,27.2,0.0,15.6,0
2026-01-13,Istanbul,61.78,59.73,18.59405841,26.37917933,-7.785120922,92.21,Turkey,1,1,0,Winter,Large,1.2,0.1,20.1,1
2026-02-14,Antalya,82.76,73.28,11.5,17.9137931,-6.413793103,95.65,Turkey,2,5,1,Winter,Medium,13.9,0.0,14.2,0
2022-10-25,Antalya,78.68,72.56,8.6875,13.13610108,-4.448601083,93.67,Turkey,10,1,0,Autumn,Medium,19.9,0.0,14.0,0
2022-02-02,Istanbul,82.2,71.71,8.912195122,15.99131514,-7.079120015,91.77,Turkey,2,2,0,Winter,Large,6.2,16.4,19.8,0
2022-03-16,Istanbul,88.21,65.7,10.5012285,19.49492754,-8.993699035,91.63,Turkey,3,2,0,Spring,Large,5.1,0.0,17.1,0
2022-08-19,Antalya,42.36,44.59,35.63905273,32.6585752,2.980477528,95.85,Turkey,8,4,0,Summer,Medium,31.1,0.0,28.5,1
2022-09-06,Antalya,67.5,56.8,16.79526042,23.48937563,-6.694115213,93.95,Turkey,9,1,0,Autumn,Medium,29.2,0.0,24.3,1
2025-03-20,Antalya,89.66,89.8,3.655172414,4.989795918,-1.334623505,89.52,Turkey,3,3,0,Spring,Medium,9.0,0.0,41.2,0
2023-11-10,Istanbul,75.28,73.89,13.50816273,15.05031847,-1.542155742,94.03,Turkey,11,4,0,Autumn,Large,14.2,0.0,18.0,0
2024-11-10,Istanbul,81.73,82.87,13.84494324,11.62183642,2.223106821,94.59,Turkey,11,6,1,Autumn,Large,10.4,5.0,26.2,0
2026-03-17,Istanbul,87.03,83.97,10.85930487,11.27592287,-0.416617994,85.06,Turkey,3,1,0,Spring,Large,6.7,0.3,19.0,0
2025-08-12,Istanbul Sabiha Gokcen,70.79,82.11,13.40355263,10.48157895,2.921973684,92.09,Turkey,8,1,0,Summer,Medium,25.9,0.0,25.7,0
2022-10-24,Antalya,69.93,61.27,20.48012821,23.69835681,-3.218228602,92.49,Turkey,10,0,0,Autumn,Medium,18.6,0.0,13.0,1
2025-04-27,Antalya,75.59,74.03,13.58949153,15.89285714,-2.303365617,92.88,Turkey,4,6,1,Spring,Medium,16.9,0.0,12.1,0
2025-01-11,Istanbul Sabiha Gokcen,69.44,88.82,15.08333333,8.472049689,6.611283644,94.86,Turkey,1,5,1,Winter,Medium,8.6,10.5,18.0,1
2023-04-01,Istanbul,83.84,63.62,11.19360269,20.85008306,-9.656480363,91.57,Turkey,4,5,1,Spring,Large,13.8,0.0,31.8,0
2024-07-20,Antalya,15.35,7.96,91.15643411,85.64059735,5.515836763,93.15,Turkey,7,5,1,Summer,Medium,34.9,0.0,18.6,1
2022-05-20,Istanbul Sabiha Gokcen,76.68,74.3,13.44387515,14.7532277,-1.309352552,95.1,Turkey,5,4,0,Spring,Medium,14.9,0.0,20.9,0
2023-02-21,Istanbul,83.06,67.32,10.01369369,17.98910832,-7.975414625,92.31,Turkey,2,1,0,Winter,Large,9.2,0.0,24.2,0
2022-05-13,Antalya,69.76,61.79,16.10813008,20.95102201,-4.842891931,95.33,Turkey,5,4,0,Spring,Medium,19.5,0.0,20.2,1
2022-10-18,Antalya,68.04,55.14,16.14639175,24.62203196,-8.475640211,93.73,Turkey,10,1,0,Autumn,Medium,23.6,0.0,22.7,1
2022-12-05,Istanbul Sabiha Gokcen,77.46,77.95,13.08961749,12.79849081,0.291126673,97.67,Turkey,12,0,0,Winter,Medium,10.2,0.0,17.3,0
2024-11-07,Antalya,84.21,78.76,8.494736842,16.75949914,-8.264762294,93.15,Turkey,11,3,0,Autumn,Medium,18.1,0.0,19.7,0
2024-01-04,Antalya,86.36,81.2,7.772727273,11.63247863,-3.85975136,95.68,Turkey,1,3,0,Winter,Medium,14.8,0.7,12.7,0
2024-12-20,Istanbul,80.48,78.78,17.5015015,16.64885496,0.85264654,94.4,Turkey,12,4,0,Winter,Large,10.1,0.0,19.2,1
2023-05-17,Antalya,65.79,47.78,16.5037594,24.12246914,-7.618709737,94.63,Turkey,5,2,0,Spring,Medium,22.5,0.4,19.7,1
2024-02-02,Istanbul,83.74,77.46,9.011862587,12.22705314,-3.215190553,92.48,Turkey,2,4,0,Winter,Large,3.9,0.4,20.0,0
2024-03-23,Antalya,88.51,83.51,6.706896552,9.420212766,-2.713316214,96.12,Turkey,3,5,1,Spring,Medium,12.2,0.0,22.3,0
2023-06-15,Antalya,61.94,58.36,18.53392473,24.25045593,-5.716531196,95.74,Turkey,6,3,0,Summer,Medium,24.2,0.0,19.5,1
2025-06-14,Antalya,49.88,51.37,28.48179669,28.68002283,-0.198226141,89.85,Turkey,6,5,1,Summer,Medium,26.4,0.0,15.3,1
2024-03-29,Istanbul,83.15,87.24,12.11464567,10.97131234,1.143333333,94.38,Turkey,3,4,0,Spring,Large,16.1,0.0,19.9,0
2023-10-18,Antalya,73.11,66.99,13.90174863,19.15032362,-5.248574991,95.77,Turkey,10,2,0,Autumn,Medium,20.1,6.8,16.6,0
2024-12-16,Istanbul Sabiha Gokcen,80.67,79.1,9.003067485,9.913432836,-0.910365351,95.66,Turkey,12,0,0,Winter,Medium,7.4,2.7,15.9,0
2023-04-16,Istanbul Sabiha Gokcen,78.75,78.62,11.04442509,9.97637931,1.068045777,95.18,Turkey,4,6,1,Spring,Medium,15.7,3.2,9.5,0
2025-02-09,Antalya,87.39,90.91,6.26981982,5.971818182,0.298001638,88.97,Turkey,2,6,1,Winter,Medium,9.2,0.0,21.4,0
2023-01-29,Antalya,85.57,75.26,7.536082474,10.88367698,-3.347594502,94.64,Turkey,1,6,1,Winter,Medium,11.2,0.0,17.7,0
2024-12-24,Istanbul Sabiha Gokcen,62.66,80.79,16.88961039,9.486754967,7.402855423,95.2,Turkey,12,1,0,Winter,Medium,10.6,11.5,14.7,1
2025-04-25,Istanbul Sabiha Gokcen,75.15,80.99,11.46783626,9.184210526,2.283625731,89.95,Turkey,4,4,0,Spring,Medium,12.5,0.0,10.7,0
2025-12-22,Antalya,81.3,69.53,10.77235772,16.3828125,-5.610454776,86.75,Turkey,12,0,0,Winter,Medium,12.7,44.2,15.6,0
2023-02-06,Istanbul,52.16,32.89,34.14487973,49.91461596,-15.76973623,80.82,Turkey,2,0,0,Winter,Large,2.3,11.3,48.2,1
2025-11-22,Antalya,85.4,81.75,5.591240876,11.5620438,-5.97080292,86.47,Turkey,11,5,1,Autumn,Medium,19.5,0.0,12.6,0
2022-08-16,Antalya,63.92,61.84,18.74905303,30.88314763,-12.1340946,96.07,Turkey,8,1,0,Summer,Medium,27.7,0.0,18.8,1
2024-04-07,Istanbul,81.61,83.71,11.4189781,10.83364286,0.585335245,94.3,Turkey,4,6,1,Spring,Large,11.2,4.3,18.1,0
2024-07-04,Antalya,37.92,30.65,36.65449438,44.1421645,-7.48767012,95.43,Turkey,7,3,0,Summer,Medium,26.8,2.7,19.3,1
2023-05-06,Istanbul,57.85,47.11,20.90440584,28.72567901,-7.821273171,94.55,Turkey,5,5,1,Spring,Large,12.5,4.4,23.1,1
2025-09-06,Istanbul Sabiha Gokcen,57.95,71.09,19.20645299,16.18229167,3.024161325,92.73,Turkey,9,5,1,Autumn,Medium,21.3,11.7,17.8,1
2024-09-06,Istanbul Sabiha Gokcen,64.22,72.03,19.3400426,13.95048232,5.389560283,96.4,Turkey,9,4,0,Autumn,Medium,23.0,0.0,16.3,1
2024-02-04,Antalya,86.78,72.27,6.966942149,15.44537815,-8.478436003,95.21,Turkey,2,6,1,Winter,Medium,10.9,0.0,14.3,0
2024-11-11,Istanbul,85.6,87.06,9.769653333,8.212832801,1.556820532,93.59,Turkey,11,0,0,Autumn,Large,12.3,3.6,19.3,0
2023-11-09,Antalya,85.93,82.76,7.718518519,8.724137931,-1.005619413,97.04,Turkey,11,3,0,Autumn,Medium,19.6,0.0,10.9,0
2024-10-22,Antalya,79.15,71.71,14.98318228,18.95428571,-3.971103438,96.19,Turkey,10,1,0,Autumn,Medium,20.1,0.0,24.6,0
2024-03-05,Antalya,72.53,51.02,25.93406593,31.38469388,-5.450627943,92.24,Turkey,3,1,0,Spring,Medium,13.1,14.8,30.3,1
2024-07-14,Istanbul Sabiha Gokcen,39.21,55.56,28.90714286,23.34938272,5.557760141,96.05,Turkey,7,6,1,Summer,Medium,26.7,0.0,22.6,1
2024-01-18,Istanbul,76.95,64.18,13.39008475,24.12481607,-10.73473133,91.64,Turkey,1,3,0,Winter,Large,11.8,1.2,41.6,0
2022-09-10,Istanbul,62.8,62.5,25.38060413,22.43718354,2.943420589,95.76,Turkey,9,5,1,Autumn,Large,22.1,0.0,9.4,1
2025-06-12,Antalya,72.7,72.21,13.71551724,19.22347866,-5.507961414,91.57,Turkey,6,3,0,Summer,Medium,26.2,0.0,16.4,0
2023-05-18,Istanbul Sabiha Gokcen,66.89,61.03,16.20819113,19.2591954,-3.051004276,94.95,Turkey,5,3,0,Spring,Medium,14.3,11.9,13.4,1
2022-06-07,Antalya,64.73,53.82,18.36944444,28.67224242,-10.30279798,95.87,Turkey,6,1,0,Summer,Medium,23.7,2.4,16.6,1
2022-08-17,Antalya,58.2,57.4,22.62014991,26.85093537,-4.230785462,97.28,Turkey,8,2,0,Summer,Medium,27.5,0.0,19.1,1
2022-09-12,Antalya,57.38,56.51,23.29273224,26.08486772,-2.792135484,92.16,Turkey,9,0,0,Autumn,Medium,25.8,0.0,14.3,1
2023-06-29,Istanbul,80.31,74.67,11.93152639,11.43849493,0.493031456,92.63,Turkey,6,3,0,Summer,Large,19.6,2.0,22.7,0
2022-07-24,Istanbul Sabiha Gokcen,67.4,70.29,15.27472527,18.40259662,-3.127871344,95.88,Turkey,7,6,1,Summer,Medium,25.3,0.0,17.6,1
2023-03-16,Istanbul,75.52,62.65,16.35298851,20.32839931,-3.975410806,90.74,Turkey,3,3,0,Spring,Large,9.0,9.0,19.5,1
2022-04-29,Istanbul,76.99,65.44,13.88206522,20.33848039,-6.456415175,94.61,Turkey,4,4,0,Spring,Large,12.7,0.0,22.3,0
2022-01-13,Antalya,90.74,82.14,3.37037037,19.72797619,-16.35760582,91.3,Turkey,1,3,0,Winter,Medium,10.8,2.6,30.9,0
2023-03-26,Istanbul,76.73,61.48,13.57608347,22.64612224,-9.070038772,91.61,Turkey,3,6,1,Spring,Large,10.9,10.1,13.5,0
2024-05-06,Istanbul,89.06,86.9,7.502228977,6.975702811,0.526526165,95.39,Turkey,5,0,0,Spring,Large,12.1,0.0,13.9,0
2024-02-27,Istanbul Sabiha Gokcen,81.36,89.93,10.35304659,8.375899281,1.977147314,94.68,Turkey,2,1,0,Winter,Medium,8.9,0.0,15.9,0
2022-08-10,Istanbul,66.13,55.01,18.87766185,22.86388447,-3.986222621,94.7,Turkey,8,2,0,Summer,Large,24.4,10.6,28.1,1
2022-04-06,Istanbul,89.84,73.77,7.602520692,13.05866966,-5.456148964,91.2,Turkey,4,2,0,Spring,Large,9.6,0.0,14.0,0
2025-11-16,Istanbul,86.02,84.69,8.186875892,9.280448259,-1.093572368,92.27,Turkey,11,6,1,Autumn,Large,12.2,0.0,15.9,0
2024-10-29,Antalya,81.59,82.81,9.204452467,15.39649123,-6.192038761,81.02,Turkey,10,1,0,Autumn,Medium,20.4,0.0,18.8,0
2022-04-24,Istanbul,84.65,75.81,7.995555556,12.32355511,-4.327999552,94.7,Turkey,4,6,1,Spring,Large,14.9,0.0,15.2,0
2024-04-22,Antalya,87.43,77.66,6.670157068,11.93401015,-5.263853084,95.53,Turkey,4,0,0,Spring,Medium,17.9,0.0,13.4,0
2022-04-01,Antalya,81.54,55.08,10.62987179,21.29336158,-10.66348979,90.96,Turkey,4,4,0,Spring,Medium,14.9,0.0,9.9,0
2026-03-30,Istanbul,75.07,78.1,16.95652174,15.32420749,1.632314246,82.05,Turkey,3,0,0,Spring,Large,9.5,38.8,18.9,1
2025-02-12,Istanbul,87.54,85.41,8.085271318,10.00212825,-1.91685693,89.66,Turkey,2,2,0,Winter,Large,2.5,4.6,24.1,0
2024-12-10,Antalya,89.74,85.9,4.102564103,6.551282051,-2.448717949,92.78,Turkey,12,1,0,Winter,Medium,14.8,3.5,8.8,0
2025-10-08,Istanbul Sabiha Gokcen,74.58,80.06,11.01675978,8.662921348,2.353838428,89.16,Turkey,10,2,0,Autumn,Medium,15.3,3.8,15.8,0
2025-08-15,Antalya,64.97,63.13,25.73808971,22.86009985,2.877989867,92.69,Turkey,8,4,0,Summer,Medium,29.6,0.0,15.6,1
2022-01-27,Antalya,80.36,75.47,10.32380952,12.03050314,-1.706693621,86.08,Turkey,1,3,0,Winter,Medium,5.5,0.0,35.6,0
2025-10-25,Istanbul Sabiha Gokcen,47.48,57.63,27.94429708,22.52219298,5.4221041,91.26,Turkey,10,5,1,Autumn,Medium,16.6,43.3,19.6,1
2023-09-21,Istanbul,73.71,72.01,15.69128508,14.420724,1.270561077,89.53,Turkey,9,3,0,Autumn,Large,20.4,0.0,14.8,1
2026-01-16,Istanbul,72.43,68.84,16.36252381,19.05826251,-2.695738702,92.95,Turkey,1,4,0,Winter,Large,6.2,3.0,23.4,1
2024-06-14,Istanbul,57.68,49.24,28.8867784,30.13495146,-1.248173058,93.81,Turkey,6,4,0,Summer,Large,24.2,15.3,35.7,1
2023-04-13,Istanbul,73.14,61.06,15.28040541,20.68790904,-5.407503635,92.54,Turkey,4,3,0,Spring,Large,11.6,0.1,19.5,1
2025-09-14,Istanbul Sabiha Gokcen,68.8,74.55,14.47058824,12.00771208,2.462876153,91.82,Turkey,9,6,1,Autumn,Medium,21.2,0.0,22.5,0
2022-07-03,Istanbul,55.3,51.05,25.59785209,29.52094777,-3.923095672,92.52,Turkey,7,6,1,Summer,Large,22.8,0.0,29.4,1
2022-09-26,Istanbul Sabiha Gokcen,74.16,73.78,11.41198502,13.36073658,-1.948751561,96.83,Turkey,9,0,0,Autumn,Medium,17.5,0.0,12.8,0
2024-10-07,Antalya,79.33,77.26,13.58358663,13.73760933,-0.154022703,94.17,Turkey,10,0,0,Autumn,Medium,24.0,0.1,15.1,0
2023-11-15,Antalya,90.08,86.89,3.991735537,9.139344262,-5.147608725,96.55,Turkey,11,2,0,Autumn,Medium,17.9,0.0,19.0,0
2025-01-07,Istanbul Sabiha Gokcen,59.24,76.16,17.61146497,12.21247241,5.398992562,94.78,Turkey,1,1,0,Winter,Medium,9.4,0.0,11.2,1
2025-04-02,Istanbul,82.51,73.82,11.15691233,13.3578207,-2.200908365,94.8,Turkey,4,2,0,Spring,Large,9.3,6.0,18.2,0
2023-06-29,Antalya,74.64,70.8,14.73576288,19.41280992,-4.677047041,96.13,Turkey,6,3,0,Summer,Medium,25.1,0.0,13.8,0
2022-09-30,Istanbul,62.86,61.64,21.78507503,20.15565574,1.629419289,94.88,Turkey,9,4,0,Autumn,Large,22.8,0.0,15.3,1
2025-03-14,Antalya,91.74,91.96,8.678899083,5.125,3.553899083,90.23,Turkey,3,4,0,Spring,Medium,18.6,0.0,14.6,0
2023-08-29,Antalya,44.02,43.72,35.97694746,34.14611693,1.830830535,95.37,Turkey,8,1,0,Summer,Medium,29.5,0.0,23.6,1
2025-04-03,Istanbul Sabiha Gokcen,84.44,85.34,7.449567723,6.548850575,0.900717149,88.51,Turkey,4,3,0,Spring,Medium,11.3,5.7,10.8,0
2024-08-03,Istanbul,44.26,55.54,42.41839402,33.14086174,9.277532282,95.09,Turkey,8,5,1,Summer,Large,25.5,0.0,16.1,1
2024-09-04,Istanbul Sabiha Gokcen,68.67,75.34,19.13333333,15.42781532,3.705518018,94.85,Turkey,9,2,0,Autumn,Medium,24.0,1.1,19.0,1
2023-05-02,Antalya,75.11,69.17,13.86666667,18.30083333,-4.434166667,91.45,Turkey,5,1,0,Spring,Medium,16.9,0.0,16.4,0
2023-09-26,Antalya,66.56,52.13,15.99900105,27.69390244,-11.69490139,93.08,Turkey,9,1,0,Autumn,Medium,26.0,0.0,14.6,1
2024-04-22,Istanbul,84.74,76.84,9.188395639,16.79547546,-7.607079821,94.96,Turkey,4,0,0,Spring,Large,15.0,0.3,22.4,0
2025-11-27,Antalya,88.17,87.1,5.11827957,8.774193548,-3.655913978,83.74,Turkey,11,3,0,Autumn,Medium,15.9,8.0,13.2,0
2025-01-31,Antalya,84.31,84.16,7.411764706,9.465346535,-2.053581829,90.77,Turkey,1,4,0,Winter,Medium,12.5,0.3,14.7,0
2024-02-04,Istanbul Sabiha Gokcen,40.26,68.77,22.61943557,13.18927445,9.430161122,95.86,Turkey,2,6,1,Winter,Medium,7.2,2.0,17.6,1
2025-01-20,Antalya,89.74,89.29,8.346153846,6.095238095,2.250915751,88.18,Turkey,1,0,0,Winter,Medium,14.0,0.0,23.7,0
2023-06-30,Istanbul Sabiha Gokcen,69.28,66.67,15.6873494,16.78297655,-1.095627157,96.34,Turkey,6,4,0,Summer,Medium,20.7,0.0,12.5,1
2025-11-20,Antalya,89.81,84.4,4.111111111,7.844036697,-3.732925586,86.03,Turkey,11,3,0,Autumn,Medium,17.7,0.0,14.5,0
2023-06-23,Antalya,47.14,41.69,33.10885559,39.49173263,-6.382877044,95.9,Turkey,6,4,0,Summer,Medium,28.0,0.0,19.8,1
2024-05-29,Istanbul Sabiha Gokcen,81.97,82.03,9.988743169,7.778587571,2.210155599,92.13,Turkey,5,2,0,Spring,Medium,18.0,0.0,10.8,0
2024-12-11,Antalya,91.01,84.09,4.640449438,6.772727273,-2.132277835,91.07,Turkey,12,2,0,Winter,Medium,14.8,0.0,14.1,0
2022-03-11,Antalya,60.76,50.0,33.39050633,30.34100877,3.049497557,87.5,Turkey,3,4,0,Spring,Medium,6.9,0.4,36.4,1
2023-09-17,Antalya,66.11,65.26,21.14084967,25.15973684,-4.018887169,94.87,Turkey,9,6,1,Autumn,Medium,28.3,0.0,19.4,1
2026-04-02,Istanbul,83.06,69.75,14.78603269,20.69941263,-5.913379939,92.06,Turkey,4,3,0,Spring,Large,12.5,21.7,28.0,0
2025-08-07,Istanbul Sabiha Gokcen,56.05,64.78,19.42894737,16.92180805,2.507139314,91.59,Turkey,8,3,0,Summer,Medium,26.1,0.5,22.3,1
2023-12-23,Istanbul,62.13,51.34,26.8177464,33.35595638,-6.538209975,91.13,Turkey,12,5,1,Winter,Large,8.7,2.8,33.3,1
2023-04-11,Antalya,88.64,79.69,12.57973485,11.27335069,1.306384154,90.45,Turkey,4,1,0,Spring,Medium,13.4,2.0,17.7,0
2022-02-04,Istanbul,89.62,80.28,7.354401806,10.4023318,-3.047929998,93.7,Turkey,2,4,0,Winter,Large,3.2,0.0,22.7,0
2022-08-20,Istanbul Sabiha Gokcen,57.3,60.99,22.47250608,21.593026,0.879480078,97.58,Turkey,8,5,1,Summer,Medium,24.8,0.7,19.6,1
2025-10-03,Antalya,73.54,62.68,18.34486246,24.65589431,-6.311031849,90.43,Turkey,10,4,0,Autumn,Medium,22.5,2.6,21.8,1
2024-11-21,Antalya,70.91,68.97,18.23636364,17.63247126,0.603892372,90.41,Turkey,11,3,0,Autumn,Medium,15.4,4.2,12.3,1
2022-04-20,Antalya,86.18,85.9,6.515679825,9.735470085,-3.219790261,96.05,Turkey,4,2,0,Spring,Medium,15.3,0.0,17.8,0
2024-12-30,Istanbul Sabiha Gokcen,86.65,88.99,8.267080745,5.877675841,2.389404904,95.93,Turkey,12,0,0,Winter,Medium,6.6,0.0,17.8,0
2022-12-21,Antalya,77.23,70.87,15.56815182,17.49644013,-1.928288314,88.8,Turkey,12,2,0,Winter,Medium,11.6,0.0,33.8,1
2026-04-17,Istanbul,89.67,80.47,6.617176128,10.63108174,-4.013905614,89.84,Turkey,4,4,0,Spring,Large,10.4,0.0,27.9,0
2023-06-18,Antalya,63.91,58.97,22.7928501,26.73025362,-3.937403525,95.31,Turkey,6,6,1,Summer,Medium,22.4,1.9,16.6,1
2026-03-08,Istanbul Sabiha Gokcen,86.1,90.39,7.450151057,5.188788789,2.261362269,89.92,Turkey,3,6,1,Spring,Medium,6.0,0.0,21.5,0
2024-03-17,Istanbul Sabiha Gokcen,88.22,95.03,9.747474747,2.768211921,6.979262827,94.74,Turkey,3,6,1,Spring,Medium,8.0,0.0,19.0,0
2024-10-18,Istanbul,70.34,73.82,18.54110601,18.0000761,0.541029911,94.49,Turkey,10,4,0,Autumn,Large,12.3,1.3,21.7,1
2026-01-09,Istanbul Sabiha Gokcen,52.88,49.86,29.17808219,33.97520661,-4.79712442,91.87,Turkey,1,4,0,Winter,Medium,5.0,0.3,23.1,1
2023-08-26,Antalya,37.76,36.48,36.268955,40.24190476,-3.972949766,95.45,Turkey,8,5,1,Summer,Medium,28.3,0.0,15.1,1
2023-08-01,Antalya,54.01,54.88,28.47717485,29.06739837,-0.590223525,95.89,Turkey,8,1,0,Summer,Medium,28.3,0.0,20.2,1
2023-05-13,Antalya,39.81,52.32,26.69994606,25.54066047,1.159285588,94.95,Turkey,5,5,1,Spring,Medium,21.9,0.0,25.0,1
2025-05-19,Istanbul Sabiha Gokcen,74.64,75.64,11.4606414,12.74498567,-1.284344274,90.54,Turkey,5,0,0,Spring,Medium,16.2,0.0,11.6,0
2022-06-27,Antalya,45.14,43.2,36.69258098,40.56455186,-3.871970881,94.44,Turkey,6,0,0,Summer,Medium,27.3,0.0,26.1,1
2025-01-15,Istanbul Sabiha Gokcen,71.43,82.86,15.04772487,8.46984127,6.577883598,96.08,Turkey,1,2,0,Winter,Medium,6.6,10.0,24.3,1
2023-03-24,Istanbul,84.03,77.27,9.717058824,13.18667228,-3.469613455,93.99,Turkey,3,4,0,Spring,Large,8.2,0.0,15.9,0
2024-09-18,Istanbul,85.97,81.91,8.92818408,10.48433824,-1.556154156,95.1,Turkey,9,2,0,Autumn,Large,20.0,4.4,19.8,0
2025-08-09,Istanbul Sabiha Gokcen,71.36,79.64,15.13554987,14.28795589,0.847593977,92.05,Turkey,8,5,1,Summer,Medium,25.7,0.0,23.5,1
2023-04-17,Antalya,69.63,54.63,17.01055846,19.18886179,-2.178303324,96.15,Turkey,4,0,0,Spring,Medium,17.0,0.0,13.6,1
2025-11-21,Antalya,83.74,77.52,8.679810298,18.95348837,-10.27367807,86.36,Turkey,11,4,0,Autumn,Medium,18.6,0.0,17.4,0
2025-02-19,Istanbul Sabiha Gokcen,48.21,64.29,39.84690554,19.81972789,20.02717765,94.96,Turkey,2,2,0,Winter,Medium,3.4,18.7,31.1,1
2025-02-21,Istanbul,74.09,73.61,20.20581114,18.17917676,2.026634383,59.84,Turkey,2,4,0,Winter,Large,0.1,3.7,27.8,1
2026-03-23,Istanbul Sabiha Gokcen,81.97,84.77,13.2084507,10.56159004,2.646860666,95.91,Turkey,3,0,0,Spring,Medium,8.7,0.5,9.2,0
2022-05-25,Istanbul Sabiha Gokcen,82.64,81.08,8.876855346,11.28584299,-2.40898764,94.54,Turkey,5,2,0,Spring,Medium,20.4,1.5,18.2,0
2024-12-01,Istanbul,83.49,82.48,11.66975309,10.964677,0.705076084,94.08,Turkey,12,6,1,Winter,Large,11.2,0.3,34.2,0
2025-05-29,Antalya,71.96,70.03,18.51713396,24.1305638,-5.613429842,91.83,Turkey,5,3,0,Spring,Medium,21.3,5.1,22.1,1
2025-04-19,Antalya,78.67,83.99,10.47333333,8.558224401,1.915108932,89.95,Turkey,4,5,1,Spring,Medium,16.8,0.0,15.0,0
2022-08-16,Istanbul,66.45,59.18,19.58787879,22.58948087,-3.001602086,95.29,Turkey,8,1,0,Summer,Large,24.8,0.0,17.9,1
2025-05-02,Istanbul Sabiha Gokcen,84.88,86.76,7.802325581,6.855882353,0.946443228,91.79,Turkey,5,4,0,Spring,Medium,12.0,0.8,14.8,0
2024-04-28,Istanbul Sabiha Gokcen,83.54,84.39,9.962025316,7.957805907,2.004219409,95.76,Turkey,4,6,1,Spring,Medium,15.0,0.3,23.2,0
2024-06-11,Istanbul,77.88,74.82,13.99626352,13.67120547,0.325058054,94.33,Turkey,6,1,0,Summer,Large,27.9,0.0,17.6,0
2024-10-04,Istanbul Sabiha Gokcen,48.25,58.39,26.21904762,23.35994624,2.859101382,93.7,Turkey,10,4,0,Autumn,Medium,21.4,0.0,11.3,1
2023-05-18,Istanbul,66.92,64.38,16.44787924,17.22762047,-0.779741225,93.27,Turkey,5,3,0,Spring,Large,13.5,12.6,22.0,1
2024-11-03,Istanbul,74.5,79.0,15.99201443,15.35093861,0.641075816,93.84,Turkey,11,6,1,Autumn,Large,12.8,0.4,29.1,1
2023-12-22,Antalya,76.19,61.83,11.81746032,21.51145038,-9.693990064,95.45,Turkey,12,4,0,Winter,Medium,12.1,2.9,20.2,0
2026-03-22,Antalya,83.09,72.54,8.323529412,12.14084507,-3.817315659,93.18,Turkey,3,6,1,Spring,Medium,12.5,10.2,11.2,0
2026-02-14,Istanbul Sabiha Gokcen,50.28,57.39,29.71718165,25.25850242,4.458679232,96.05,Turkey,2,5,1,Winter,Medium,10.6,4.6,20.7,1
2024-05-06,Antalya,79.34,68.5,13.61157025,15.98215223,-2.370581983,94.15,Turkey,5,0,0,Spring,Medium,20.0,0.0,21.7,0
2026-01-23,Antalya,66.67,59.0,24.87878788,31.526,-6.647212121,84.21,Turkey,1,4,0,Winter,Medium,11.2,57.0,23.7,1
2022-11-08,Istanbul Sabiha Gokcen,89.61,91.82,7.015728716,4.71469697,2.301031746,96.67,Turkey,11,1,0,Autumn,Medium,12.2,0.0,15.0,0
2024-09-06,Istanbul,62.54,69.0,25.12730047,21.00329593,4.124004537,95.14,Turkey,9,4,0,Autumn,Large,22.4,0.0,13.5,1
2024-05-02,Istanbul,82.92,82.42,11.75976927,12.04347612,-0.283706852,94.06,Turkey,5,3,0,Spring,Large,13.4,0.2,15.8,0
2024-07-15,Antalya,39.52,36.12,41.93633952,48.97813268,-7.041793156,93.81,Turkey,7,0,0,Summer,Medium,31.8,0.0,22.9,1
2024-05-23,Istanbul Sabiha Gokcen,69.97,69.28,13.81421725,13.24291939,0.571297862,92.26,Turkey,5,3,0,Spring,Medium,17.1,4.1,19.2,0
2022-02-13,Antalya,95.65,93.33,2.255072464,4.12037037,-1.865297907,95.33,Turkey,2,6,1,Winter,Medium,10.2,0.0,12.4,0
2023-11-16,Istanbul Sabiha Gokcen,41.75,56.29,24.91582492,20.92301325,3.992811671,95.12,Turkey,11,3,0,Autumn,Medium,13.2,22.5,22.3,1
2023-08-17,Istanbul,61.93,61.48,19.8969697,23.9194211,-4.022451405,89.74,Turkey,8,3,0,Summer,Large,25.4,0.0,28.3,1
2023-04-24,Antalya,73.36,61.47,14.14922118,17.56039755,-3.41117637,93.48,Turkey,4,0,0,Spring,Medium,17.9,0.0,23.8,0
2025-07-29,Antalya,64.94,65.63,26.32345679,24.89781225,1.425644539,92.35,Turkey,7,1,0,Summer,Medium,28.9,0.0,14.8,1
2024-04-08,Istanbul,86.85,88.13,7.937308869,6.657407407,1.279901461,94.44,Turkey,4,0,0,Spring,Large,11.7,0.0,22.3,0
2024-05-22,Istanbul Sabiha Gokcen,75.17,75.68,11.32214765,10.19520548,1.126942172,92.77,Turkey,5,2,0,Spring,Medium,19.0,0.0,18.6,0
2022-09-27,Istanbul,70.09,65.69,16.43843658,19.21132075,-2.772884177,93.69,Turkey,9,1,0,Autumn,Large,19.2,6.6,26.0,1
2023-11-08,Istanbul Sabiha Gokcen,68.38,83.2,13.94538867,8.65625,5.289138669,95.6,Turkey,11,2,0,Autumn,Medium,17.7,0.0,10.1,0
2025-07-18,Istanbul,76.86,80.97,14.3479006,12.79565773,1.552242873,93.42,Turkey,7,4,0,Summer,Large,23.8,0.0,20.2,0
2026-04-24,Istanbul Sabiha Gokcen,89.04,87.82,6.237579909,6.130311615,0.107268294,88.0,Turkey,4,4,0,Spring,Medium,11.6,0.0,9.6,0
2022-08-29,Istanbul,61.08,61.6,24.90236887,22.80528322,2.097085642,94.15,Turkey,8,0,0,Summer,Large,24.8,0.0,18.9,1
2023-03-03,Antalya,78.64,78.22,8.033333333,10.6820132,-2.648679868,93.55,Turkey,3,4,0,Spring,Medium,15.7,0.0,22.8,0
2023-04-29,Istanbul Sabiha Gokcen,67.22,69.44,15.55367893,14.81395349,0.739725441,96.3,Turkey,4,5,1,Spring,Medium,10.5,0.5,13.8,1
2025-09-23,Antalya,76.56,64.12,19.97881944,28.09160305,-8.112783609,90.98,Turkey,9,1,0,Autumn,Medium,24.6,0.0,13.7,1
2025-09-06,Antalya,61.39,60.46,19.21518987,21.61283644,-2.397646566,92.42,Turkey,9,5,1,Autumn,Medium,26.4,4.4,13.7,1
2026-03-15,Antalya,86.79,82.14,4.443396226,9.017857143,-4.574460916,92.91,Turkey,3,6,1,Spring,Medium,17.3,0.1,21.6,0
2024-04-29,Istanbul Sabiha Gokcen,86.4,86.84,6.899122807,7.033114035,-0.133991228,97.15,Turkey,4,0,0,Spring,Medium,14.4,0.4,18.6,0
2024-01-13,Antalya,82.41,77.88,7.648148148,10.83185841,-3.183710259,94.62,Turkey,1,5,1,Winter,Medium,10.7,0.0,26.3,0
2022-08-12,Istanbul Sabiha Gokcen,61.94,72.66,17.39792388,13.10472895,4.293194925,96.82,Turkey,8,4,0,Summer,Medium,23.2,1.4,19.9,1
2022-04-17,Antalya,75.49,65.84,11.91601307,18.59009901,-6.674085938,94.47,Turkey,4,6,1,Spring,Medium,16.7,0.5,11.2,0
2023-04-18,Antalya,64.25,61.54,25.66685289,19.03623932,6.63061357,94.55,Turkey,4,1,0,Spring,Medium,17.3,0.5,15.2,1
2023-08-20,Antalya,60.25,57.55,25.75382716,30.77841981,-5.024592651,95.72,Turkey,8,6,1,Summer,Medium,28.2,0.0,13.7,1
2023-09-27,Istanbul Sabiha Gokcen,70.61,64.96,12.60454002,14.84020681,-2.235666789,90.99,Turkey,9,2,0,Autumn,Medium,22.3,0.0,27.5,0
2024-12-17,Istanbul Sabiha Gokcen,67.65,75.34,14.47058824,11.35810811,3.112480127,94.86,Turkey,12,1,0,Winter,Medium,7.6,0.0,12.3,0
2026-01-15,Istanbul,77.97,69.74,14.12024155,20.06215887,-5.941917324,92.76,Turkey,1,3,0,Winter,Large,9.1,0.0,23.6,0
2024-03-23,Istanbul Sabiha Gokcen,88.61,90.58,6.629893238,4.344202899,2.28569034,94.5,Turkey,3,5,1,Spring,Medium,6.9,0.0,10.2,0
2025-11-10,Istanbul,80.8,86.3,11.49107143,7.275405007,4.215666421,92.2,Turkey,11,0,0,Autumn,Large,16.5,0.0,11.6,0
2024-05-20,Istanbul,89.5,87.65,7.847792998,7.917118474,-0.069325475,95.39,Turkey,5,0,0,Spring,Large,15.4,0.0,19.3,0
2025-08-14,Istanbul Sabiha Gokcen,76.76,78.91,11.51174935,10.10182292,1.409926431,93.41,Turkey,8,3,0,Summer,Medium,24.9,0.0,30.0,0
2025-12-26,Istanbul,82.18,76.66,9.455586987,11.75106082,-2.295473833,92.85,Turkey,12,4,0,Winter,Large,6.0,3.2,23.0,0
2022-02-27,Istanbul Sabiha Gokcen,82.76,85.77,9.217688378,5.908205128,3.30948325,92.98,Turkey,2,6,1,Winter,Medium,7.4,0.1,24.5,0
2025-02-01,Istanbul,74.92,73.4,16.7327472,16.03409321,0.698653985,94.24,Turkey,2,5,1,Winter,Large,7.8,0.0,12.6,1
2022-11-19,Antalya,55.56,56.76,22.29791667,23.2838964,-0.98597973,88.36,Turkey,11,5,1,Autumn,Medium,17.6,7.6,14.2,1
2024-08-19,Istanbul,66.57,68.47,18.257805,19.20901094,-0.951205942,95.11,Turkey,8,0,0,Summer,Large,24.7,0.5,14.9,1
2026-05-24,Istanbul,87.41,85.89,7.755186722,8.793914246,-1.038727524,94.41,Turkey,5,6,1,Spring,Large,17.2,1.3,23.5,0
2024-05-31,Antalya,46.13,42.27,31.89398281,36.39226519,-4.498282385,93.47,Turkey,5,4,0,Spring,Medium,21.7,0.0,18.0,1
2026-05-04,Istanbul,87.81,84.23,8.7578125,10.34915773,-1.591345234,91.16,Turkey,5,0,0,Spring,Large,11.1,0.1,28.8,0
2025-10-29,Antalya,81.82,74.77,11.01567398,22.32239108,-11.3067171,91.0,Turkey,10,2,0,Autumn,Medium,20.6,0.3,22.2,0
2022-06-15,Istanbul Sabiha Gokcen,80.93,76.15,10.17937743,11.19076923,-1.011391799,95.8,Turkey,6,2,0,Summer,Medium,21.6,0.1,23.7,0
2022-03-09,Istanbul Sabiha Gokcen,88.38,78.16,6.357912458,9.402184466,-3.044272008,89.08,Turkey,3,2,0,Spring,Medium,3.4,1.1,23.5,0
2024-12-30,Antalya,84.76,80.0,6.933333333,11.14782609,-4.214492754,87.94,Turkey,12,0,0,Winter,Medium,10.5,0.0,24.3,0
2022-01-23,Istanbul Sabiha Gokcen,16.59,26.64,81.7399187,82.43652648,-0.696607781,72.82,Turkey,1,6,1,Winter,Medium,-0.5,1.2,25.9,1
2023-12-07,Antalya,86.25,85.19,6.5125,8.222222222,-1.709722222,96.04,Turkey,12,3,0,Winter,Medium,14.1,4.0,11.7,0
2022-09-09,Istanbul Sabiha Gokcen,57.44,69.26,18.1650519,13.48274441,4.682307498,97.05,Turkey,9,4,0,Autumn,Medium,21.4,0.0,15.6,1
2026-01-05,Istanbul,67.16,61.1,22.1839497,27.5329463,-5.348996595,92.61,Turkey,1,0,0,Winter,Large,14.1,0.0,32.1,1
2025-02-04,Istanbul,89.89,85.58,7.369630234,9.308508914,-1.93887868,93.08,Turkey,2,1,0,Winter,Large,5.0,0.3,24.8,0
2026-04-29,Istanbul Sabiha Gokcen,90.03,95.78,6.583081571,2.042168675,4.540912896,86.77,Turkey,4,2,0,Spring,Medium,12.4,0.0,13.8,0
2022-08-08,Antalya,50.57,51.1,28.68866667,29.80169414,-1.113027473,96.54,Turkey,8,0,0,Summer,Medium,28.3,0.0,17.8,1
2022-04-26,Istanbul,88.82,76.68,7.722580645,13.33841036,-5.615829719,94.57,Turkey,4,1,0,Spring,Large,14.1,0.0,16.2,0
2022-10-19,Antalya,71.57,63.98,14.77279822,19.69404762,-4.921249403,94.67,Turkey,10,2,0,Autumn,Medium,20.6,0.0,13.2,0
2024-06-21,Istanbul Sabiha Gokcen,42.04,41.64,37.72072072,38.26990881,-0.549188094,96.13,Turkey,6,4,0,Summer,Medium,24.5,0.1,29.4,1
2022-04-23,Istanbul Sabiha Gokcen,92.95,86.78,4.425697504,5.684287812,-1.258590308,95.1,Turkey,4,5,1,Spring,Medium,17.3,0.4,9.2,0
2026-01-08,Istanbul Sabiha Gokcen,33.14,28.74,44.50802113,52.42605083,-7.918029697,90.93,Turkey,1,3,0,Winter,Medium,11.9,20.1,38.4,1
2025-09-22,Antalya,75.0,71.43,14.84489796,18.72439432,-3.87949636,89.73,Turkey,9,0,0,Autumn,Medium,25.8,0.0,16.8,0
2024-01-14,Istanbul Sabiha Gokcen,72.73,80.07,14.02342657,10.81756757,3.205859006,93.38,Turkey,1,6,1,Winter,Medium,1.9,0.0,14.8,0
2026-02-17,Istanbul Sabiha Gokcen,75.43,72.46,12.31791908,14.64014493,-2.322225852,94.82,Turkey,2,1,0,Winter,Medium,12.6,8.7,15.4,0
2022-05-16,Antalya,72.53,62.5,14.15934066,22.9855,-8.826159341,94.78,Turkey,5,0,0,Spring,Medium,21.3,0.0,23.2,0
2024-11-05,Istanbul,80.53,80.17,11.19328933,13.46559229,-2.272302958,93.73,Turkey,11,1,0,Autumn,Large,11.4,0.0,23.3,0
2025-04-27,Istanbul Sabiha Gokcen,86.51,87.72,7.017595308,6.002994012,1.014601296,89.51,Turkey,4,6,1,Spring,Medium,12.5,0.2,26.0,0
2023-03-06,Antalya,90.11,80.0,3.835164835,9.309824561,-5.474659726,95.19,Turkey,3,0,0,Spring,Medium,12.2,0.0,16.8,0
2025-03-02,Istanbul Sabiha Gokcen,79.59,85.63,9.902366864,6.592375367,3.309991497,95.29,Turkey,3,6,1,Spring,Medium,7.2,2.6,19.2,0
2022-06-09,Istanbul Sabiha Gokcen,85.28,78.54,8.595031447,11.13045977,-2.535428324,96.55,Turkey,6,3,0,Summer,Medium,20.9,4.2,14.0,0
2026-02-08,Istanbul,73.71,70.61,14.68678161,14.59288499,0.093896619,94.13,Turkey,2,6,1,Winter,Large,8.3,9.5,10.7,0
2022-01-30,Antalya,93.33,78.89,5.857962963,11.71537037,-5.857407407,90.18,Turkey,1,6,1,Winter,Medium,8.4,24.0,13.2,0
2023-11-12,Istanbul Sabiha Gokcen,30.8,33.67,40.44463668,50.63945578,-10.1948191,91.44,Turkey,11,6,1,Autumn,Medium,16.9,1.4,30.6,1
2023-04-22,Istanbul,68.99,59.7,20.78592977,22.32323457,-1.537304795,94.58,Turkey,4,5,1,Spring,Large,11.5,0.0,14.5,1
2025-10-30,Istanbul Sabiha Gokcen,76.19,86.0,14.08123249,9.07447619,5.006756303,95.14,Turkey,10,3,0,Autumn,Medium,13.7,0.0,9.3,0
2025-03-29,Antalya,87.33,73.79,8.08,11.02068966,-2.940689655,93.43,Turkey,3,5,1,Spring,Medium,16.6,1.4,28.3,0
2025-08-16,Antalya,48.04,43.29,29.03333333,29.35875084,-0.325417502,94.29,Turkey,8,5,1,Summer,Medium,28.7,0.0,13.3,1
2023-07-16,Antalya,65.57,62.35,18.55126582,26.18161471,-7.630348885,94.7,Turkey,7,6,1,Summer,Medium,34.4,0.0,24.3,1
2024-02-09,Istanbul Sabiha Gokcen,63.41,83.6,18.21451104,8.241693462,9.972817579,94.27,Turkey,2,4,0,Winter,Medium,11.4,0.0,13.3,1
2022-05-02,Istanbul Sabiha Gokcen,80.07,78.18,9.804951691,10.38157576,-0.576624067,95.61,Turkey,5,0,0,Spring,Medium,13.7,0.0,28.8,0
2023-05-21,Antalya,42.21,45.72,26.97589389,28.00657895,-1.03068506,96.58,Turkey,5,6,1,Spring,Medium,19.3,0.0,12.0,1
2024-09-05,Istanbul Sabiha Gokcen,67.76,73.93,15.01315789,13.60066007,1.412497829,94.41,Turkey,9,3,0,Autumn,Medium,23.5,0.2,14.8,1
2023-01-06,Istanbul Sabiha Gokcen,60.99,64.36,15.38652482,17.03633218,-1.649807357,95.45,Turkey,1,4,0,Winter,Medium,9.2,0.6,18.1,1
2025-05-06,Istanbul Sabiha Gokcen,81.23,82.78,11.57646154,10.6776435,0.898818034,89.92,Turkey,5,1,0,Spring,Medium,21.2,0.0,14.0,0
2022-04-02,Istanbul Sabiha Gokcen,87.01,72.15,7.142857143,13.48656821,-6.343711071,95.2,Turkey,4,5,1,Spring,Medium,16.6,0.0,33.6,0
2024-01-02,Istanbul,73.71,62.99,16.5374376,19.22581169,-2.688374084,92.16,Turkey,1,1,0,Winter,Large,10.6,6.3,23.2,1
2024-04-28,Istanbul,83.24,87.11,9.720602527,8.898280802,0.822321724,94.8,Turkey,4,6,1,Spring,Large,13.9,7.4,23.4,0
2025-06-23,Istanbul,76.71,74.57,11.92139738,13.99142857,-2.070031192,89.76,Turkey,6,0,0,Summer,Large,21.7,0.0,18.5,0
2023-09-08,Istanbul Sabiha Gokcen,56.07,59.19,18.62601246,18.05519211,0.570820353,94.3,Turkey,9,4,0,Autumn,Medium,23.7,0.0,29.4,1
2023-09-18,Istanbul,75.15,71.08,17.21366279,16.12419664,1.089466148,92.19,Turkey,9,0,0,Autumn,Large,21.6,0.0,30.0,1
2024-04-08,Istanbul Sabiha Gokcen,75.73,86.19,10.52914923,5.575383543,4.95376569,87.33,Turkey,4,0,0,Spring,Medium,12.5,0.0,25.1,0
2022-05-14,Istanbul,78.14,65.31,11.70761991,17.09672566,-5.389105749,94.94,Turkey,5,5,1,Spring,Large,18.9,0.0,15.9,0
2025-02-26,Istanbul,84.7,85.83,9.471608833,10.74761155,-1.276002716,94.21,Turkey,2,2,0,Winter,Large,3.8,0.0,11.7,0
2026-03-14,Istanbul,90.28,86.88,10.24311183,9.6448,0.598311831,88.99,Turkey,3,5,1,Spring,Large,7.1,0.3,20.1,0
2023-02-21,Antalya,91.46,78.31,6.985569106,18.29016064,-11.30459154,94.39,Turkey,2,1,0,Winter,Medium,12.8,0.0,22.1,0
2026-02-04,Istanbul Sabiha Gokcen,75.94,75.58,12.71884058,12.07325581,0.645584766,93.01,Turkey,2,2,0,Winter,Medium,7.0,0.0,11.0,0
2022-11-30,Istanbul Sabiha Gokcen,84.0,83.18,7.67962963,6.549772727,1.129856902,96.27,Turkey,11,2,0,Autumn,Medium,12.8,1.5,22.4,0
2023-07-08,Antalya,54.01,61.26,27.61434748,28.98348348,-1.369135999,95.25,Turkey,7,5,1,Summer,Medium,31.1,0.0,24.1,1
2023-08-08,Antalya,66.15,64.34,15.533118,20.26159601,-4.728478008,96.26,Turkey,8,1,0,Summer,Medium,27.4,0.0,14.3,1
2022-09-10,Antalya,46.04,45.68,28.29663257,31.9690535,-3.672420932,94.02,Turkey,9,5,1,Autumn,Medium,26.4,0.0,19.5,1
2025-11-18,Istanbul Sabiha Gokcen,74.43,78.63,12.11494253,12.13105413,-0.016111602,96.02,Turkey,11,1,0,Autumn,Medium,14.9,0.0,9.0,0
2023-02-07,Istanbul,34.71,22.75,61.19133987,80.15262808,-18.96128821,85.84,Turkey,2,1,0,Winter,Large,1.1,3.1,38.8,1
2026-03-24,Antalya,85.09,78.95,8.798245614,12.6755848,-3.877339181,95.52,Turkey,3,1,0,Spring,Medium,11.9,17.0,13.4,0
2025-05-05,Antalya,84.06,78.35,8.467572464,12.62027491,-4.15270245,89.42,Turkey,5,0,0,Spring,Medium,17.8,0.0,18.8,0
2022-03-03,Antalya,80.56,73.24,9.601157407,16.02464789,-6.42349048,96.55,Turkey,3,3,0,Spring,Medium,9.9,0.8,37.3,0
2022-08-29,Antalya,59.59,56.91,17.30353682,20.91155617,-3.608019348,97.29,Turkey,8,0,0,Summer,Medium,26.1,0.0,14.0,1
2022-03-25,Istanbul,85.71,71.9,10.06955267,15.0925885,-5.023035826,94.58,Turkey,3,4,0,Spring,Large,6.9,0.2,20.2,0
2024-03-13,Antalya,72.15,73.17,58.49367089,28.0597561,30.43391479,90.32,Turkey,3,2,0,Spring,Medium,13.7,0.5,15.0,1
2022-02-28,Istanbul Sabiha Gokcen,91.36,88.76,5.79691358,6.448728246,-0.651814666,94.05,Turkey,2,0,0,Winter,Medium,6.1,5.5,18.5,0
2026-02-22,Istanbul Sabiha Gokcen,86.87,87.43,6.843575419,8.112476723,-1.268901304,94.32,Turkey,2,6,1,Winter,Medium,6.0,6.8,22.7,0
2022-05-11,Istanbul Sabiha Gokcen,79.17,64.26,8.928030303,14.13751584,-5.20948554,94.76,Turkey,5,2,0,Spring,Medium,14.5,0.0,17.8,0
2026-03-24,Istanbul Sabiha Gokcen,43.73,48.99,27.16909621,32.09772947,-4.928633259,95.8,Turkey,3,1,0,Spring,Medium,9.2,0.4,16.1,1
2026-02-10,Antalya,91.67,85.54,9.011904762,9.325301205,-0.313396443,83.81,Turkey,2,1,0,Winter,Medium,12.9,5.4,17.1,0
2022-12-08,Istanbul,68.39,63.71,16.6861984,22.34338374,-5.657185345,94.41,Turkey,12,3,0,Winter,Large,10.7,0.0,18.7,1
2022-06-18,Istanbul,62.91,54.05,19.62843137,22.972411,-3.343979631,96.02,Turkey,6,5,1,Summer,Large,20.1,0.0,26.4,1
2023-02-19,Istanbul Sabiha Gokcen,50.18,55.7,21.15479532,22.4163311,-1.261535775,92.92,Turkey,2,6,1,Winter,Medium,12.7,0.0,23.2,1
2022-03-12,Antalya,68.24,64.37,23.49098039,20.54042146,2.950558936,89.92,Turkey,3,5,1,Spring,Medium,5.2,0.0,29.0,1
2023-12-23,Antalya,66.43,57.33,18.95,24.75977778,-5.809777778,94.51,Turkey,12,5,1,Winter,Medium,13.6,0.1,17.7,1
2024-09-23,Antalya,76.44,66.67,13.47701149,19.10277778,-5.625766284,92.77,Turkey,9,0,0,Autumn,Medium,24.4,0.0,20.5,0
2023-03-12,Istanbul,74.96,64.63,14.57147794,19.41457663,-4.843098697,94.8,Turkey,3,6,1,Spring,Large,8.6,2.8,25.0,0
2023-10-08,Istanbul,66.96,63.64,20.72118807,18.55661376,2.164574315,89.77,Turkey,10,6,1,Autumn,Large,18.4,0.0,18.6,1
2025-10-10,Antalya,72.22,63.7,14.51932367,20.90865385,-6.389330175,91.39,Turkey,10,4,0,Autumn,Medium,20.0,0.0,21.1,0
2024-11-08,Istanbul,81.17,82.25,12.40277778,12.29212963,0.110648148,94.47,Turkey,11,4,0,Autumn,Large,13.1,0.0,23.6,0
2024-03-31,Istanbul,85.82,83.91,11.05935143,10.29554598,0.763805456,94.13,Turkey,3,6,1,Spring,Large,17.2,0.0,20.6,0
2023-05-29,Istanbul,62.06,59.43,22.07982591,25.33881347,-3.258987565,93.95,Turkey,5,0,0,Spring,Large,17.2,5.7,22.8,1
2022-09-19,Istanbul,76.79,72.23,14.66112059,19.09782369,-4.4367031,94.53,Turkey,9,0,0,Autumn,Large,18.3,0.0,19.2,0
2022-02-17,Antalya,86.36,76.47,6.250252525,8.66495098,-2.414698455,96.0,Turkey,2,3,0,Winter,Medium,10.3,0.0,9.4,0
2022-01-05,Istanbul Sabiha Gokcen,87.61,84.33,9.971941896,14.76651306,-4.794571161,91.67,Turkey,1,2,0,Winter,Medium,10.6,0.0,13.3,0
2026-02-16,Istanbul,82.19,75.64,13.71252495,15.02197995,-1.309455,93.39,Turkey,2,0,0,Winter,Large,13.4,2.6,27.9,0
2022-07-20,Istanbul Sabiha Gokcen,64.64,68.75,16.49892857,15.82242647,0.676502101,97.34,Turkey,7,2,0,Summer,Medium,23.3,0.0,27.5,1
2026-02-01,Istanbul,66.23,65.82,23.85714286,20.00502724,3.852115616,93.38,Turkey,2,6,1,Winter,Large,5.4,17.5,33.0,1
2025-11-07,Antalya,82.48,77.59,11.73390313,12.04038728,-0.306484141,93.66,Turkey,11,4,0,Autumn,Medium,17.9,13.2,16.9,0
2024-01-02,Antalya,82.76,75.0,7.372413793,10.40972222,-3.037308429,96.55,Turkey,1,1,0,Winter,Medium,14.0,16.7,12.4,0
2024-03-25,Istanbul,72.65,61.49,19.58221477,25.56568131,-5.983466541,93.91,Turkey,3,0,0,Spring,Large,9.6,5.1,33.3,1
2024-08-05,Istanbul Sabiha Gokcen,61.42,72.19,26.69135802,18.82505208,7.866305941,95.4,Turkey,8,0,0,Summer,Medium,25.2,0.3,21.5,1
2025-06-27,Istanbul,68.27,72.59,17.63342258,16.89788324,0.735539335,91.98,Turkey,6,4,0,Summer,Large,25.4,0.0,19.8,1
2025-08-26,Istanbul,79.43,82.05,12.1328125,10.76202861,1.370783891,93.06,Turkey,8,1,0,Summer,Large,22.1,0.0,22.5,0
2022-06-04,Istanbul,78.09,64.09,13.34602899,19.30782998,-5.961800992,95.8,Turkey,6,5,1,Summer,Large,20.9,0.0,28.7,0
2023-02-04,Istanbul,75.5,52.33,13.63711111,25.88333333,-12.24622222,93.93,Turkey,2,5,1,Winter,Large,3.1,4.6,23.6,0
2026-02-13,Istanbul Sabiha Gokcen,60.0,61.84,24.94479452,24.68245125,0.262343267,94.36,Turkey,2,4,0,Winter,Medium,12.1,5.7,11.2,1
2024-07-01,Istanbul,61.89,66.15,24.05873926,21.72915486,2.329584392,95.31,Turkey,7,0,0,Summer,Large,23.9,0.0,20.5,1
2023-02-26,Istanbul Sabiha Gokcen,62.99,68.81,15.74994069,15.12350282,0.626437863,93.1,Turkey,2,6,1,Winter,Medium,13.6,0.0,15.2,1
2024-03-29,Istanbul Sabiha Gokcen,72.15,85.23,13.17449664,7.520134228,5.654362416,95.18,Turkey,3,4,0,Spring,Medium,14.6,0.0,13.3,0
2026-01-30,Istanbul Sabiha Gokcen,58.15,63.61,29.61684783,27.09819444,2.518653382,94.5,Turkey,1,4,0,Winter,Medium,11.3,5.0,30.9,1
2026-05-10,Istanbul Sabiha Gokcen,63.03,63.35,16.40088702,14.55255682,1.848330203,88.94,Turkey,5,6,1,Spring,Medium,18.4,0.2,12.7,1
2023-02-21,Istanbul Sabiha Gokcen,78.75,76.86,11.02694444,12.89745179,-1.870507346,95.26,Turkey,2,1,0,Winter,Medium,8.9,0.0,22.4,0
2025-12-05,Antalya,71.29,56.19,16.88118812,27.20269841,-10.32151029,78.57,Turkey,12,4,0,Winter,Medium,14.3,39.1,14.9,1
2024-03-18,Istanbul Sabiha Gokcen,89.06,94.91,7.215408805,4.763575758,2.451833047,94.81,Turkey,3,0,0,Spring,Medium,7.6,0.0,9.2,0
2026-01-28,Istanbul Sabiha Gokcen,72.62,70.18,15.8184438,16.08479532,-0.266351518,94.24,Turkey,1,2,0,Winter,Medium,10.4,0.1,10.6,1
2022-06-01,Antalya,62.65,55.27,19.36977951,25.87224242,-6.502462917,93.37,Turkey,6,2,0,Summer,Medium,22.0,0.0,18.8,1
2022-02-19,Istanbul Sabiha Gokcen,82.55,75.76,9.209007092,12.09033189,-2.881324798,97.57,Turkey,2,5,1,Winter,Medium,5.5,0.0,9.4,0
2023-10-26,Istanbul,56.08,48.64,22.52917325,32.31281233,-9.783639085,92.9,Turkey,10,3,0,Autumn,Large,21.4,1.4,31.7,1
2026-02-27,Istanbul Sabiha Gokcen,78.09,83.67,11.69382022,12.79369628,-1.09987605,94.86,Turkey,2,4,0,Winter,Medium,4.2,0.2,15.8,0
2022-10-28,Istanbul,82.03,74.69,12.73775208,12.27727273,0.460479349,94.6,Turkey,10,4,0,Autumn,Large,15.3,0.2,24.2,0
2025-07-19,Istanbul,73.7,74.87,15.59490017,14.79882479,0.796075387,93.46,Turkey,7,5,1,Summer,Large,24.6,0.0,19.5,1
2023-09-19,Antalya,75.56,73.62,15.73022508,18.17648262,-2.446257537,92.77,Turkey,9,1,0,Autumn,Medium,27.2,0.0,18.6,1
2023-05-08,Istanbul Sabiha Gokcen,64.24,70.88,14.08993056,15.23491228,-1.144981725,95.98,Turkey,5,0,0,Spring,Medium,13.5,0.0,22.3,0
2024-02-12,Istanbul,86.98,77.85,10.86143573,14.63716069,-3.775724969,93.57,Turkey,2,0,0,Winter,Large,13.3,6.2,27.4,0
2023-05-07,Antalya,38.93,39.46,32.93208333,45.21575964,-12.2836763,96.11,Turkey,5,6,1,Spring,Medium,17.1,5.0,15.5,1
2024-04-21,Antalya,80.72,70.17,7.966816143,13.54201681,-5.575200663,93.88,Turkey,4,6,1,Spring,Medium,17.5,0.1,20.3,0
2025-10-09,Istanbul Sabiha Gokcen,60.27,72.58,19.33424658,14.4721145,4.862132079,91.02,Turkey,10,3,0,Autumn,Medium,13.8,14.6,23.1,1
2022-06-14,Istanbul,79.26,67.01,11.76033978,20.00031339,-8.239973613,90.95,Turkey,6,1,0,Summer,Large,21.4,0.0,16.6,0
2025-10-16,Istanbul Sabiha Gokcen,68.22,74.66,13.76438356,10.97520661,2.78917695,90.87,Turkey,10,3,0,Autumn,Medium,14.9,0.6,20.1,0
2022-08-22,Antalya,59.65,48.75,22.19512671,25.40932595,-3.214199241,96.85,Turkey,8,0,0,Summer,Medium,27.5,0.0,17.3,1
2023-12-12,Istanbul Sabiha Gokcen,85.82,86.9,8.951492537,7.28968254,1.661809998,95.56,Turkey,12,1,0,Winter,Medium,8.7,0.0,10.2,0
2024-04-17,Istanbul Sabiha Gokcen,55.84,61.9,21.27929293,16.65533911,4.623953824,95.76,Turkey,4,2,0,Spring,Medium,20.0,0.1,13.7,1
2025-03-16,Antalya,87.93,88.03,4.75862069,4.931623932,-0.173003242,90.85,Turkey,3,6,1,Spring,Medium,18.3,0.0,12.4,0
2025-04-07,Istanbul,77.34,73.59,10.7502193,13.90045695,-3.150237652,94.44,Turkey,4,0,0,Spring,Large,5.6,13.1,29.9,0
2023-08-11,Istanbul Sabiha Gokcen,27.7,38.82,35.36423712,32.22852941,3.135707712,96.25,Turkey,8,4,0,Summer,Medium,22.9,2.6,19.9,1
2026-03-03,Antalya,94.74,94.74,13.36842105,3.236842105,10.13157895,94.32,Turkey,3,1,0,Spring,Medium,12.2,0.0,12.7,0
2023-07-14,Istanbul Sabiha Gokcen,36.97,48.62,28.90419192,25.00164103,3.902550894,95.3,Turkey,7,4,0,Summer,Medium,28.2,0.0,18.9,1
2024-05-09,Antalya,76.63,67.62,13.93869732,17.83274021,-3.894042896,93.63,Turkey,5,3,0,Spring,Medium,19.1,0.0,11.2,0
2023-02-20,Antalya,83.53,82.02,5.258823529,11.98876404,-6.729940516,95.15,Turkey,2,0,0,Winter,Medium,10.6,0.0,11.4,0
2025-04-25,Antalya,58.84,67.94,23.34494585,19.67851336,3.666432492,90.96,Turkey,4,4,0,Spring,Medium,16.1,18.3,13.8,1
2024-01-30,Antalya,91.03,85.0,4.833333333,12.8,-7.966666667,94.12,Turkey,1,1,0,Winter,Medium,9.7,0.1,24.2,0
2023-02-15,Istanbul,71.95,61.59,19.78028455,20.90294118,-1.122656624,91.98,Turkey,2,2,0,Winter,Large,4.2,0.6,28.6,1
2024-05-01,Istanbul Sabiha Gokcen,78.85,77.29,10.98678414,9.004366812,1.982417329,98.1,Turkey,5,2,0,Spring,Medium,14.2,5.7,22.5,0
2025-02-08,Istanbul,86.53,88.15,9.390092879,10.42769231,-1.037599428,94.58,Turkey,2,5,1,Winter,Large,3.7,4.0,27.2,0
2022-07-19,Istanbul Sabiha Gokcen,63.14,69.53,16.36216545,15.95698925,0.405176203,96.94,Turkey,7,1,0,Summer,Medium,22.0,0.0,28.6,1
2022-05-30,Antalya,67.38,60.08,20.77567954,28.79489247,-8.019212931,92.88,Turkey,5,0,0,Spring,Medium,24.0,0.0,16.3,1
2022-04-04,Antalya,95.79,82.18,2.526315789,15.7029703,-13.17665451,91.96,Turkey,4,0,0,Spring,Medium,15.8,0.0,15.0,0
2022-01-18,Antalya,96.0,94.23,1.612666667,3.299358974,-1.686692308,82.35,Turkey,1,1,0,Winter,Medium,8.2,0.3,36.0,0
2024-11-19,Istanbul,85.37,89.07,9.161790017,6.509700176,2.652089841,93.6,Turkey,11,1,0,Autumn,Large,8.8,0.0,8.2,0
2026-04-13,Istanbul,87.71,82.12,8.913404148,10.61411616,-1.700712014,86.35,Turkey,4,0,0,Spring,Large,8.2,0.0,14.8,0
2024-08-24,Istanbul Sabiha Gokcen,67.59,75.54,16.3117284,13.13931889,3.17240951,96.81,Turkey,8,5,1,Summer,Medium,25.6,0.2,23.1,1
2025-05-20,Antalya,85.26,77.63,9.975438596,12.43389831,-2.458459709,91.14,Turkey,5,1,0,Spring,Medium,21.2,0.0,20.2,0
2024-02-11,Istanbul Sabiha Gokcen,56.73,69.38,18.33472222,15.49973958,2.834982639,95.51,Turkey,2,6,1,Winter,Medium,14.1,0.0,23.2,1
2025-03-26,Istanbul,91.8,89.92,7.308049536,6.818914729,0.489134807,95.31,Turkey,3,2,0,Spring,Large,15.7,0.0,20.4,0
2023-07-01,Istanbul Sabiha Gokcen,71.86,65.77,12.3496008,15.51256256,-3.162961764,97.14,Turkey,7,5,1,Summer,Medium,22.4,0.0,17.5,0
2025-09-08,Istanbul Sabiha Gokcen,76.47,85.37,11.55467914,9.792553191,1.762125953,91.25,Turkey,9,0,0,Autumn,Medium,21.0,0.9,16.0,0
2023-12-19,Istanbul Sabiha Gokcen,85.77,89.02,6.291970803,4.825757576,1.466213227,95.38,Turkey,12,1,0,Winter,Medium,7.1,0.0,9.6,0
2026-01-02,Istanbul,77.38,67.79,14.37636321,19.03797468,-4.661611478,93.19,Turkey,1,4,0,Winter,Large,2.3,0.0,30.3,0
2025-11-05,Istanbul,79.3,83.7,12.8083211,10.37481481,2.433506282,92.96,Turkey,11,2,0,Autumn,Large,15.3,15.2,22.9,0
2025-05-18,Istanbul Sabiha Gokcen,45.8,56.4,24.34492754,22.13372093,2.211206606,89.51,Turkey,5,6,1,Spring,Medium,14.8,6.9,12.1,1
2023-01-07,Antalya,75.2,73.91,17.08,19.50217391,-2.422173913,93.9,Turkey,1,5,1,Winter,Medium,12.0,0.0,21.0,1
2023-05-06,Istanbul Sabiha Gokcen,48.65,56.67,24.32021396,24.98938889,-0.669174925,96.68,Turkey,5,5,1,Spring,Medium,12.9,0.6,22.0,1
2025-03-08,Antalya,93.81,92.11,4.785693215,5.456140351,-0.670447136,88.03,Turkey,3,5,1,Spring,Medium,14.6,0.0,13.2,0
2025-01-13,Antalya,84.42,76.47,8.025974026,17.72941176,-9.703437739,87.62,Turkey,1,0,0,Winter,Medium,14.5,4.5,18.5,0
2024-11-29,Istanbul,80.09,86.73,11.7549763,8.46940495,3.285571353,94.42,Turkey,11,4,0,Autumn,Large,8.6,0.0,12.4,0
2024-09-26,Istanbul Sabiha Gokcen,74.42,83.88,11.6910299,8.996710526,2.694319374,95.95,Turkey,9,3,0,Autumn,Medium,20.4,0.0,18.0,0
2022-08-27,Antalya,50.73,45.82,28.73984628,36.14848846,-7.408642186,97.39,Turkey,8,5,1,Summer,Medium,26.3,0.4,15.3,1
2026-05-06,Istanbul Sabiha Gokcen,82.74,88.89,7.652823018,6.324635241,1.328187777,80.7,Turkey,5,2,0,Spring,Medium,13.6,0.0,11.5,0
2026-03-13,Antalya,90.74,90.18,5.259259259,6.5625,-1.303240741,92.13,Turkey,3,4,0,Spring,Medium,13.7,0.0,14.0,0
2024-11-19,Istanbul Sabiha Gokcen,76.64,89.83,12.00328947,6.549152542,5.454136931,95.98,Turkey,11,1,0,Autumn,Medium,10.7,0.1,6.0,0
2026-01-27,Antalya,75.0,64.29,21.1375,27.75,-6.6125,85.32,Turkey,1,1,0,Winter,Medium,11.8,36.9,31.1,1
2025-09-28,Istanbul Sabiha Gokcen,75.91,81.89,10.39378238,8.660544218,1.733238166,91.69,Turkey,9,6,1,Autumn,Medium,17.5,0.0,20.2,0
2026-03-20,Antalya,85.27,83.21,8.84496124,8.190839695,0.654121546,92.45,Turkey,3,4,0,Spring,Medium,12.7,23.0,13.1,0
2024-03-07,Istanbul,79.32,82.03,11.83591815,12.20110926,-0.365191115,93.29,Turkey,3,3,0,Spring,Large,7.2,0.0,15.5,0
2024-02-03,Antalya,86.84,77.78,6.938596491,11.48412698,-4.545530493,96.5,Turkey,2,5,1,Winter,Medium,11.0,1.1,14.9,0
2022-05-17,Istanbul Sabiha Gokcen,87.55,85.38,7.04461738,8.531025641,-1.486408261,92.33,Turkey,5,1,0,Spring,Medium,18.7,0.0,13.0,0
2022-04-17,Istanbul Sabiha Gokcen,72.16,74.6,11.03339869,10.37261905,0.660779645,93.97,Turkey,4,6,1,Spring,Medium,11.8,6.0,27.7,0
2022-09-06,Istanbul,62.27,59.65,20.25680945,22.39059486,-2.13378541,94.46,Turkey,9,1,0,Autumn,Large,20.8,0.7,29.5,1
2024-03-01,Istanbul Sabiha Gokcen,42.68,51.95,30.92197452,29.87445887,1.047515648,93.95,Turkey,3,4,0,Spring,Medium,10.4,0.0,10.5,1
2022-02-08,Istanbul,87.3,67.46,10.26133157,19.0372575,-8.775925926,91.45,Turkey,2,1,0,Winter,Large,5.7,52.1,42.8,0
2025-08-02,Istanbul Sabiha Gokcen,57.8,64.8,23.14066496,23.25901361,-0.118348644,92.08,Turkey,8,5,1,Summer,Medium,26.0,0.5,26.0,1
2023-04-25,Istanbul,65.61,47.49,18.04790404,29.07785388,-11.02994984,93.88,Turkey,4,1,0,Spring,Large,14.6,0.0,22.1,1
2024-11-13,Antalya,89.93,89.93,3.979865772,9.577181208,-5.597315436,94.15,Turkey,11,2,0,Autumn,Medium,16.5,0.0,13.3,0
2022-07-12,Istanbul Sabiha Gokcen,83.88,81.72,8.798534799,9.85391791,-1.055383112,95.86,Turkey,7,1,0,Summer,Medium,22.6,0.0,21.0,0
2024-06-07,Istanbul,71.7,70.12,17.40784457,18.15591716,-0.748072585,94.18,Turkey,6,4,0,Summer,Large,22.6,0.0,19.7,1
2023-10-05,Antalya,58.54,53.76,21.23681435,26.51478805,-5.277973708,94.56,Turkey,10,3,0,Autumn,Medium,23.2,0.0,14.0,1
2025-12-09,Istanbul Sabiha Gokcen,48.12,61.06,27.22898551,21.78977384,5.439211663,95.2,Turkey,12,1,0,Winter,Medium,8.7,0.0,15.8,1
2023-11-11,Istanbul Sabiha Gokcen,12.77,32.62,74.14940898,69.74875887,4.400650118,92.86,Turkey,11,5,1,Autumn,Medium,17.4,14.5,42.6,1
2023-08-22,Antalya,65.08,62.97,17.45286596,23.82355164,-6.370685676,96.18,Turkey,8,1,0,Summer,Medium,28.6,0.0,15.2,1
2022-11-20,Istanbul,70.52,60.37,16.59544947,22.07962653,-5.484177063,93.12,Turkey,11,6,1,Autumn,Large,19.9,0.0,28.0,1
2025-06-22,Antalya,60.87,55.0,21.69697357,25.26353175,-3.566558174,91.73,Turkey,6,6,1,Summer,Medium,28.9,0.0,19.6,1
2022-07-12,Istanbul,77.76,68.33,17.37011885,21.49086111,-4.120742266,94.57,Turkey,7,1,0,Summer,Large,21.2,2.2,19.5,1
2022-05-29,Istanbul,72.53,56.91,13.99386595,21.06510047,-7.071234524,94.95,Turkey,5,6,1,Spring,Large,22.6,0.0,16.6,0
2026-05-12,Istanbul,85.76,80.32,8.161471519,12.33496,-4.173488481,92.14,Turkey,5,1,0,Spring,Large,20.3,0.3,22.5,0
2022-02-21,Antalya,89.29,89.83,13.64791667,13.9740113,-0.326094633,93.85,Turkey,2,0,0,Winter,Medium,12.7,2.0,8.5,0
2023-08-10,Antalya,64.86,66.08,22.10063063,26.41126582,-4.310635192,95.07,Turkey,8,3,0,Summer,Medium,27.4,0.0,15.5,1
2023-08-23,Antalya,55.67,54.48,24.76322418,29.68683176,-4.92360758,94.84,Turkey,8,2,0,Summer,Medium,29.5,0.0,21.1,1
2023-07-25,Istanbul Sabiha Gokcen,51.94,58.31,24.39172043,24.48355049,-0.091830058,92.71,Turkey,7,1,0,Summer,Medium,26.4,0.0,12.2,1
2023-06-19,Antalya,71.56,70.27,14.1575,18.10025025,-3.94275025,95.3,Turkey,6,0,0,Summer,Medium,22.6,2.8,14.1,0
2025-02-06,Istanbul,71.28,79.82,16.51013514,11.05964912,5.450486012,91.48,Turkey,2,3,0,Winter,Large,2.3,5.5,29.5,1
2023-04-11,Istanbul Sabiha Gokcen,87.97,82.01,6.572544952,10.27608089,-3.703535941,94.7,Turkey,4,1,0,Spring,Medium,9.1,6.9,28.4,0
2023-03-20,Antalya,82.29,79.59,12.5,18.95867347,-6.458673469,91.87,Turkey,3,0,0,Spring,Medium,16.4,0.0,25.4,0
2026-04-16,Antalya,90.26,86.29,4.328205128,8.717935702,-4.389730574,88.0,Turkey,4,3,0,Spring,Medium,19.9,0.0,15.5,0
2023-05-22,Istanbul,76.46,67.84,14.66307692,16.12473201,-1.461655083,94.16,Turkey,5,0,0,Spring,Large,15.5,1.0,21.6,0
2023-11-13,Antalya,83.76,79.55,11.02806268,10.26666667,0.761396011,94.29,Turkey,11,0,0,Autumn,Medium,18.5,9.2,16.2,0
2024-09-15,Istanbul Sabiha Gokcen,72.58,78.66,12.48693548,10.36624204,2.120693446,94.64,Turkey,9,6,1,Autumn,Medium,21.9,6.2,20.8,0
2025-07-16,Antalya,65.61,67.22,18.1402439,20.55829403,-2.418050123,92.52,Turkey,7,2,0,Summer,Medium,28.0,4.6,18.2,1
2025-03-23,Istanbul,93.46,90.02,5.186915888,8.834659386,-3.647743499,94.57,Turkey,3,6,1,Spring,Large,10.3,0.9,16.0,0
2022-01-16,Istanbul,88.48,77.95,9.414823349,12.39951745,-2.984694097,91.99,Turkey,1,6,1,Winter,Large,2.4,0.0,19.6,0
2025-02-14,Istanbul Sabiha Gokcen,61.09,72.59,18.2218845,12.9470405,5.274844,94.72,Turkey,2,4,0,Winter,Medium,5.3,0.0,10.5,1
2023-10-21,Istanbul Sabiha Gokcen,27.69,28.57,36.14777416,43.83284632,-7.685072162,95.74,Turkey,10,5,1,Autumn,Medium,19.8,0.0,12.9,1
2024-10-31,Istanbul Sabiha Gokcen,84.09,84.26,8.260443723,7.059945355,1.200498368,88.2,Turkey,10,3,0,Autumn,Medium,14.4,0.1,15.7,0
2024-10-29,Istanbul,88.54,89.57,8.161458333,7.347008547,0.814449786,83.87,Turkey,10,1,0,Autumn,Large,14.4,0.0,18.2,0
2022-05-01,Antalya,71.11,62.8,17.73222222,27.35093333,-9.618711111,94.03,Turkey,5,6,1,Spring,Medium,23.2,0.0,25.1,1
2024-11-17,Istanbul Sabiha Gokcen,79.52,89.09,9.527108434,6.833282828,2.693825605,94.75,Turkey,11,6,1,Autumn,Medium,11.2,0.0,18.0,0
2026-05-19,Istanbul Sabiha Gokcen,89.27,94.48,5.048022599,3.688953488,1.35906911,87.41,Turkey,5,1,0,Spring,Medium,19.1,0.0,18.8,0
2026-02-11,Istanbul,88.69,78.8,8.793690297,15.2578597,-6.464169406,94.13,Turkey,2,2,0,Winter,Large,6.8,0.0,22.0,0
2025-05-03,Istanbul,82.8,81.21,10.97813411,11.13256262,-0.15442851,95.33,Turkey,5,5,1,Spring,Large,11.7,0.0,13.0,0
2022-05-15,Antalya,63.09,57.14,18.31816881,26.01333333,-7.695164521,94.24,Turkey,5,6,1,Spring,Medium,20.2,0.0,20.2,1
2023-12-07,Istanbul Sabiha Gokcen,76.04,83.56,13.44791667,9.372545662,4.075371005,95.83,Turkey,12,3,0,Winter,Medium,10.9,2.5,10.1,0
2022-05-16,Istanbul Sabiha Gokcen,80.87,73.38,9.656498195,13.43914868,-3.782650486,94.61,Turkey,5,0,0,Spring,Medium,17.9,0.0,11.6,0
2024-10-31,Istanbul,87.58,88.49,9.418874172,11.01023689,-1.591362714,93.06,Turkey,10,3,0,Autumn,Large,14.4,0.2,20.7,0
2025-05-16,Antalya,71.28,68.56,16.29078014,15.40468227,0.886097868,90.19,Turkey,5,4,0,Spring,Medium,19.1,0.7,17.9,1
2025-01-01,Istanbul Sabiha Gokcen,85.53,88.34,8.809210526,6.988633687,1.82057684,93.98,Turkey,1,2,0,Winter,Medium,5.9,0.0,7.3,0
2023-05-27,Antalya,18.08,34.16,50.8590379,37.14880624,13.71023166,94.73,Turkey,5,5,1,Spring,Medium,22.1,1.7,15.5,1
2023-08-09,Istanbul,64.42,61.14,18.94913268,23.72119313,-4.772060452,91.55,Turkey,8,2,0,Summer,Large,22.8,0.0,30.1,1
2025-09-02,Istanbul Sabiha Gokcen,78.24,84.42,11.80051813,7.816493506,3.984024628,93.02,Turkey,9,1,0,Autumn,Medium,25.1,0.0,14.2,0
2022-10-11,Istanbul,81.68,73.47,11.03755686,15.3096056,-4.272048743,91.94,Turkey,10,1,0,Autumn,Large,17.1,0.0,23.8,0
2022-09-25,Istanbul,77.59,68.79,14.5553542,19.23959695,-4.684242749,94.0,Turkey,9,6,1,Autumn,Large,15.7,0.0,13.4,0
2024-06-06,Istanbul Sabiha Gokcen,55.35,74.84,19.14984709,13.99875776,5.151089331,94.44,Turkey,6,3,0,Summer,Medium,24.1,0.0,24.0,1
2022-09-09,Antalya,56.56,47.59,25.6771137,29.17256846,-3.495454758,93.15,Turkey,9,4,0,Autumn,Medium,27.6,0.0,19.1,1
2022-11-13,Istanbul Sabiha Gokcen,58.99,67.24,17.03711031,13.58551724,3.45159307,95.96,Turkey,11,6,1,Autumn,Medium,13.6,0.0,19.2,1
2025-03-27,Istanbul Sabiha Gokcen,85.84,89.47,7.421189774,6.160818713,1.26037106,95.66,Turkey,3,3,0,Spring,Medium,17.1,0.0,15.4,0
2022-05-03,Antalya,85.79,71.07,6.519125683,16.44213198,-9.923006297,93.39,Turkey,5,1,0,Spring,Medium,19.7,0.2,16.4,0
2024-01-07,Istanbul Sabiha Gokcen,27.18,32.35,65.15201342,64.59716776,0.554845667,92.04,Turkey,1,6,1,Winter,Medium,12.0,6.8,23.9,1
2024-12-04,Istanbul,84.5,87.98,11.44371941,8.90224359,2.541475823,93.3,Turkey,12,2,0,Winter,Large,8.7,16.5,17.6,0
2022-03-04,Istanbul Sabiha Gokcen,72.97,79.27,13.54021879,11.29674797,2.243470823,95.58,Turkey,3,4,0,Spring,Medium,5.3,1.2,11.8,0
2024-11-27,Antalya,83.84,88.54,9.452525253,8.958333333,0.494191919,92.5,Turkey,11,2,0,Autumn,Medium,11.0,0.0,17.9,0
2023-07-22,Antalya,46.87,51.32,34.3970611,36.74049708,-2.343435978,95.64,Turkey,7,5,1,Summer,Medium,33.9,0.0,23.8,1
2026-04-23,Istanbul Sabiha Gokcen,84.94,82.67,7.872159091,7.129782197,0.742376894,88.41,Turkey,4,3,0,Spring,Medium,10.1,0.8,13.3,0
2022-11-17,Istanbul,60.74,59.48,19.50366784,22.68017241,-3.176504573,91.14,Turkey,11,3,0,Autumn,Large,15.1,2.7,34.7,1
2023-03-14,Istanbul Sabiha Gokcen,86.44,86.27,9.250988701,7.668383405,1.582605296,92.62,Turkey,3,1,0,Spring,Medium,7.0,0.0,20.4,0
2026-03-15,Istanbul Sabiha Gokcen,87.43,88.6,7.722222222,5.783674464,1.938547758,94.75,Turkey,3,6,1,Spring,Medium,7.9,0.6,12.8,0
2026-02-07,Istanbul Sabiha Gokcen,69.34,69.63,16.98634193,18.83667622,-1.850334288,96.0,Turkey,2,5,1,Winter,Medium,11.1,5.6,16.4,1
2022-01-20,Istanbul Sabiha Gokcen,68.8,66.53,14.86973333,16.92110215,-2.051368817,94.29,Turkey,1,3,0,Winter,Medium,4.1,0.0,21.7,0
2024-06-01,Istanbul,73.86,72.47,14.10425844,13.95414187,0.150116578,95.81,Turkey,6,5,1,Summer,Large,23.4,0.0,17.1,0
2023-08-02,Istanbul,62.43,61.65,22.5142381,22.88901515,-0.374777056,90.06,Turkey,8,2,0,Summer,Large,25.6,0.0,12.7,1
2025-03-07,Istanbul,94.25,91.1,5.765087992,5.163751987,0.601336004,93.98,Turkey,3,4,0,Spring,Large,6.7,0.0,16.4,0
2026-05-20,Antalya,87.96,81.98,10.73722628,16.28621908,-5.548992804,89.67,Turkey,5,2,0,Spring,Medium,19.2,2.3,17.7,0
2022-11-15,Antalya,93.75,88.89,5.5625,7.548575499,-1.986075499,92.03,Turkey,11,1,0,Autumn,Medium,15.4,0.0,12.3,0
2025-05-24,Istanbul,89.91,87.01,7.143465909,8.30027933,-1.156813421,96.28,Turkey,5,5,1,Spring,Large,21.2,0.0,15.7,0
2024-06-09,Istanbul Sabiha Gokcen,55.69,64.83,22.00564103,21.94189602,0.063745001,92.68,Turkey,6,6,1,Summer,Medium,23.5,0.0,23.3,1
2022-10-02,Antalya,54.91,54.6,23.90900771,27.09507892,-3.186071216,93.48,Turkey,10,6,1,Autumn,Medium,28.7,0.0,19.2,1
2024-02-09,Istanbul,87.18,81.01,13.77391775,15.24659091,-1.47267316,92.42,Turkey,2,4,0,Winter,Large,12.5,0.0,26.4,0
2023-10-20,Antalya,53.78,37.91,26.62843992,40.39800995,-13.76957003,96.25,Turkey,10,4,0,Autumn,Medium,21.2,0.0,13.1,1
2024-01-31,Istanbul,83.71,79.87,11.32062975,12.65015974,-1.329529994,93.83,Turkey,1,2,0,Winter,Large,5.1,1.6,30.6,0
2025-02-25,Istanbul Sabiha Gokcen,42.49,64.38,25.90095847,19.85441176,6.046546702,95.85,Turkey,2,1,0,Winter,Medium,3.0,0.0,10.8,1
2023-07-12,Istanbul,53.6,58.15,24.69493276,23.88556999,0.809362771,90.4,Turkey,7,2,0,Summer,Large,25.5,0.0,14.6,1
2024-05-23,Istanbul,80.57,81.24,11.41947791,10.31613717,1.103340746,94.8,Turkey,5,3,0,Spring,Large,16.2,10.5,23.9,0
2022-12-10,Istanbul,74.41,52.71,16.64012012,26.22682243,-9.58670231,93.63,Turkey,12,5,1,Winter,Large,15.0,5.0,29.3,1
2025-01-16,Istanbul,81.79,82.37,13.26413758,11.31947478,1.944662803,94.33,Turkey,1,3,0,Winter,Large,5.2,1.6,18.7,0
2023-11-01,Istanbul Sabiha Gokcen,81.12,82.08,14.73668005,19.48638889,-4.749708835,91.9,Turkey,11,2,0,Autumn,Medium,18.4,0.0,14.1,0
2022-11-15,Istanbul,69.85,69.53,14.13051471,14.33169056,-0.201175856,92.06,Turkey,11,1,0,Autumn,Large,12.7,0.0,12.9,0
2025-12-31,Istanbul,79.84,75.72,15.6796206,18.05,-2.370379404,86.58,Turkey,12,2,0,Winter,Large,2.0,2.0,23.4,1
2022-01-11,Istanbul Sabiha Gokcen,90.34,88.38,7.082769726,10.4040404,-3.321270678,89.58,Turkey,1,1,0,Winter,Medium,9.1,1.1,36.5,0
2022-10-26,Antalya,82.13,73.18,9.394215349,12.90761589,-3.513400545,94.12,Turkey,10,2,0,Autumn,Medium,20.0,0.0,13.2,0
2024-06-30,Istanbul Sabiha Gokcen,28.71,40.12,51.52581493,51.9994856,-0.473670665,90.91,Turkey,6,6,1,Summer,Medium,24.7,0.0,26.3,1
2024-04-26,Istanbul,86.22,82.79,8.93545679,10.59117647,-1.65571968,93.75,Turkey,4,4,0,Spring,Large,14.5,0.0,13.1,0
2024-09-28,Antalya,53.44,46.41,24.31811927,28.13932462,-3.821205353,95.11,Turkey,9,5,1,Autumn,Medium,25.1,0.0,17.8,1
2024-06-12,Antalya,39.53,38.98,31.35237403,35.20080645,-3.848432421,95.03,Turkey,6,2,0,Summer,Medium,27.4,0.0,19.1,1
2023-10-25,Istanbul,84.47,61.97,10.22345483,18.11272822,-7.889273388,93.36,Turkey,10,2,0,Autumn,Large,18.8,0.0,27.0,0
2024-11-18,Antalya,92.11,87.79,4.649122807,5.93129771,-1.282174903,92.47,Turkey,11,0,0,Autumn,Medium,14.5,1.4,11.9,0
2025-12-09,Antalya,75.29,70.24,14.8,22.78571429,-7.985714286,83.93,Turkey,12,1,0,Winter,Medium,15.1,0.0,24.0,0
2022-10-04,Istanbul,73.38,65.77,14.46503389,17.15191159,-2.686877701,93.93,Turkey,10,1,0,Autumn,Large,16.2,2.5,19.9,0
2022-04-28,Istanbul,82.41,69.76,11.81950287,16.22318841,-4.403685538,95.93,Turkey,4,3,0,Spring,Large,12.7,0.0,22.7,0
2026-02-15,Istanbul Sabiha Gokcen,69.51,61.33,14.5639652,19.88296501,-5.318999808,94.51,Turkey,2,6,1,Winter,Medium,15.1,0.0,36.2,0
2023-12-01,Istanbul Sabiha Gokcen,45.3,55.89,21.87248322,22.21021324,-0.337730022,95.28,Turkey,12,4,0,Winter,Medium,14.6,0.2,28.2,1
2024-06-08,Istanbul,74.11,72.94,14.52514793,15.14291667,-0.617768738,95.54,Turkey,6,5,1,Summer,Large,22.4,0.0,20.3,0
2026-01-20,Antalya,81.01,77.78,17.55696203,16.96296296,0.593999062,84.16,Turkey,1,1,0,Winter,Medium,7.4,0.0,27.3,1
2025-09-08,Istanbul,77.61,82.84,13.91686774,11.59790541,2.318962334,94.46,Turkey,9,0,0,Autumn,Large,21.6,1.3,22.8,0
2023-01-12,Antalya,75.0,74.03,17.06833333,16.97835498,0.089978355,93.27,Turkey,1,3,0,Winter,Medium,11.7,74.3,26.5,1
2025-11-07,Istanbul Sabiha Gokcen,66.12,77.5,18.04744991,12.76944444,5.278005464,95.35,Turkey,11,4,0,Autumn,Medium,16.6,2.8,12.1,1
2024-01-24,Istanbul Sabiha Gokcen,76.07,87.59,11.80714286,6.565693431,5.241449426,95.39,Turkey,1,2,0,Winter,Medium,3.9,0.5,14.5,0
2023-09-07,Istanbul Sabiha Gokcen,49.84,61.64,18.88450479,16.59433962,2.29016517,94.46,Turkey,9,3,0,Autumn,Medium,24.2,0.0,31.4,1
2023-05-27,Istanbul Sabiha Gokcen,68.17,67.2,15.27695606,15.1302017,0.146754357,96.45,Turkey,5,5,1,Spring,Medium,18.0,1.5,22.6,1
2024-11-04,Antalya,87.56,83.77,7.726368159,8.903508772,-1.177140613,95.08,Turkey,11,0,0,Autumn,Medium,19.4,0.0,23.7,0
2025-03-09,Istanbul Sabiha Gokcen,86.58,92.86,8.485623003,4.628985507,3.856637496,93.81,Turkey,3,6,1,Spring,Medium,7.6,0.0,11.4,0
2022-08-23,Istanbul Sabiha Gokcen,69.65,68.48,12.56712062,13.76725032,-1.200129702,97.06,Turkey,8,1,0,Summer,Medium,26.0,2.7,20.0,0
2022-12-30,Istanbul Sabiha Gokcen,73.76,75.69,12.02765957,12.51637731,-0.48871774,95.38,Turkey,12,4,0,Winter,Medium,8.1,0.0,9.7,0
2025-05-14,Istanbul Sabiha Gokcen,55.62,63.53,17.443769,14.05471125,3.389057751,89.64,Turkey,5,2,0,Spring,Medium,13.3,0.0,16.2,1
2026-01-29,Antalya,88.1,71.59,8.019246032,12.51136364,-4.492117605,86.32,Turkey,1,3,0,Winter,Medium,12.4,4.6,33.2,0
2024-12-27,Istanbul,64.71,70.35,26.26126126,24.38825013,1.873011135,94.83,Turkey,12,4,0,Winter,Large,5.8,9.9,31.5,1
2024-03-18,Antalya,88.24,79.61,5.441339869,13.87313916,-8.431799289,97.6,Turkey,3,0,0,Spring,Medium,15.0,0.3,17.4,0
2023-09-10,Istanbul Sabiha Gokcen,61.02,66.88,16.27609159,13.72555205,2.550539536,93.12,Turkey,9,6,1,Autumn,Medium,22.1,0.0,30.3,1
2024-01-27,Istanbul Sabiha Gokcen,47.84,73.96,18.41339978,13.9515625,4.461837279,95.43,Turkey,1,5,1,Winter,Medium,5.0,8.6,20.7,1
2023-11-23,Antalya,84.38,82.08,7.552083333,9.131132075,-1.579048742,97.37,Turkey,11,3,0,Autumn,Medium,16.8,0.0,15.6,0
2022-06-25,Antalya,29.64,28.07,61.2367036,64.8855615,-3.648857896,94.82,Turkey,6,5,1,Summer,Medium,27.8,0.0,28.2,1
2023-11-28,Istanbul Sabiha Gokcen,67.83,75.49,12.35897933,10.60474308,1.754236245,96.01,Turkey,11,1,0,Autumn,Medium,8.0,1.9,27.4,0
2024-02-19,Istanbul,83.92,82.69,10.27032384,10.99666667,-0.726342825,91.8,Turkey,2,0,0,Winter,Large,6.2,0.0,14.9,0
2022-02-15,Antalya,94.83,91.53,3.163505747,4.240960452,-1.077454705,89.33,Turkey,2,1,0,Winter,Medium,11.1,0.0,18.1,0
2024-09-11,Istanbul Sabiha Gokcen,62.79,72.85,16.74750831,14.08934708,2.658161227,95.67,Turkey,9,2,0,Autumn,Medium,23.5,0.0,14.6,1
2023-11-02,Antalya,75.0,75.6,13.06919935,14.40669856,-1.337499218,94.55,Turkey,11,3,0,Autumn,Medium,19.7,0.9,15.3,0
2025-06-26,Antalya,64.84,60.62,19.08470696,27.99835924,-8.91365228,91.21,Turkey,6,3,0,Summer,Medium,30.1,0.0,19.3,1
2025-09-13,Antalya,57.96,53.59,26.82668082,31.63326301,-4.806582189,92.64,Turkey,9,5,1,Autumn,Medium,27.6,0.0,18.2,1
2023-11-26,Istanbul,67.31,54.96,19.48716289,27.88721785,-8.400054957,90.78,Turkey,11,6,1,Autumn,Large,7.9,8.7,41.2,1
2024-11-23,Antalya,72.09,60.58,28.61937984,32.09038929,-3.471009449,89.76,Turkey,11,5,1,Autumn,Medium,17.8,6.2,39.1,1
2024-11-13,Istanbul,85.71,88.82,9.691071429,8.331658563,1.359412866,95.24,Turkey,11,2,0,Autumn,Large,12.4,1.2,13.9,0
2026-02-13,Antalya,61.74,55.75,25.2173913,37.52212389,-12.30473259,94.16,Turkey,2,4,0,Winter,Medium,14.6,31.2,40.8,1
2023-12-21,Istanbul,65.28,63.25,24.09205426,25.50139601,-1.409341748,92.18,Turkey,12,3,0,Winter,Large,9.9,5.0,17.7,1
2023-11-14,Istanbul Sabiha Gokcen,84.82,81.82,7.486381323,9.711462451,-2.225081128,96.4,Turkey,11,1,0,Autumn,Medium,12.4,0.0,9.7,0
2023-07-21,Istanbul Sabiha Gokcen,53.59,63.25,20.88722555,17.92786145,2.959364103,95.3,Turkey,7,4,0,Summer,Medium,26.6,0.0,21.7,1
2025-10-07,Antalya,66.76,54.52,19.01282395,28.6785461,-9.665722149,89.79,Turkey,10,1,0,Autumn,Medium,20.7,22.3,25.8,1
2025-04-12,Antalya,65.85,74.0,17.95545877,13.91511111,4.040347658,88.69,Turkey,4,5,1,Spring,Medium,12.2,0.1,28.2,1
2025-02-23,Antalya,79.28,67.86,14.27027027,20.05669643,-5.786426158,85.62,Turkey,2,6,1,Winter,Medium,3.9,0.0,28.7,0
2024-11-15,Antalya,81.82,76.83,10.71374459,14.93292683,-4.219182241,93.85,Turkey,11,4,0,Autumn,Medium,16.8,0.0,12.1,0
2023-11-12,Istanbul,61.07,59.35,29.04422392,24.73195742,4.312266494,94.32,Turkey,11,6,1,Autumn,Large,15.1,0.0,23.9,1
2025-11-13,Antalya,85.43,88.08,12.23830022,6.926048565,5.312251656,89.58,Turkey,11,3,0,Autumn,Medium,17.2,0.0,13.9,0
2024-03-08,Istanbul Sabiha Gokcen,46.91,83.61,20.81596091,8.236065574,12.57989534,94.61,Turkey,3,4,0,Spring,Medium,6.7,12.8,19.1,1
2023-09-02,Istanbul Sabiha Gokcen,49.09,54.71,21.00477642,20.01347518,0.991301245,94.92,Turkey,9,5,1,Autumn,Medium,24.9,0.2,27.6,1
2023-06-19,Istanbul Sabiha Gokcen,48.57,53.25,23.14730159,22.58111455,0.566187036,94.49,Turkey,6,0,0,Summer,Medium,20.2,20.4,11.7,1
2024-11-23,Istanbul Sabiha Gokcen,18.98,35.43,81.7440113,67.37433775,14.36967355,90.77,Turkey,11,5,1,Autumn,Medium,9.9,39.8,34.1,1
2026-04-03,Antalya,89.08,89.54,5.838937409,7.132357043,-1.293419634,84.64,Turkey,4,4,0,Spring,Medium,13.9,4.7,33.2,0
2026-04-18,Istanbul Sabiha Gokcen,85.31,89.4,9.766760829,6.664756447,3.102004382,86.84,Turkey,4,5,1,Spring,Medium,11.8,0.0,18.0,0
2025-03-31,Istanbul,86.36,87.43,8.884557721,8.982309942,-0.09775222,94.19,Turkey,3,0,0,Spring,Large,11.1,2.4,14.3,0
2022-01-10,Istanbul Sabiha Gokcen,81.28,84.96,10.12893617,10.95440379,-0.825467624,91.04,Turkey,1,0,0,Winter,Medium,10.1,0.0,14.8,0
2025-08-31,Antalya,61.84,65.29,21.10574713,21.12049892,-0.014751789,92.45,Turkey,8,6,1,Summer,Medium,27.8,0.0,15.5,1
2022-06-26,Istanbul,46.94,47.65,36.79924731,35.41048082,1.388766491,93.19,Turkey,6,6,1,Summer,Large,20.8,0.4,15.7,1
2022-07-26,Istanbul,59.57,57.97,23.1791736,21.5753876,1.603786003,94.39,Turkey,7,1,0,Summer,Large,24.4,0.1,17.5,1
2024-05-27,Antalya,81.05,70.59,11.53464052,18.6873065,-7.152665979,93.15,Turkey,5,0,0,Spring,Medium,21.8,1.5,18.0,0
2025-12-16,Istanbul Sabiha Gokcen,70.45,68.48,14.75852273,15.26470869,-0.506185964,96.56,Turkey,12,1,0,Winter,Medium,6.9,0.0,11.3,0
2026-01-26,Istanbul Sabiha Gokcen,63.97,63.92,18.62569832,20.66107955,-2.035381221,92.59,Turkey,1,0,0,Winter,Medium,12.5,1.4,19.6,1
2022-12-18,Antalya,66.04,52.38,21.03773585,22.83539683,-1.797660976,85.51,Turkey,12,6,1,Winter,Medium,14.1,0.0,9.0,1
2024-08-22,Istanbul Sabiha Gokcen,77.88,87.46,10.27725857,9.264933741,1.012324826,95.44,Turkey,8,3,0,Summer,Medium,25.1,0.7,16.5,0
2025-03-02,Istanbul,91.68,85.29,6.7894453,11.53178535,-4.742340045,93.64,Turkey,3,6,1,Spring,Large,6.0,3.4,15.6,0
2024-01-27,Antalya,86.67,80.7,10.61904762,11.93859649,-1.319548872,96.18,Turkey,1,5,1,Winter,Medium,10.5,0.0,28.0,0
2024-07-24,Istanbul Sabiha Gokcen,53.04,60.93,23.22683706,26.39326711,-3.166430047,95.55,Turkey,7,2,0,Summer,Medium,26.6,0.5,25.5,1
2022-11-05,Antalya,76.83,71.48,10.71042471,14.38828125,-3.67785654,94.72,Turkey,11,5,1,Autumn,Medium,17.3,0.0,11.3,0
2026-02-21,Istanbul,87.76,83.18,10.68288854,12.3482866,-1.665398064,92.95,Turkey,2,5,1,Winter,Large,9.0,0.3,20.3,0
2022-07-27,Istanbul,47.33,50.08,29.09538088,30.68856683,-1.593185952,94.02,Turkey,7,2,0,Summer,Large,23.8,0.0,21.9,1
2022-02-06,Istanbul,88.57,78.32,6.926263736,11.32732301,-4.401059273,93.65,Turkey,2,6,1,Winter,Large,5.6,0.0,15.2,0
2022-09-27,Istanbul Sabiha Gokcen,74.53,75.58,11.41217228,11.05781654,0.354355747,95.27,Turkey,9,1,0,Autumn,Medium,19.5,0.0,22.3,0
2024-12-05,Istanbul Sabiha Gokcen,83.63,91.04,10.32738095,6.71641791,3.610963042,96.11,Turkey,12,3,0,Winter,Medium,9.4,0.1,14.6,0
2022-11-07,Istanbul,80.42,73.85,13.20946502,14.77074137,-1.561276349,92.88,Turkey,11,0,0,Autumn,Large,14.4,0.5,27.2,0
2023-08-28,Istanbul,59.69,62.97,30.64665242,26.87473583,3.771916591,90.62,Turkey,8,0,0,Summer,Large,25.0,0.0,21.1,1
2026-01-03,Istanbul Sabiha Gokcen,40.6,36.57,36.60490463,45.56809788,-8.963193244,95.52,Turkey,1,5,1,Winter,Medium,8.7,6.8,23.2,1
2022-01-20,Antalya,86.67,80.0,13.44111111,17.86833333,-4.427222222,90.67,Turkey,1,3,0,Winter,Medium,5.3,0.0,24.4,0
2022-04-06,Istanbul Sabiha Gokcen,90.91,74.63,6.295215311,16.81747967,-10.52226436,92.95,Turkey,4,2,0,Spring,Medium,10.2,0.0,16.1,0
2024-02-21,Istanbul,82.98,80.22,9.191778203,10.74859585,-1.556817646,94.81,Turkey,2,2,0,Winter,Large,5.4,0.0,10.2,0
2022-10-13,Istanbul Sabiha Gokcen,45.9,64.53,21.74353234,15.62402516,6.119507181,96.19,Turkey,10,3,0,Autumn,Medium,17.3,0.0,22.4,1
2025-12-06,Istanbul Sabiha Gokcen,73.52,70.77,13.30732394,13.29570201,0.011621938,96.28,Turkey,12,5,1,Winter,Medium,14.9,0.0,14.4,0
2022-05-15,Istanbul,80.65,65.23,10.33453888,17.13114114,-6.796602262,94.21,Turkey,5,6,1,Spring,Large,17.2,0.0,14.9,0
2023-03-15,Antalya,93.26,82.11,4.393258427,7.234210526,-2.840952099,94.17,Turkey,3,2,0,Spring,Medium,12.7,0.0,15.5,0
2024-12-12,Istanbul,77.12,78.45,17.10104493,11.13523508,5.965809855,94.85,Turkey,12,3,0,Winter,Large,7.2,0.7,19.0,1
2024-04-01,Istanbul,86.19,84.77,11.50418629,10.27629513,1.227891156,93.69,Turkey,4,0,0,Spring,Large,18.5,0.0,22.9,0
2026-01-21,Istanbul Sabiha Gokcen,63.9,66.0,17.79813754,17.29428571,0.503851822,93.88,Turkey,1,2,0,Winter,Medium,4.3,0.3,13.6,1
2022-01-10,Istanbul,88.94,76.1,7.322039216,18.34118329,-11.01914408,91.18,Turkey,1,0,0,Winter,Large,9.2,0.5,15.0,0
2026-02-12,Istanbul,80.39,75.68,10.77035928,12.46299392,-1.69263464,93.24,Turkey,2,3,0,Winter,Large,10.0,4.0,25.6,0
2024-02-16,Antalya,91.92,83.67,3.929292929,8.326530612,-4.397237683,92.0,Turkey,2,4,0,Winter,Medium,13.2,0.0,16.9,0
2024-11-01,Istanbul Sabiha Gokcen,82.11,84.94,11.44089457,6.112179487,5.328715082,84.16,Turkey,11,4,0,Autumn,Medium,13.8,0.0,18.0,0
2025-05-11,Istanbul,86.49,83.52,10.55192034,12.79329609,-2.241375748,95.45,Turkey,5,6,1,Spring,Large,12.6,0.0,16.7,0
2023-05-09,Istanbul Sabiha Gokcen,64.34,64.71,14.2252451,13.60324755,0.621997549,94.16,Turkey,5,1,0,Spring,Medium,12.8,0.0,23.1,0
2023-07-19,Istanbul,62.24,60.41,21.0403884,22.82609552,-1.785707122,88.63,Turkey,7,2,0,Summer,Large,24.5,0.0,17.6,1
2023-08-06,Antalya,49.14,47.51,29.03063063,34.88016627,-5.84953564,97.01,Turkey,8,6,1,Summer,Medium,28.7,0.1,14.3,1
2022-07-23,Antalya,35.47,34.86,44.69761905,46.5671875,-1.869568452,95.93,Turkey,7,5,1,Summer,Medium,31.3,0.0,25.6,1
2023-07-29,Istanbul,71.53,74.54,16.60667148,16.47960868,0.127062808,89.88,Turkey,7,5,1,Summer,Large,22.1,0.0,18.9,1
2023-05-29,Istanbul Sabiha Gokcen,67.68,67.55,16.29826038,17.87533113,-1.577070744,96.28,Turkey,5,0,0,Spring,Medium,18.3,0.8,20.1,1
2024-10-04,Istanbul,78.48,78.29,14.94170404,15.92891717,-0.98721313,93.72,Turkey,10,4,0,Autumn,Large,20.9,0.0,21.3,0
2025-09-12,Istanbul,76.41,78.99,14.08366099,12.8612192,1.222441791,93.81,Turkey,9,4,0,Autumn,Large,22.6,0.6,18.7,0
2022-10-27,Istanbul Sabiha Gokcen,63.94,78.24,15.15185874,10.3975827,4.754276039,96.54,Turkey,10,3,0,Autumn,Medium,15.7,0.0,18.1,1
2025-07-28,Istanbul,70.29,73.46,17.77879581,15.68769163,2.091104178,94.59,Turkey,7,0,0,Summer,Large,25.6,0.0,13.8,1
2024-01-17,Antalya,84.21,77.22,14.39473684,15.5350211,-1.140284255,93.14,Turkey,1,2,0,Winter,Medium,14.3,2.6,11.9,0
2025-07-09,Istanbul,73.4,80.13,14.60663993,16.78533333,-2.178693405,92.7,Turkey,7,2,0,Summer,Large,28.6,0.0,14.3,0
2026-01-12,Istanbul,58.45,57.82,23.38704581,23.67290679,-0.285860979,87.94,Turkey,1,0,0,Winter,Large,1.8,8.7,26.0,1
2026-03-21,Istanbul Sabiha Gokcen,86.99,85.88,10.26878613,8.364705882,1.904080245,96.14,Turkey,3,5,1,Spring,Medium,7.9,2.1,19.8,0
2023-06-02,Antalya,49.38,44.58,26.36779835,29.90115462,-3.533356265,96.13,Turkey,6,4,0,Summer,Medium,21.4,1.4,16.5,1
2026-04-19,Antalya,94.69,93.01,2.752212389,3.56768559,-0.8154732,89.3,Turkey,4,6,1,Spring,Medium,17.7,0.1,26.1,0
2024-11-28,Istanbul,86.07,90.35,9.968767275,5.522573489,4.446193786,93.92,Turkey,11,3,0,Autumn,Large,8.9,0.3,8.1,0
2024-05-29,Antalya,70.0,68.07,15.17878788,23.75070028,-8.571912401,94.16,Turkey,5,2,0,Spring,Medium,21.1,0.1,14.8,1
2023-10-31,Antalya,77.91,70.63,12.8994186,15.31152416,-2.412105559,90.78,Turkey,10,1,0,Autumn,Medium,22.2,2.3,18.9,0
2025-04-11,Istanbul Sabiha Gokcen,53.35,62.39,25.16030126,21.29198251,3.868318756,84.82,Turkey,4,4,0,Spring,Medium,5.2,4.0,25.9,1
2022-07-18,Istanbul,61.75,53.87,23.56453269,28.54801075,-4.983478068,94.46,Turkey,7,0,0,Summer,Large,22.8,0.4,30.4,1
2026-03-05,Istanbul,88.7,83.84,10.37605396,12.61306689,-2.237012931,86.74,Turkey,3,3,0,Spring,Large,7.8,0.5,11.1,0
2024-01-22,Antalya,96.3,93.26,1.87654321,5.168539326,-3.291996116,95.92,Turkey,1,0,0,Winter,Medium,12.9,6.5,28.0,0
2025-12-27,Antalya,80.54,69.08,11.16778523,16.35537281,-5.187587572,89.12,Turkey,12,5,1,Winter,Medium,11.5,0.0,34.3,0
2025-02-08,Istanbul Sabiha Gokcen,86.48,87.86,8.496855346,5.884984026,2.61187132,95.85,Turkey,2,5,1,Winter,Medium,3.9,2.2,19.4,0
2025-01-03,Istanbul,77.1,76.75,20.19011976,16.55039742,3.639722344,94.82,Turkey,1,4,0,Winter,Large,10.4,0.0,25.6,1
2023-03-01,Istanbul,67.24,53.94,18.60637507,22.92180385,-4.315428781,92.84,Turkey,3,2,0,Spring,Large,7.1,3.6,24.7,1
2025-12-07,Antalya,72.22,61.26,18.5,26.58558559,-8.085585586,83.22,Turkey,12,6,1,Winter,Medium,12.7,12.1,16.3,1
2024-04-13,Antalya,83.41,86.97,8.316302766,5.831932773,2.484369993,93.38,Turkey,4,5,1,Spring,Medium,20.8,0.0,21.3,0
2024-03-22,Antalya,95.6,85.23,5.031446541,7.248322148,-2.216875607,95.26,Turkey,3,4,0,Spring,Medium,12.9,0.2,29.5,0
2024-09-21,Antalya,55.16,47.39,23.52997602,27.03174603,-3.501770013,94.95,Turkey,9,5,1,Autumn,Medium,23.8,0.7,18.6,1
2026-05-21,Istanbul Sabiha Gokcen,82.67,82.13,7.908044444,8.672,-0.763955556,89.09,Turkey,5,3,0,Spring,Medium,17.1,10.2,14.0,0
2026-03-11,Istanbul Sabiha Gokcen,87.2,90.56,16.26297578,6.832167832,9.430807946,88.2,Turkey,3,2,0,Spring,Medium,8.1,0.0,13.0,1
2022-08-03,Antalya,52.12,51.14,28.49228395,28.90776371,-0.415479762,96.69,Turkey,8,2,0,Summer,Medium,28.2,0.0,16.8,1
2026-03-04,Istanbul Sabiha Gokcen,41.52,29.86,54.80866426,77.99380787,-23.18514361,87.93,Turkey,3,2,0,Spring,Medium,7.4,0.0,10.2,1
2023-12-24,Istanbul Sabiha Gokcen,42.95,48.57,28.26229508,28.05529101,0.207004077,95.22,Turkey,12,6,1,Winter,Medium,11.9,0.6,32.4,1
2023-11-25,Antalya,52.99,30.83,61.86324786,65.69661654,-3.833368678,86.47,Turkey,11,5,1,Autumn,Medium,16.3,14.6,27.5,1
2022-12-24,Istanbul Sabiha Gokcen,64.87,75.65,17.2853644,14.26937269,3.015991703,97.01,Turkey,12,5,1,Winter,Medium,7.9,0.0,11.1,1
2024-04-11,Antalya,90.8,83.15,4.988505747,8.406431159,-3.417925412,94.86,Turkey,4,3,0,Spring,Medium,17.5,0.0,14.7,0
2024-04-23,Istanbul,83.23,80.83,9.818181818,13.18480165,-3.36661983,94.51,Turkey,4,1,0,Spring,Large,14.4,1.2,23.0,0
2022-05-13,Istanbul Sabiha Gokcen,80.49,84.34,10.42067364,6.818505338,3.602168297,94.82,Turkey,5,4,0,Spring,Medium,18.7,0.0,12.0,0
2025-07-22,Istanbul Sabiha Gokcen,56.61,61.07,22.6957672,23.34773333,-0.651966138,92.45,Turkey,7,1,0,Summer,Medium,30.6,0.0,12.2,1
2024-03-16,Istanbul Sabiha Gokcen,83.04,92.25,7.501766784,6.734317343,0.767449441,95.75,Turkey,3,5,1,Spring,Medium,7.9,0.6,14.5,0
2026-03-11,Istanbul,89.13,86.49,13.56301561,13.62232545,-0.059309843,87.12,Turkey,3,2,0,Spring,Large,7.2,0.0,15.7,0
2022-07-16,Antalya,53.55,51.91,31.13292584,32.89457735,-1.761651517,95.95,Turkey,7,5,1,Summer,Medium,29.3,0.0,27.9,1
2025-01-07,Istanbul,86.16,81.96,11.10873147,12.19431025,-1.085578786,93.42,Turkey,1,1,0,Winter,Large,11.2,0.0,23.2,0
2024-12-25,Istanbul Sabiha Gokcen,67.31,83.17,15.68608414,10.64761905,5.038465095,94.36,Turkey,12,2,0,Winter,Medium,11.2,0.7,15.2,1
2024-12-23,Istanbul,83.36,76.88,14.14350238,12.81466146,1.328840919,93.42,Turkey,12,0,0,Winter,Large,7.9,0.0,15.1,0
2025-11-28,Istanbul Sabiha Gokcen,65.49,76.92,32.30434783,15.89615385,16.40819398,94.57,Turkey,11,4,0,Autumn,Medium,14.5,0.1,19.6,1
2022-04-08,Istanbul Sabiha Gokcen,74.9,71.92,11.20978121,14.70692308,-3.497141867,93.75,Turkey,4,4,0,Spring,Medium,13.3,1.8,22.8,0
2025-03-21,Antalya,87.72,83.48,7.903508772,8.773913043,-0.870404272,90.67,Turkey,3,4,0,Spring,Medium,10.9,0.0,26.8,0
2026-02-19,Antalya,88.89,82.42,7.511111111,11.97802198,-4.466910867,95.0,Turkey,2,3,0,Winter,Medium,11.8,0.0,34.6,0
2025-12-19,Antalya,81.82,76.22,9.13986014,17.47983683,-8.33997669,87.08,Turkey,12,4,0,Winter,Medium,11.7,0.0,11.2,0
2022-03-10,Antalya,69.12,53.62,13.91544118,19.83164251,-5.916201336,95.83,Turkey,3,3,0,Spring,Medium,9.5,2.5,24.6,0
2023-07-23,Antalya,58.0,57.93,28.90829167,30.88112981,-1.972838141,95.36,Turkey,7,6,1,Summer,Medium,36.4,0.0,24.4,1
2026-05-18,Antalya,85.83,84.17,7.236220472,12.07553957,-4.839319096,90.33,Turkey,5,0,0,Spring,Medium,21.8,0.0,27.5,0
2022-04-07,Antalya,88.79,73.87,4.081465517,11.27912913,-7.197663612,94.48,Turkey,4,3,0,Spring,Medium,19.1,0.0,22.9,0
2023-05-11,Istanbul,71.32,65.59,15.46375256,16.67227343,-1.208520869,93.75,Turkey,5,3,0,Spring,Large,11.7,0.0,29.6,1
2022-05-20,Antalya,52.56,44.3,27.1224359,30.90562588,-3.783189982,95.92,Turkey,5,4,0,Spring,Medium,22.0,0.0,25.0,1
2025-01-21,Antalya,91.25,90.36,3.8,5.120481928,-1.320481928,92.93,Turkey,1,1,0,Winter,Medium,13.7,5.2,12.0,0
2024-12-31,Antalya,92.86,83.16,5.154761905,10.14736842,-4.992606516,89.42,Turkey,12,1,0,Winter,Medium,11.7,0.0,26.3,0
2023-07-20,Istanbul Sabiha Gokcen,58.44,63.01,18.99885417,18.06269592,0.936158242,93.87,Turkey,7,3,0,Summer,Medium,27.4,0.0,13.5,1
2023-01-12,Istanbul,77.85,63.38,14.28316032,20.21563967,-5.932479348,93.33,Turkey,1,3,0,Winter,Large,8.9,0.7,22.3,0
2026-04-14,Antalya,87.71,88.4,5.204748603,4.685082873,0.51966573,81.82,Turkey,4,1,0,Spring,Medium,14.6,0.0,12.6,0
2022-07-11,Istanbul,71.59,56.81,20.16584565,27.15967658,-6.993830929,95.02,Turkey,7,0,0,Summer,Large,20.8,0.1,17.7,1
2026-02-28,Antalya,88.99,84.07,4.266055046,7.17699115,-2.910936105,93.23,Turkey,2,5,1,Winter,Medium,10.7,0.0,25.6,0
2023-04-09,Antalya,77.29,74.88,9.382769726,15.26524487,-5.882475139,92.37,Turkey,4,6,1,Spring,Medium,16.0,0.9,17.7,0
2023-08-13,Istanbul Sabiha Gokcen,20.23,29.41,46.11950867,42.8395098,3.279998867,94.67,Turkey,8,6,1,Summer,Medium,24.9,0.0,34.1,1
2025-01-08,Antalya,95.1,87.13,3.509803922,11.25231023,-7.742506309,90.3,Turkey,1,2,0,Winter,Medium,13.7,0.8,8.3,0
2022-11-07,Istanbul Sabiha Gokcen,87.45,90.31,6.959784076,4.531782946,2.42800113,97.32,Turkey,11,0,0,Autumn,Medium,14.4,0.1,21.6,0
2023-08-18,Antalya,55.39,49.88,28.70772765,33.93084337,-5.223115721,96.05,Turkey,8,4,0,Summer,Medium,28.1,0.0,13.7,1
2023-09-18,Antalya,71.98,64.79,15.9686824,21.2742723,-5.305589901,93.85,Turkey,9,0,0,Autumn,Medium,27.9,0.0,19.1,1
2023-03-27,Antalya,89.17,86.84,7.268888889,8.608040936,-1.339152047,82.04,Turkey,3,0,0,Spring,Medium,14.5,0.9,13.0,0
2023-06-07,Istanbul,70.09,69.5,16.74330312,15.60698027,1.136322849,92.82,Turkey,6,2,0,Summer,Large,18.1,0.0,25.2,1
2022-06-09,Istanbul,75.73,61.49,16.0636833,20.60313759,-4.539454289,95.03,Turkey,6,3,0,Summer,Large,20.8,0.5,8.5,1
2025-03-19,Antalya,91.84,91.4,4.316326531,5.268817204,-0.952490674,92.13,Turkey,3,2,0,Spring,Medium,13.1,3.8,38.5,0
2024-04-18,Antalya,92.97,81.58,5.259459459,10.70394737,-5.444487909,95.26,Turkey,4,3,0,Spring,Medium,19.0,1.2,17.7,0
2022-10-24,Istanbul Sabiha Gokcen,66.04,63.84,16.80465409,18.85079951,-2.04614542,96.17,Turkey,10,0,0,Autumn,Medium,15.7,0.0,9.1,1
2022-07-08,Istanbul,58.2,51.85,28.05162539,32.29678498,-4.245159592,93.67,Turkey,7,4,0,Summer,Large,23.0,9.3,21.8,1
2022-08-01,Istanbul Sabiha Gokcen,73.13,71.27,11.63140547,14.46548507,-2.834079602,96.89,Turkey,8,0,0,Summer,Medium,25.3,0.6,17.7,0
2022-05-31,Antalya,71.0,60.33,16.68088023,24.56680441,-7.885924177,93.96,Turkey,5,1,0,Spring,Medium,23.0,0.0,14.9,1
2022-10-16,Istanbul Sabiha Gokcen,25.91,32.1,42.70182482,42.99200492,-0.290180103,94.37,Turkey,10,6,1,Autumn,Medium,16.4,0.5,27.7,1
2024-03-21,Antalya,93.52,86.67,2.25,5.476190476,-3.226190476,96.97,Turkey,3,3,0,Spring,Medium,14.2,0.0,27.1,0
2024-07-09,Istanbul Sabiha Gokcen,35.28,49.06,32.58834951,28.35220126,4.236148257,93.12,Turkey,7,1,0,Summer,Medium,26.7,0.0,20.1,1
2022-12-16,Istanbul Sabiha Gokcen,52.9,57.51,19.56056763,24.11996337,-4.559395737,94.7,Turkey,12,4,0,Winter,Medium,14.0,1.3,13.8,1
2022-08-14,Istanbul Sabiha Gokcen,68.01,71.64,15.04044118,14.54181818,0.498622995,96.58,Turkey,8,6,1,Summer,Medium,24.0,15.6,14.8,1
2023-04-03,Antalya,85.0,66.3,10.33333333,15.17900552,-4.845672192,91.28,Turkey,4,0,0,Spring,Medium,14.6,0.1,10.9,0
2023-08-11,Istanbul,59.69,55.74,22.50274291,25.8742714,-3.371528492,90.78,Turkey,8,4,0,Summer,Large,22.2,12.5,25.3,1
2023-09-23,Istanbul,69.78,70.8,18.21209877,17.00366273,1.208436032,89.52,Turkey,9,5,1,Autumn,Large,23.8,0.0,15.4,1
2025-11-25,Istanbul Sabiha Gokcen,85.84,83.92,8.257225434,9.263352827,-1.006127393,95.92,Turkey,11,1,0,Autumn,Medium,11.2,0.0,8.3,0
2022-03-08,Istanbul,80.83,71.76,12.92253886,18.55729432,-5.634755457,92.62,Turkey,3,1,0,Spring,Large,4.0,5.0,21.1,0
2026-01-19,Antalya,64.56,62.03,24.51898734,24.1035865,0.415400844,80.87,Turkey,1,0,0,Winter,Medium,6.8,0.0,28.7,1
2022-08-28,Antalya,60.89,56.19,20.77257218,24.43391089,-3.661338713,97.15,Turkey,8,6,1,Summer,Medium,26.3,0.0,14.0,1
2025-07-27,Istanbul,65.31,72.61,21.79715136,17.86031847,3.936832889,93.96,Turkey,7,6,1,Summer,Large,26.5,0.0,18.9,1
2024-09-20,Istanbul,54.11,64.35,29.85858586,24.05335749,5.805228371,95.04,Turkey,9,4,0,Autumn,Large,19.6,9.2,19.4,1
2022-11-25,Istanbul,77.15,70.96,15.44718805,20.54426087,-5.09707282,91.41,Turkey,11,4,0,Autumn,Large,9.8,2.5,25.2,1
2024-04-17,Istanbul,82.13,78.96,14.62784744,12.58636839,2.041479046,92.74,Turkey,4,2,0,Spring,Large,20.5,0.2,30.6,0
2025-09-05,Istanbul Sabiha Gokcen,58.97,69.11,19.40252137,15.22931937,4.173201996,92.61,Turkey,9,4,0,Autumn,Medium,24.8,0.0,24.4,1
2022-07-05,Istanbul Sabiha Gokcen,57.76,61.29,17.87154031,18.59916368,-0.727623367,95.97,Turkey,7,1,0,Summer,Medium,22.8,0.0,27.5,1
2022-10-21,Istanbul,77.29,66.43,11.84439554,16.98269231,-5.138296768,93.09,Turkey,10,4,0,Autumn,Large,12.5,0.0,21.0,0
2023-01-19,Istanbul,81.32,61.71,16.34632145,19.82706876,-3.480747316,93.35,Turkey,1,3,0,Winter,Large,14.7,0.0,32.2,1
2024-10-15,Antalya,73.85,71.14,21.09138462,22.35442857,-1.263043956,95.38,Turkey,10,1,0,Autumn,Medium,23.3,0.0,13.2,1
2022-06-28,Istanbul Sabiha Gokcen,63.06,61.83,16.15136816,17.72652672,-1.575158558,95.5,Turkey,6,1,0,Summer,Medium,22.1,6.4,22.9,1
2026-03-09,Istanbul,87.76,82.79,8.057001134,13.06721311,-5.010211981,87.8,Turkey,3,0,0,Spring,Large,6.8,0.0,27.2,0
2023-06-23,Istanbul Sabiha Gokcen,16.62,24.62,55.73377844,52.87791287,2.85586557,96.19,Turkey,6,4,0,Summer,Medium,23.2,0.0,20.9,1
2024-07-14,Istanbul,63.81,69.05,22.55140424,20.64040541,1.91099883,94.16,Turkey,7,6,1,Summer,Large,26.2,0.0,21.8,1
2022-09-23,Istanbul Sabiha Gokcen,71.48,68.53,15.63732394,18.68490676,-3.047582816,96.73,Turkey,9,4,0,Autumn,Medium,14.1,1.0,15.4,1
2024-03-11,Antalya,94.19,89.01,5.720930233,9.422893773,-3.70196354,95.83,Turkey,3,0,0,Spring,Medium,12.2,0.0,11.7,0
2024-02-27,Istanbul,84.8,85.64,9.402101324,10.16669516,-0.764593833,92.6,Turkey,2,1,0,Winter,Large,8.1,0.0,15.7,0
2023-10-27,Istanbul,21.18,20.72,68.73734241,71.04063318,-2.303290766,92.6,Turkey,10,4,0,Autumn,Large,21.1,0.0,28.8,1
2022-01-07,Istanbul Sabiha Gokcen,89.66,90.31,5.145657727,4.414276486,0.731381241,92.66,Turkey,1,4,0,Winter,Medium,10.9,0.6,20.0,0
2024-06-16,Istanbul Sabiha Gokcen,32.2,42.07,41.86444788,44.61194106,-2.747493172,91.69,Turkey,6,6,1,Summer,Medium,22.6,0.0,21.7,1
2026-02-22,Antalya,85.98,80.18,6.53271028,14.56666667,-8.033956386,92.68,Turkey,2,6,1,Winter,Medium,12.6,0.0,15.5,0
2023-04-29,Istanbul,62.9,56.72,21.61837607,26.32577114,-4.707395076,94.06,Turkey,4,5,1,Spring,Large,9.8,0.1,18.7,1
2022-01-12,Istanbul,74.68,56.85,14.68107417,23.76029285,-9.079218682,86.95,Turkey,1,2,0,Winter,Large,2.4,19.7,38.8,0
2024-12-08,Istanbul Sabiha Gokcen,66.47,71.81,16.74411765,13.57136499,3.172752662,93.85,Turkey,12,6,1,Winter,Medium,12.0,2.8,11.1,1
2022-04-10,Antalya,89.25,77.44,6.998566308,11.47786325,-4.47929694,91.89,Turkey,4,6,1,Spring,Medium,16.1,0.8,14.8,0
2023-08-01,Istanbul,59.38,63.78,21.68764205,19.35972028,2.327921766,91.41,Turkey,8,1,0,Summer,Large,23.8,0.0,18.7,1
2026-05-12,Istanbul Sabiha Gokcen,74.6,79.14,12.17684887,9.486754967,2.690093908,81.98,Turkey,5,1,0,Spring,Medium,21.3,0.1,16.4,0
2026-03-10,Istanbul,88.09,85.66,9.364944542,11.18410029,-1.819155753,87.03,Turkey,3,1,0,Spring,Large,7.6,0.0,16.6,0
2022-07-11,Antalya,55.56,47.54,29.35151072,33.47978142,-4.1282707,94.99,Turkey,7,0,0,Summer,Medium,28.0,0.0,21.7,1
2024-02-16,Istanbul,83.36,79.87,12.17452881,12.16680532,0.007723485,91.17,Turkey,2,4,0,Winter,Large,6.5,10.5,24.1,0
2022-09-14,Istanbul Sabiha Gokcen,73.88,71.59,12.610199,13.75378788,-1.143588874,96.91,Turkey,9,2,0,Autumn,Medium,19.8,0.0,12.1,0
2024-08-27,Istanbul Sabiha Gokcen,75.0,81.82,13.8875,10.70083595,3.186664054,96.24,Turkey,8,1,0,Summer,Medium,24.5,7.9,22.6,0
2022-05-28,Istanbul Sabiha Gokcen,74.82,75.9,13.32146283,12.50761391,0.813848921,95.05,Turkey,5,5,1,Spring,Medium,22.9,0.0,12.2,0
2023-06-23,Istanbul,59.38,55.4,22.69732017,27.49275362,-4.795433454,93.01,Turkey,6,4,0,Summer,Large,22.2,0.0,18.9,1
2023-08-05,Istanbul Sabiha Gokcen,36.12,42.23,32.16875622,33.31783969,-1.149083468,95.0,Turkey,8,5,1,Summer,Medium,26.9,0.0,16.4,1
2023-08-14,Istanbul,71.86,66.29,16.73027898,21.30392857,-4.573649591,90.45,Turkey,8,0,0,Summer,Large,24.4,4.1,31.8,1
2026-01-25,Istanbul,84.33,74.13,9.523512337,13.98129845,-4.457786113,93.15,Turkey,1,6,1,Winter,Large,10.5,0.0,16.7,0
2024-12-09,Antalya,81.61,80.43,6.436781609,10.70344203,-4.26666042,89.91,Turkey,12,0,0,Winter,Medium,14.6,6.5,13.7,0
2025-05-20,Istanbul Sabiha Gokcen,85.76,84.13,6.742424242,8.233532934,-1.491108692,90.0,Turkey,5,1,0,Spring,Medium,17.4,0.3,11.5,0
2022-07-13,Istanbul,80.9,65.5,14.7241038,22.41685304,-7.692749236,95.01,Turkey,7,2,0,Summer,Large,21.1,2.0,20.6,0
2024-08-19,Istanbul Sabiha Gokcen,60.51,67.96,22.80488323,19.50161812,3.303265104,95.88,Turkey,8,0,0,Summer,Medium,24.0,0.0,15.0,1
2025-12-08,Antalya,70.59,60.0,18.6,27.02245614,-8.42245614,81.45,Turkey,12,0,0,Winter,Medium,13.7,0.0,14.8,1
2025-06-24,Antalya,78.98,75.68,14.49715909,15.6057377,-1.108578614,89.47,Turkey,6,1,0,Summer,Medium,29.8,0.0,22.4,0
2026-05-12,Antalya,90.35,92.72,6.131016731,5.45210728,0.678909451,89.57,Turkey,5,1,0,Spring,Medium,19.6,0.0,11.3,0
2025-08-06,Istanbul,72.02,73.29,16.12784471,16.71029083,-0.582446116,94.12,Turkey,8,2,0,Summer,Large,26.3,0.1,31.7,1
2022-09-12,Istanbul,60.62,51.91,21.13235294,26.54432059,-5.411967653,95.1,Turkey,9,0,0,Autumn,Large,20.0,6.3,23.9,1
2024-08-21,Istanbul,62.08,62.25,21.97940183,18.86182336,3.117578471,95.59,Turkey,8,2,0,Summer,Large,23.9,0.4,18.8,1
2023-08-29,Istanbul,46.12,57.22,35.1716759,30.5543558,4.6173201,92.58,Turkey,8,1,0,Summer,Large,25.1,0.0,17.9,1
2025-04-20,Istanbul,86.71,86.11,8.754285714,9.143125,-0.388839286,95.26,Turkey,4,6,1,Spring,Large,10.3,0.0,12.5,0
2023-05-25,Istanbul,71.49,65.74,13.95927602,17.09197531,-3.132699291,93.58,Turkey,5,3,0,Spring,Large,16.3,0.0,13.5,0
2024-05-10,Istanbul Sabiha Gokcen,70.21,77.46,12.21702128,9.83681694,2.380204337,96.58,Turkey,5,4,0,Spring,Medium,15.1,2.2,32.3,0
2023-04-11,Istanbul,83.45,71.65,9.136561033,15.66663768,-6.530076648,88.36,Turkey,4,1,0,Spring,Large,8.9,9.1,23.8,0
2022-06-16,Antalya,45.61,45.78,32.34189189,33.34853896,-1.006647069,96.0,Turkey,6,3,0,Summer,Medium,25.6,0.0,18.5,1
2024-01-30,Istanbul Sabiha Gokcen,66.17,70.52,13.91449814,13.42164179,0.49285635,94.86,Turkey,1,1,0,Winter,Medium,3.4,1.6,31.4,0
2026-01-07,Istanbul Sabiha Gokcen,72.3,70.29,16.20116618,18.19833333,-1.997167153,92.75,Turkey,1,2,0,Winter,Medium,13.7,0.1,17.6,1
2025-10-06,Antalya,73.82,69.15,13.57068063,17.30099502,-3.730314397,90.02,Turkey,10,0,0,Autumn,Medium,21.4,0.0,13.0,0
2026-04-27,Istanbul,90.18,82.4,10.14817499,13.56570667,-3.41753168,90.5,Turkey,4,0,0,Spring,Large,11.8,0.0,25.5,0
2023-02-27,Antalya,91.67,86.81,8.05952381,17.54010989,-9.480586081,89.72,Turkey,2,0,0,Winter,Medium,14.4,0.0,15.8,0
2022-04-06,Antalya,88.79,83.33,4.558099688,11.08981481,-6.531715126,91.27,Turkey,4,2,0,Spring,Medium,18.2,0.0,23.0,0
2026-04-04,Istanbul Sabiha Gokcen,83.33,88.36,11.09803922,5.595890411,5.502148805,82.46,Turkey,4,5,1,Spring,Medium,12.5,6.4,15.5,0
2025-03-27,Antalya,87.39,87.29,7.189189189,7.669491525,-0.480302336,90.79,Turkey,3,3,0,Spring,Medium,16.7,0.0,11.7,0
2025-05-13,Istanbul Sabiha Gokcen,37.65,62.65,25.75,18.0002008,7.749799197,89.74,Turkey,5,1,0,Spring,Medium,13.3,0.1,20.1,1
2023-12-05,Istanbul Sabiha Gokcen,84.03,88.49,8.593155894,6.679100529,1.914055364,95.77,Turkey,12,1,0,Winter,Medium,10.2,0.0,20.0,0
2024-04-02,Istanbul,81.91,83.39,11.20616776,11.21712366,-0.010955893,92.28,Turkey,4,1,0,Spring,Large,19.4,0.0,25.3,0
2022-03-22,Antalya,75.0,75.47,18.18776042,16.19748428,1.99027614,89.41,Turkey,3,1,0,Spring,Medium,8.5,0.9,19.9,1
2024-03-14,Antalya,88.3,82.02,10.86170213,27.49438202,-16.63267989,92.17,Turkey,3,3,0,Spring,Medium,13.1,5.3,14.9,0
2022-01-25,Istanbul Sabiha Gokcen,28.09,22.15,59.82481273,74.12897092,-14.30415818,74.41,Turkey,1,1,0,Winter,Medium,-0.1,4.0,26.4,1
2025-05-19,Istanbul,89.19,81.02,6.145533141,9.556657224,-3.411124083,94.56,Turkey,5,0,0,Spring,Large,16.5,0.0,16.3,0
2024-12-01,Istanbul Sabiha Gokcen,81.55,87.69,10.08630952,8.772307692,1.314001832,94.52,Turkey,12,6,1,Winter,Medium,10.7,0.0,22.0,0
2026-05-03,Antalya,80.89,79.4,15.76922639,22.06644518,-6.297218789,90.93,Turkey,5,6,1,Spring,Medium,14.3,8.6,32.3,1
2025-04-07,Antalya,87.44,84.65,6.881742044,9.470155039,-2.588412995,87.9,Turkey,4,0,0,Spring,Medium,14.2,1.8,18.2,0
2026-01-14,Istanbul Sabiha Gokcen,75.5,72.46,12.48904899,13.14202899,-0.652979994,93.99,Turkey,1,2,0,Winter,Medium,4.9,1.0,15.6,0
2025-12-02,Istanbul Sabiha Gokcen,75.28,76.49,16.39488636,14.85661001,1.538276354,96.54,Turkey,12,1,0,Winter,Medium,10.1,0.0,8.6,1
2022-06-02,Antalya,66.92,54.84,17.45695489,26.09026284,-8.633307956,95.4,Turkey,6,3,0,Summer,Medium,22.9,0.0,20.3,1
2026-04-18,Istanbul,87.33,80.47,9.37704918,12.1760355,-2.798986323,89.07,Turkey,4,5,1,Spring,Large,11.2,0.0,25.8,0
2024-02-20,Istanbul Sabiha Gokcen,88.45,91.27,7.321299639,5.836363636,1.484936003,93.63,Turkey,2,1,0,Winter,Medium,5.8,0.0,17.2,0
2025-08-08,Istanbul,76.36,80.78,14.24028854,14.59631268,-0.35602414,93.11,Turkey,8,4,0,Summer,Large,25.0,3.7,28.7,0
2024-06-29,Istanbul Sabiha Gokcen,35.24,37.22,44.42771084,42.91451104,1.513199802,95.57,Turkey,6,5,1,Summer,Medium,23.8,0.0,31.1,1
2025-08-03,Istanbul,75.38,80.73,17.18974359,14.09566124,3.094082347,94.34,Turkey,8,6,1,Summer,Large,25.5,0.0,17.9,1
2025-08-06,Istanbul Sabiha Gokcen,65.16,71.54,17.69946809,13.60162602,4.097842069,92.14,Turkey,8,2,0,Summer,Medium,27.2,0.5,28.9,1
2025-08-14,Antalya,82.5,77.91,10.9475,11.93024545,-0.982745447,93.92,Turkey,8,3,0,Summer,Medium,31.3,0.0,13.6,0
2024-11-10,Antalya,76.14,67.01,14.02538071,19.17258883,-5.147208122,92.8,Turkey,11,6,1,Autumn,Medium,15.7,14.6,18.9,0
2022-01-22,Istanbul Sabiha Gokcen,68.09,47.76,17.40514184,30.24029851,-12.83515666,72.45,Turkey,1,5,1,Winter,Medium,0.9,6.4,12.4,1
2023-08-08,Istanbul,56.61,62.17,23.18214794,22.38091889,0.801229044,90.72,Turkey,8,1,0,Summer,Large,24.0,0.9,34.1,1
2024-12-20,Istanbul Sabiha Gokcen,77.51,77.16,11.50455927,11.54207819,-0.037518919,94.21,Turkey,12,4,0,Winter,Medium,9.4,0.0,13.4,0
2024-07-26,Antalya,38.99,37.41,40.42025316,47.11294964,-6.692696476,95.17,Turkey,7,4,0,Summer,Medium,30.3,2.1,25.3,1
2025-12-10,Istanbul,83.9,75.04,11.70864382,15.48484398,-3.776200167,92.94,Turkey,12,2,0,Winter,Large,7.6,0.0,10.2,0
2022-10-12,Istanbul,83.15,70.57,10.13528694,14.31596587,-4.180678939,93.52,Turkey,10,2,0,Autumn,Large,16.8,0.2,24.2,0
2025-11-08,Antalya,85.44,83.33,15.6091954,15.06439394,0.544801463,92.83,Turkey,11,5,1,Autumn,Medium,18.3,0.0,13.6,1
2022-02-01,Antalya,94.83,87.5,4.948275862,6.017261905,-1.068986043,88.16,Turkey,2,1,0,Winter,Medium,8.2,2.0,15.5,0
2026-03-31,Istanbul Sabiha Gokcen,70.66,75.82,17.68376068,15.86233831,1.821422375,86.74,Turkey,3,1,0,Spring,Medium,12.0,0.1,10.6,1
2024-03-09,Antalya,92.44,88.62,3.453781513,5.528455285,-2.074673772,96.3,Turkey,3,5,1,Spring,Medium,13.1,0.0,23.4,0
2023-05-01,Istanbul Sabiha Gokcen,61.97,64.26,18.72617371,18.12857961,0.597594098,94.64,Turkey,5,0,0,Spring,Medium,13.5,0.1,14.8,1
2025-02-18,Antalya,84.27,82.42,8.490262172,8.32967033,0.160591843,93.52,Turkey,2,1,0,Winter,Medium,10.9,8.6,15.7,0
2022-05-01,Istanbul Sabiha Gokcen,73.88,79.66,11.83946163,9.953505747,1.885955879,95.05,Turkey,5,6,1,Spring,Medium,13.9,0.1,23.4,0
2024-09-26,Antalya,78.87,66.49,12.24627976,16.56918919,-4.322909427,93.64,Turkey,9,3,0,Autumn,Medium,25.7,0.0,18.9,0
2022-11-06,Antalya,81.17,77.48,8.419804742,13.96564885,-5.545844113,94.12,Turkey,11,6,1,Autumn,Medium,18.1,0.1,13.1,0
2023-12-10,Istanbul Sabiha Gokcen,50.33,67.51,22.72391068,18.48280757,4.241103104,95.77,Turkey,12,6,1,Winter,Medium,6.9,0.2,10.0,1
2026-03-19,Antalya,90.18,87.27,4.589285714,6.127272727,-1.537987013,94.93,Turkey,3,3,0,Spring,Medium,15.9,2.9,20.1,0
2025-10-17,Istanbul,80.93,81.99,10.20299728,10.88783602,-0.684838746,92.21,Turkey,10,4,0,Autumn,Large,16.6,1.1,21.3,0
2023-06-12,Antalya,58.82,51.95,25.13947368,28.60615616,-3.466682472,95.43,Turkey,6,0,0,Summer,Medium,21.5,18.5,8.6,1
2024-07-23,Istanbul,58.53,60.38,24.65585784,25.46352479,-0.807666948,95.54,Turkey,7,1,0,Summer,Large,26.3,4.7,22.7,1
2022-04-29,Istanbul Sabiha Gokcen,49.16,65.41,30.18076923,22.17305936,8.00770987,93.7,Turkey,4,4,0,Spring,Medium,13.8,0.0,22.9,1
2024-09-17,Istanbul Sabiha Gokcen,68.15,76.77,21.0890411,16.4869248,4.602116292,96.56,Turkey,9,1,0,Autumn,Medium,20.4,4.6,18.8,1
2022-10-06,Istanbul,79.28,69.71,13.91117117,17.26765233,-3.356481159,93.28,Turkey,10,3,0,Autumn,Large,17.2,0.4,27.0,0
2023-01-14,Antalya,79.0,73.79,13.74,15.0789644,-1.338964401,90.63,Turkey,1,5,1,Winter,Medium,12.0,0.0,17.4,0
2023-05-11,Antalya,71.55,59.84,16.08542538,20.77021419,-4.684788807,93.71,Turkey,5,3,0,Spring,Medium,18.9,0.0,12.6,1
2022-04-05,Istanbul Sabiha Gokcen,94.2,84.29,3.665136876,6.064365079,-2.399228203,93.83,Turkey,4,1,0,Spring,Medium,9.7,9.4,13.4,0
2022-07-04,Antalya,46.43,44.89,32.03546627,34.44682765,-2.411361382,96.63,Turkey,7,0,0,Summer,Medium,29.9,0.0,22.7,1
2022-07-25,Antalya,49.86,46.65,26.44924457,35.79548704,-9.346242472,96.95,Turkey,7,0,0,Summer,Medium,31.6,0.0,22.9,1
2023-02-15,Antalya,86.59,81.4,7.27296748,9.223643411,-1.950675931,91.53,Turkey,2,2,0,Winter,Medium,9.1,0.0,27.7,0
2023-09-03,Istanbul Sabiha Gokcen,48.17,54.18,21.50680894,25.21052632,-3.703717373,93.13,Turkey,9,6,1,Autumn,Medium,24.4,1.2,28.0,1
2024-06-28,Istanbul Sabiha Gokcen,30.3,31.6,51.00606061,50.87111452,0.134946087,95.07,Turkey,6,4,0,Summer,Medium,23.4,0.0,33.3,1
2026-03-27,Istanbul Sabiha Gokcen,25.5,34.9,43.24929178,44.9941349,-1.744843113,95.17,Turkey,3,4,0,Spring,Medium,12.5,0.0,12.5,1
2022-08-20,Istanbul,54.59,53.58,24.97871712,25.49865005,-0.519932929,96.41,Turkey,8,5,1,Summer,Large,24.6,0.1,16.3,1
2022-01-03,Istanbul Sabiha Gokcen,91.24,90.16,5.230345286,6.687467192,-1.457121906,94.91,Turkey,1,0,0,Winter,Medium,8.8,0.0,17.3,0
2022-11-02,Antalya,90.91,84.11,7.122994652,10.51246106,-3.389466407,94.14,Turkey,11,2,0,Autumn,Medium,19.8,0.0,19.6,0
2022-02-12,Istanbul,93.24,77.42,4.838344988,12.79185868,-7.953513691,94.81,Turkey,2,5,1,Winter,Large,7.1,0.0,22.2,0
2025-09-24,Istanbul Sabiha Gokcen,67.65,71.97,13.65775401,13.28301887,0.374735143,91.29,Turkey,9,2,0,Autumn,Medium,20.1,0.0,13.9,0
2022-06-18,Antalya,39.24,34.15,38.1744186,43.67091238,-5.496493771,97.18,Turkey,6,5,1,Summer,Medium,26.6,0.0,18.1,1
2022-12-04,Istanbul,71.16,60.55,19.39723661,25.36683819,-5.969601578,93.69,Turkey,12,6,1,Winter,Large,10.0,0.4,20.6,1
2023-12-25,Istanbul Sabiha Gokcen,26.87,47.16,44.17845805,31.70284281,12.47561524,95.25,Turkey,12,0,0,Winter,Medium,12.9,0.0,23.9,1
2025-11-18,Antalya,83.04,86.49,9.732142857,12.94594595,-3.213803089,88.28,Turkey,11,1,0,Autumn,Medium,16.9,0.0,13.0,0
2022-04-04,Istanbul,93.0,68.63,6.663202042,15.36866667,-8.705464624,92.45,Turkey,4,0,0,Spring,Large,7.9,0.7,16.3,0
2024-04-23,Antalya,81.22,61.17,7.751381215,18.66489362,-10.9135124,95.45,Turkey,4,1,0,Spring,Medium,18.4,0.0,13.4,0
2023-11-11,Istanbul,45.39,32.96,44.23581798,56.56874667,-12.33292869,91.48,Turkey,11,5,1,Autumn,Large,17.4,5.1,38.7,1
2024-08-04,Istanbul Sabiha Gokcen,45.45,66.96,30.01515152,21.35299902,8.662152498,95.21,Turkey,8,6,1,Summer,Medium,26.4,0.0,15.7,1
2026-05-22,Istanbul Sabiha Gokcen,80.1,82.41,10.36125654,10.34645669,0.014799852,89.45,Turkey,5,4,0,Spring,Medium,17.8,4.2,15.2,0
2023-05-31,Istanbul Sabiha Gokcen,67.27,73.16,13.79022782,13.56973039,0.220497426,94.9,Turkey,5,2,0,Spring,Medium,18.8,3.9,13.0,0
2023-09-05,Istanbul,31.28,36.23,49.18220947,41.58888889,7.59332058,91.92,Turkey,9,1,0,Autumn,Large,22.2,8.4,31.1,1
2022-07-31,Antalya,45.61,47.21,37.39348371,41.05994078,-3.666457069,96.99,Turkey,7,6,1,Summer,Medium,27.6,0.0,17.7,1
2025-12-11,Istanbul Sabiha Gokcen,42.54,67.62,29.66979742,19.35038204,10.31941538,94.53,Turkey,12,3,0,Winter,Medium,10.1,0.1,8.5,1
2022-03-26,Antalya,84.11,73.0,8.286448598,15.8005,-7.514051402,94.37,Turkey,3,5,1,Spring,Medium,12.2,0.0,15.2,0
2024-08-27,Antalya,59.84,60.67,20.61994536,21.61863753,-0.998692177,94.09,Turkey,8,1,0,Summer,Medium,28.9,0.0,17.2,1
2022-09-26,Istanbul,72.77,72.52,14.42280251,16.45737127,-2.034568762,94.41,Turkey,9,0,0,Autumn,Large,17.2,0.0,19.9,0
2023-11-11,Antalya,58.68,62.01,30.88622754,26.80446927,4.081758271,93.61,Turkey,11,5,1,Autumn,Medium,20.5,1.0,14.8,1
2024-11-20,Istanbul Sabiha Gokcen,65.16,75.25,14.91623656,12.42380156,2.492434998,94.94,Turkey,11,2,0,Autumn,Medium,11.8,0.0,13.6,0
2022-08-25,Istanbul Sabiha Gokcen,50.0,56.12,26.31411192,22.89646283,3.417649092,96.22,Turkey,8,3,0,Summer,Medium,23.0,10.6,14.8,1
2025-06-23,Istanbul Sabiha Gokcen,74.85,76.2,12.67251462,16.82067989,-4.148165267,83.41,Turkey,6,0,0,Summer,Medium,23.1,0.0,10.9,0
2024-11-16,Istanbul,79.56,81.66,16.42345483,11.43396029,4.989494541,94.55,Turkey,11,5,1,Autumn,Large,9.9,1.5,24.8,1
2023-07-20,Antalya,54.22,56.85,29.01662125,30.35972927,-1.343108019,94.75,Turkey,7,3,0,Summer,Medium,31.5,0.0,25.9,1
2024-09-28,Istanbul,79.53,84.95,12.74220273,10.36558128,2.376621446,96.05,Turkey,9,5,1,Autumn,Large,21.1,0.0,13.7,0
2025-11-28,Antalya,77.57,79.09,15.44859813,16.41818182,-0.969583687,80.58,Turkey,11,4,0,Autumn,Medium,16.8,2.5,15.0,1
2022-05-05,Istanbul Sabiha Gokcen,62.41,59.78,21.81459811,23.71884058,-1.904242471,94.59,Turkey,5,3,0,Spring,Medium,11.2,0.1,12.9,1
2022-05-30,Istanbul,67.32,56.81,17.25933573,19.92583632,-2.666500593,95.5,Turkey,5,0,0,Spring,Large,23.2,0.2,16.1,1
2023-11-12,Antalya,82.08,77.05,12.48554913,15.23888889,-2.753339756,94.84,Turkey,11,6,1,Autumn,Medium,19.0,3.9,16.8,0
2024-04-09,Antalya,93.37,88.89,9.246987952,10.99444444,-1.747456493,90.28,Turkey,4,1,0,Spring,Medium,17.7,0.0,18.8,0
2024-08-02,Antalya,39.59,35.54,41.22994859,45.60539216,-4.375443571,94.46,Turkey,8,4,0,Summer,Medium,30.4,0.0,25.0,1
2025-03-25,Istanbul,92.8,88.17,4.227877796,8.861666667,-4.633788871,94.19,Turkey,3,1,0,Spring,Large,15.3,2.9,25.5,0
2026-02-12,Antalya,80.9,70.97,10.72640449,13.6344086,-2.908004108,92.66,Turkey,2,3,0,Winter,Medium,13.3,12.2,21.6,0
2023-08-17,Istanbul Sabiha Gokcen,18.56,36.04,44.84660679,38.51996997,6.326636816,95.08,Turkey,8,3,0,Summer,Medium,26.1,0.0,30.3,1
2024-08-16,Istanbul,53.99,61.83,30.95726496,28.03423237,2.923032592,92.98,Turkey,8,4,0,Summer,Large,24.8,0.0,27.0,1
2022-12-13,Istanbul Sabiha Gokcen,59.01,54.88,17.71621622,25.6672093,-7.950993086,96.64,Turkey,12,1,0,Winter,Medium,8.5,12.5,28.9,1
2024-09-04,Antalya,57.18,50.37,25.45528455,27.2617284,-1.806443842,95.4,Turkey,9,2,0,Autumn,Medium,27.7,0.0,15.8,1
2025-04-10,Istanbul Sabiha Gokcen,60.12,64.41,23.06411368,16.95122549,6.11288819,88.86,Turkey,4,3,0,Spring,Medium,8.4,3.1,21.8,1
2022-06-30,Antalya,39.69,30.65,36.88848958,43.34459325,-6.456103671,95.92,Turkey,6,3,0,Summer,Medium,27.3,0.0,20.3,1
2024-12-03,Istanbul,86.38,88.81,8.489230343,8.59115192,-0.101921577,93.82,Turkey,12,1,0,Winter,Large,9.3,11.0,20.6,0
2023-03-09,Antalya,78.02,70.97,13.3956044,14.45250896,-1.056904565,95.15,Turkey,3,3,0,Spring,Medium,13.7,0.1,15.4,0
2022-10-17,Antalya,52.25,47.59,26.97958478,33.07733119,-6.097746415,95.56,Turkey,10,0,0,Autumn,Medium,21.7,0.3,21.1,1
2024-06-19,Istanbul,78.57,81.88,11.29428571,11.49067998,-0.196394267,94.26,Turkey,6,2,0,Summer,Large,23.3,0.0,23.6,0
2024-06-05,Istanbul,84.76,82.84,9.08600311,11.02035033,-1.934347224,94.58,Turkey,6,2,0,Summer,Large,23.9,0.0,15.9,0
2025-10-24,Antalya,59.56,60.37,26.86029412,30.24009324,-3.379799122,91.71,Turkey,10,4,0,Autumn,Medium,20.0,2.3,13.1,1
2023-06-20,Antalya,64.76,60.18,20.73714286,26.46231003,-5.725167173,94.32,Turkey,6,1,0,Summer,Medium,26.6,0.0,23.8,1
2022-11-05,Istanbul,71.13,70.17,15.96544928,16.60149425,-0.636044978,93.83,Turkey,11,5,1,Autumn,Large,15.9,0.0,16.4,1
2022-07-08,Antalya,46.61,47.01,36.48022599,39.37558877,-2.895362779,95.2,Turkey,7,4,0,Summer,Medium,26.2,0.0,17.2,1
2022-07-10,Istanbul,33.98,29.11,52.78373984,52.1643975,0.619342341,92.43,Turkey,7,6,1,Summer,Large,19.9,27.1,23.8,1
2025-10-13,Istanbul Sabiha Gokcen,71.59,81.74,14.04735376,9.915531335,4.131822425,89.35,Turkey,10,0,0,Autumn,Medium,15.3,0.1,11.7,0
2022-10-07,Antalya,58.44,53.05,20.34807292,26.68958333,-6.341510417,94.95,Turkey,10,4,0,Autumn,Medium,22.4,2.8,24.9,1
2023-01-02,Antalya,79.03,68.99,20.40806452,20.09405685,0.314007669,92.99,Turkey,1,0,0,Winter,Medium,11.9,0.0,18.2,1
2023-03-29,Istanbul,74.23,58.84,16.79862543,23.60547052,-6.806845092,87.69,Turkey,3,2,0,Spring,Large,4.1,10.2,28.1,1
2024-06-15,Antalya,17.24,11.93,68.51477833,77.63073394,-9.11595562,93.63,Turkey,6,5,1,Summer,Medium,30.0,0.0,20.5,1
2024-11-22,Antalya,80.95,80.62,9.277777778,12.58139535,-3.303617571,92.45,Turkey,11,4,0,Autumn,Medium,16.6,12.6,12.8,0
2022-09-28,Antalya,66.78,55.12,20.16878393,31.15316265,-10.98437872,93.15,Turkey,9,2,0,Autumn,Medium,23.8,0.1,12.3,1
2023-07-15,Istanbul,62.95,58.61,21.96642547,25.81209104,-3.845665568,90.22,Turkey,7,5,1,Summer,Large,25.1,0.0,23.1,1
2026-01-22,Antalya,67.12,61.84,18.43835616,23.26315789,-4.82480173,76.64,Turkey,1,3,0,Winter,Medium,9.2,107.2,19.9,1
2023-08-30,Istanbul,57.06,64.84,23.54452214,23.77474817,-0.230226024,91.74,Turkey,8,2,0,Summer,Large,27.6,0.0,10.5,1
2022-01-11,Istanbul,84.82,72.18,13.54458988,15.46513561,-1.92054573,91.21,Turkey,1,1,0,Winter,Large,8.0,7.1,37.0,0
2025-11-12,Istanbul,90.22,86.34,7.625679012,8.159059059,-0.533380047,92.7,Turkey,11,2,0,Autumn,Large,13.3,5.8,19.1,0
2023-02-16,Istanbul Sabiha Gokcen,53.79,58.7,22.30030084,28.05471014,-5.754409303,94.12,Turkey,2,3,0,Winter,Medium,4.3,0.1,13.3,1
2023-08-21,Istanbul,62.11,66.9,22.1665717,20.31454503,1.852026674,91.27,Turkey,8,0,0,Summer,Large,25.4,0.0,19.7,1
2022-09-08,Istanbul,61.9,55.84,26.56613757,23.66693333,2.899204233,95.21,Turkey,9,3,0,Autumn,Large,20.9,0.0,21.4,1
2022-04-22,Antalya,70.15,64.97,13.58747927,17.91395939,-4.326480121,96.2,Turkey,4,4,0,Spring,Medium,14.9,0.0,11.9,0
2023-03-30,Istanbul,81.3,68.74,14.60708977,19.18491652,-4.577826757,91.3,Turkey,3,3,0,Spring,Large,3.4,0.1,19.3,0
2023-01-03,Antalya,86.0,73.58,16.4,27.83962264,-11.43962264,93.18,Turkey,1,1,0,Winter,Medium,9.8,0.0,12.1,1
2022-03-31,Istanbul Sabiha Gokcen,83.97,77.49,10.10654008,12.26406926,-2.15752918,94.64,Turkey,3,3,0,Spring,Medium,13.9,0.0,15.5,0
2025-08-28,Antalya,74.94,71.81,15.52658228,22.40951807,-6.882935794,93.37,Turkey,8,3,0,Summer,Medium,29.2,0.0,17.7,1
2022-08-09,Antalya,48.88,47.54,28.83885768,35.64899818,-6.810140501,95.75,Turkey,8,1,0,Summer,Medium,28.4,0.0,16.6,1
2025-06-28,Istanbul,74.09,83.82,14.42208727,11.83368984,2.58839743,92.33,Turkey,6,5,1,Summer,Large,23.6,0.3,21.1,0
2024-05-05,Istanbul Sabiha Gokcen,80.08,84.96,8.863559322,7.937127371,0.926431951,95.82,Turkey,5,6,1,Spring,Medium,13.4,2.5,24.8,0
2025-09-03,Istanbul,75.33,79.15,15.24137931,13.78953077,1.451848545,93.85,Turkey,9,2,0,Autumn,Large,24.0,0.0,17.7,1
2023-12-06,Istanbul Sabiha Gokcen,67.82,85.28,12.09195402,8.273584906,3.818369117,95.21,Turkey,12,2,0,Winter,Medium,10.2,1.0,14.0,0
2026-03-26,Istanbul Sabiha Gokcen,36.59,43.98,28.76256983,35.05056022,-6.287990392,95.92,Turkey,3,3,0,Spring,Medium,9.4,0.2,11.6,1
2023-12-22,Istanbul Sabiha Gokcen,30.55,37.74,38.87984995,39.68145161,-0.801601666,94.74,Turkey,12,4,0,Winter,Medium,9.9,10.4,25.2,1
2024-03-01,Antalya,69.23,44.04,16.59919872,26.3469419,-9.747743178,96.35,Turkey,3,4,0,Spring,Medium,13.2,0.0,11.7,1
2024-07-02,Istanbul,52.35,61.16,28.7170088,23.5266121,5.190396694,93.76,Turkey,7,1,0,Summer,Large,25.0,0.0,16.6,1
2023-04-07,Antalya,72.17,80.45,10.18451258,8.573863636,1.610648942,92.69,Turkey,4,4,0,Spring,Medium,12.5,6.4,18.0,0
2024-10-28,Istanbul,83.45,82.59,11.28448276,13.71592719,-2.431444431,83.75,Turkey,10,0,0,Autumn,Large,13.7,0.0,11.2,0
2026-04-16,Istanbul Sabiha Gokcen,81.39,83.94,9.211111111,8.844084507,0.367026604,89.86,Turkey,4,3,0,Spring,Medium,11.3,0.0,17.2,0
2023-07-06,Antalya,44.66,38.12,30.18670412,36.26662315,-6.079919031,95.7,Turkey,7,3,0,Summer,Medium,26.3,0.0,14.0,1
2024-10-21,Antalya,72.64,71.04,16.68207547,17.65716418,-0.975088707,94.72,Turkey,10,0,0,Autumn,Medium,20.5,0.0,26.6,1
2024-01-17,Istanbul Sabiha Gokcen,77.41,83.85,14.27037037,13.51423077,0.756139601,92.98,Turkey,1,2,0,Winter,Medium,7.5,0.0,13.2,0
2025-11-29,Istanbul Sabiha Gokcen,71.47,72.33,13.37175793,23.48314121,-10.11138329,93.09,Turkey,11,5,1,Autumn,Medium,12.5,5.1,13.1,0
2022-07-18,Antalya,52.68,51.86,31.70422535,33.01693262,-1.312707272,95.9,Turkey,7,0,0,Summer,Medium,33.2,0.0,26.3,1
2024-01-21,Istanbul,71.34,69.85,19.2847352,20.01441026,-0.729675054,92.79,Turkey,1,6,1,Winter,Large,4.8,5.5,32.9,1
2026-02-16,Antalya,75.28,60.87,10.93258427,17.0,-6.06741573,91.51,Turkey,2,0,0,Winter,Medium,16.5,2.5,22.2,0
2023-02-07,Antalya,50.0,46.27,52.0872549,56.74452736,-4.657272461,85.98,Turkey,2,1,0,Winter,Medium,7.9,0.0,34.9,1
2024-10-07,Istanbul,87.9,84.47,10.67314225,11.19741152,-0.524269266,93.41,Turkey,10,0,0,Autumn,Large,18.2,0.9,15.3,0
2026-03-04,Istanbul,88.01,84.72,9.107583774,10.10616319,-0.99857942,84.28,Turkey,3,2,0,Spring,Large,6.3,0.0,11.3,0
2024-06-30,Istanbul,61.94,57.14,23.44065484,28.90336004,-5.462705192,94.58,Turkey,6,6,1,Summer,Large,24.2,0.1,20.1,1
2025-10-15,Istanbul,83.33,79.61,9.900560224,13.15533981,-3.254779582,91.77,Turkey,10,2,0,Autumn,Large,14.6,0.6,14.1,0
2024-12-07,Istanbul,83.09,77.08,12.96457327,15.64762286,-2.683049594,93.75,Turkey,12,5,1,Winter,Large,11.4,0.6,16.7,0
2024-05-25,London Heathrow,66.72,75.98,19.2390625,18.84413919,0.394923306,96.83,United Kingdom,5,5,1,Spring,Large,14.5,0.0,13.3,1
2025-12-28,London Stansted,59.2,59.87,21.56856187,23.48968785,-1.921125975,96.2,United Kingdom,12,6,1,Winter,Medium,5.7,0.0,19.9,1
2024-08-05,London Stansted,62.0,65.99,19.09333333,19.28529742,-0.191964085,92.84,United Kingdom,8,0,0,Summer,Medium,18.9,0.0,23.2,1
2022-10-11,London Gatwick,74.45,80.22,12.20041209,9.763003663,2.437408425,98.65,United Kingdom,10,1,0,Autumn,Medium,9.2,0.0,10.1,0
2022-07-05,London Stansted,55.85,59.85,21.33207547,22.69178832,-1.359712849,94.44,United Kingdom,7,1,0,Summer,Medium,15.9,0.0,21.8,1
2023-07-15,London Gatwick,33.85,32.38,39.53333333,47.10522193,-7.571888599,88.37,United Kingdom,7,5,1,Summer,Medium,16.2,5.0,41.3,1
2022-11-26,London Stansted,77.21,74.53,11.77209302,14.4841195,-2.712026474,97.77,United Kingdom,11,5,1,Autumn,Medium,8.8,0.7,32.4,0
2022-06-22,London Heathrow,44.12,63.6,30.28109029,19.64956672,10.63152357,97.69,United Kingdom,6,2,0,Summer,Large,18.5,0.0,14.5,1
2022-09-05,Manchester,45.19,50.18,38.27407407,31.42442002,6.84965405,95.86,United Kingdom,9,0,0,Autumn,Medium,18.4,6.0,25.2,1
2022-07-18,Manchester,29.7,50.37,41.95488722,33.94796296,8.006924255,92.49,United Kingdom,7,0,0,Summer,Medium,25.5,0.0,15.9,1
2022-12-09,London Heathrow,46.19,56.44,28.9001692,24.48048023,4.419688979,97.7,United Kingdom,12,4,0,Winter,Large,-1.7,0.0,9.0,1
2022-06-20,London Heathrow,43.3,59.93,31.07246377,26.56486407,4.507599702,93.37,United Kingdom,6,0,0,Summer,Large,15.7,0.5,18.7,1
2022-08-28,Manchester,47.64,60.14,26.41818182,21.1660628,5.252119016,94.63,United Kingdom,8,6,1,Summer,Medium,17.9,0.0,12.4,1
2024-02-04,Manchester,71.88,75.86,12.79017857,11.97816092,0.812017652,98.3,United Kingdom,2,6,1,Winter,Medium,9.7,3.6,28.8,0
2023-04-25,London Gatwick,76.31,73.62,11.52615385,11.73865031,-0.212496461,96.2,United Kingdom,4,1,0,Spring,Medium,6.1,0.0,17.1,0
2023-05-19,Manchester,72.93,80.61,12.71804511,10.25931559,2.458729523,96.79,United Kingdom,5,4,0,Spring,Medium,12.0,5.3,13.7,0
2023-02-17,London Gatwick,71.76,73.95,14.36764706,14.63008982,-0.262442762,96.62,United Kingdom,2,4,0,Winter,Medium,10.7,0.2,32.9,0
2023-03-11,London Gatwick,41.26,37.76,36.33566434,43.24597902,-6.910314685,96.01,United Kingdom,3,5,1,Spring,Medium,2.6,0.3,18.2,1
2023-02-25,London Stansted,72.2,68.16,13.40358744,16.93393124,-3.530343797,97.0,United Kingdom,2,5,1,Winter,Medium,3.7,1.1,27.1,0
2022-11-26,London Heathrow,76.71,85.71,12.90974729,8.160897436,4.748849857,97.72,United Kingdom,11,5,1,Autumn,Large,9.7,1.1,27.8,0
2023-07-17,London Gatwick,32.17,37.38,38.62940948,39.98944704,-1.360037561,92.09,United Kingdom,7,0,0,Summer,Medium,16.1,1.4,22.2,1
2026-04-09,Manchester,68.84,63.74,13.39855072,15.22832723,-1.829776504,97.92,United Kingdom,4,3,0,Spring,Medium,9.0,3.2,24.0,0
2025-12-02,London Heathrow,88.37,90.98,7.795348837,6.107309487,1.68803935,99.54,United Kingdom,12,1,0,Winter,Large,8.2,3.6,15.8,0
2023-07-10,London Gatwick,39.48,46.85,30.356974,34.11884227,-3.761868274,89.5,United Kingdom,7,0,0,Summer,Medium,17.7,0.1,25.4,1
2024-02-23,London Stansted,77.74,81.75,11.23773585,9.335648148,1.902087701,95.07,United Kingdom,2,4,0,Winter,Medium,4.0,0.5,26.7,0
2026-03-12,London Gatwick,85.9,83.02,8.58974359,10.66278826,-2.07304467,97.21,United Kingdom,3,3,0,Spring,Medium,9.0,1.5,41.6,0
2023-05-13,London Stansted,63.22,62.5,19.35632184,24.78257576,-5.426253918,98.15,United Kingdom,5,5,1,Spring,Medium,10.6,0.0,25.9,1
2022-10-03,London Gatwick,59.42,61.24,24.06282723,22.7539621,1.308865123,98.46,United Kingdom,10,0,0,Autumn,Medium,11.9,0.1,13.3,1
2024-02-16,London Heathrow,88.69,86.59,7.21559633,8.574447869,-1.358851538,97.78,United Kingdom,2,4,0,Winter,Large,10.4,6.4,21.2,0
2025-05-26,London Heathrow,88.24,81.78,7.163235294,11.11449383,-3.951258533,99.56,United Kingdom,5,0,0,Spring,Large,14.5,0.1,25.4,0
2025-11-10,London Heathrow,90.83,87.71,5.536697248,7.007680492,-1.470983244,99.24,United Kingdom,11,0,0,Autumn,Large,11.6,6.3,21.2,0
2026-02-10,London Gatwick,88.44,86.43,11.90666667,10.77458522,1.132081448,96.6,United Kingdom,2,1,0,Winter,Medium,8.6,5.2,21.1,0
2025-05-27,Manchester,68.63,68.73,14.07189542,13.24766558,0.824229844,95.95,United Kingdom,5,1,0,Spring,Medium,12.0,9.9,24.9,0
2024-03-25,London Stansted,79.52,80.5,10.78714859,10.18374827,0.603400323,95.49,United Kingdom,3,0,0,Spring,Medium,6.9,0.2,23.5,0
2024-10-31,London Heathrow,85.65,90.06,8.575663027,5.676293996,2.899369031,97.49,United Kingdom,10,3,0,Autumn,Large,9.3,0.0,7.9,0
2025-12-12,London Gatwick,83.73,86.83,10.15976331,7.54256487,2.617198443,97.44,United Kingdom,12,4,0,Winter,Medium,9.6,1.3,23.4,0
2025-10-26,London Gatwick,70.71,68.9,15.33509235,16.13065237,-0.79556002,80.21,United Kingdom,10,6,1,Autumn,Medium,7.1,0.6,23.8,1
2023-09-18,Manchester,37.22,52.1,31.1618123,28.75857605,2.403236246,98.13,United Kingdom,9,0,0,Autumn,Medium,14.1,11.0,23.3,1
2024-10-08,London Gatwick,51.64,56.68,22.33501259,22.3808984,-0.04588581,93.21,United Kingdom,10,1,0,Autumn,Medium,13.6,6.5,27.3,1
2022-01-08,London Gatwick,88.46,78.46,9.195512821,12.03576923,-2.84025641,95.65,United Kingdom,1,5,1,Winter,Medium,5.7,11.6,29.5,0
2026-01-03,London Heathrow,53.41,52.44,30.2224026,31.88830076,-1.665898163,97.95,United Kingdom,1,5,1,Winter,Large,0.2,0.0,16.6,1
2023-05-12,Manchester,68.66,70.07,15.39552239,13.73783455,1.657687838,97.85,United Kingdom,5,4,0,Spring,Medium,11.6,0.0,19.8,1
2024-01-18,Manchester,56.0,60.34,23.34857143,21.39683908,1.951732348,95.74,United Kingdom,1,3,0,Winter,Medium,-2.4,0.2,11.8,1
2025-03-21,London Stansted,72.76,73.94,13.07241379,14.05633803,-0.983924235,96.73,United Kingdom,3,4,0,Spring,Medium,10.5,0.1,22.0,0
2025-03-27,London Gatwick,88.82,91.21,4.882175227,5.275252525,-0.393077299,94.32,United Kingdom,3,3,0,Spring,Medium,8.7,0.0,14.0,0
2024-11-12,Manchester,84.24,90.76,7.994565217,4.756521739,3.238043478,98.94,United Kingdom,11,1,0,Autumn,Medium,5.5,0.0,10.5,0
2022-02-01,Manchester,75.53,67.74,9.436170213,11.15448029,-1.718310074,95.96,United Kingdom,2,1,0,Winter,Medium,8.9,4.4,36.4,0
2025-01-20,London Heathrow,92.46,87.04,5.383627608,9.95696,-4.573332392,98.43,United Kingdom,1,0,0,Winter,Large,3.4,0.2,7.9,0
2022-06-06,Manchester,35.88,47.21,42.95419847,38.58705081,4.367147668,91.97,United Kingdom,6,0,0,Summer,Medium,11.3,3.0,9.1,1
2023-12-07,London Stansted,68.75,75.59,14.5,12.19334898,2.306651017,93.47,United Kingdom,12,3,0,Winter,Medium,5.0,10.1,29.5,0
2022-08-19,Manchester,46.27,59.85,29.62686567,23.40413625,6.222729419,95.83,United Kingdom,8,4,0,Summer,Medium,16.4,0.3,17.6,1
2025-03-25,London Gatwick,73.19,75.09,11.96014493,13.40932611,-1.449181186,94.54,United Kingdom,3,1,0,Spring,Medium,9.2,0.6,12.9,0
2023-09-15,Manchester,52.82,60.65,26.95348837,24.85134409,2.102144286,95.11,United Kingdom,9,4,0,Autumn,Medium,16.6,0.0,13.1,1
2025-11-16,London Stansted,73.93,70.98,11.65714286,15.2252331,-3.568090243,95.33,United Kingdom,11,6,1,Autumn,Medium,8.1,0.5,17.7,0
2022-03-23,London Heathrow,72.62,86.18,12.92575406,7.004137393,5.921616668,97.3,United Kingdom,3,2,0,Spring,Large,10.4,0.0,11.7,0
2023-06-19,Manchester,48.97,56.66,27.95517241,26.29328783,1.661884587,96.42,United Kingdom,6,0,0,Summer,Medium,17.9,3.6,20.4,1
2024-01-29,London Gatwick,89.39,90.04,8.726530612,7.681189488,1.045341124,91.11,United Kingdom,1,0,0,Winter,Medium,9.4,0.2,22.9,0
2022-08-22,Manchester,44.03,61.73,28.1119403,20.2677497,7.844190599,96.54,United Kingdom,8,0,0,Summer,Medium,17.7,5.1,18.0,1
2024-03-11,Manchester,78.06,77.27,10.49367089,10.47121212,0.022458765,98.38,United Kingdom,3,0,0,Spring,Medium,6.6,0.3,17.2,0
2024-02-20,London Gatwick,89.96,91.53,5.322175732,4.690254237,0.631921495,90.74,United Kingdom,2,1,0,Winter,Medium,7.8,0.1,27.8,0
2022-03-22,Manchester,84.89,93.53,5.877697842,3.197841727,2.679856115,95.27,United Kingdom,3,1,0,Spring,Medium,11.4,0.5,18.4,0
2022-09-12,London Stansted,63.73,62.27,25.45070423,24.32881563,1.121888597,95.32,United Kingdom,9,0,0,Autumn,Medium,19.1,0.7,15.0,1
2022-09-21,Manchester,53.36,62.55,23.15019763,17.12033462,6.029863008,95.59,United Kingdom,9,2,0,Autumn,Medium,13.8,0.0,16.2,1
2024-03-10,London Gatwick,69.67,66.67,15.49180328,18.05381084,-2.562007557,91.85,United Kingdom,3,6,1,Spring,Medium,7.7,7.5,10.7,1
2024-01-23,London Stansted,83.67,75.38,10.92857143,13.78283082,-2.854259392,97.12,United Kingdom,1,1,0,Winter,Medium,7.9,3.6,37.2,0
2022-11-05,London Heathrow,71.17,76.17,21.53552021,18.76442057,2.771099639,93.42,United Kingdom,11,5,1,Autumn,Large,9.8,5.1,22.5,1
2023-06-30,London Heathrow,58.06,61.31,24.23348694,20.64531091,3.588176036,97.18,United Kingdom,6,4,0,Summer,Large,16.4,0.7,29.5,1
2026-01-08,London Stansted,65.8,62.77,15.49222798,17.31826241,-1.826034432,97.03,United Kingdom,1,3,0,Winter,Medium,1.9,12.3,34.2,1
2024-03-16,Manchester,68.31,74.07,17.65843621,15.10061728,2.55781893,95.37,United Kingdom,3,5,1,Spring,Medium,6.7,3.4,24.3,1
2023-02-04,London Stansted,84.23,76.44,7.283783784,13.5817037,-6.29791992,97.83,United Kingdom,2,5,1,Winter,Medium,7.4,0.0,16.3,0
2026-04-01,London Gatwick,81.56,84.41,11.24495677,8.775833333,2.469123439,93.33,United Kingdom,4,2,0,Spring,Medium,10.2,0.0,12.1,0
2025-10-12,London Stansted,77.4,71.68,16.41969178,16.05897436,0.360717422,94.6,United Kingdom,10,6,1,Autumn,Medium,9.8,0.0,10.7,1
2022-01-24,Manchester,84.91,88.12,10.76415094,6.512046205,4.252104739,76.43,United Kingdom,1,0,0,Winter,Medium,1.4,0.0,10.3,0
2025-02-08,London Gatwick,83.33,80.26,8.725490196,9.968392665,-1.242902468,92.24,United Kingdom,2,5,1,Winter,Medium,3.7,2.6,19.3,0
2024-11-09,London Stansted,81.08,77.52,9.806949807,11.60710594,-1.800156136,97.77,United Kingdom,11,5,1,Autumn,Medium,6.8,0.3,6.9,0
2023-11-28,London Gatwick,80.65,82.33,9.884792627,8.261395349,1.623397278,90.16,United Kingdom,11,1,0,Autumn,Medium,3.6,0.0,23.1,0
2023-04-18,Manchester,69.03,70.56,17.36725664,17.01738817,0.34986847,97.88,United Kingdom,4,1,0,Spring,Medium,9.3,0.0,23.1,1
2025-04-12,Manchester,71.54,72.41,14.3071161,13.96309068,0.344025428,96.48,United Kingdom,4,5,1,Spring,Medium,13.0,0.0,15.0,0
2022-09-26,London Gatwick,56.25,62.69,22.71953125,22.22081174,0.498719506,96.74,United Kingdom,9,0,0,Autumn,Medium,12.0,5.7,25.4,1
2023-01-29,Manchester,80.31,82.83,15.23834197,8.185521886,7.052820083,95.15,United Kingdom,1,6,1,Winter,Medium,6.0,0.7,29.3,1
2022-05-12,London Heathrow,70.3,83.81,15.28646749,9.248576512,6.037890974,97.79,United Kingdom,5,3,0,Spring,Large,12.5,0.1,20.8,1
2024-11-11,London Gatwick,81.23,86.97,8.546075085,6.892370892,1.653704193,92.79,United Kingdom,11,0,0,Autumn,Medium,9.0,0.0,15.6,0
2022-06-02,London Gatwick,40.36,50.13,38.88541667,31.51907262,7.366344051,95.54,United Kingdom,6,3,0,Summer,Medium,13.5,0.0,14.9,1
2024-10-02,Manchester,68.61,75.19,16.16423358,14.40932099,1.754912589,96.55,United Kingdom,10,2,0,Autumn,Medium,11.9,0.1,23.3,1
2025-03-27,London Heathrow,85.05,88.43,7.73651772,5.853832305,1.882685415,99.39,United Kingdom,3,3,0,Spring,Large,9.5,0.0,13.3,0
2023-02-14,London Heathrow,55.34,58.98,32.02671756,32.65611216,-0.629394604,88.72,United Kingdom,2,1,0,Winter,Large,5.2,0.0,11.2,1
2024-04-25,London Gatwick,73.44,78.86,12.05420054,11.1064589,0.947741644,90.27,United Kingdom,4,3,0,Spring,Medium,7.0,3.5,22.3,0
2025-06-07,Manchester,62.28,61.59,18.51557093,19.83771626,-1.322145329,96.09,United Kingdom,6,5,1,Summer,Medium,11.1,7.5,16.1,1
2023-11-28,Manchester,69.64,77.33,14.41071429,14.3751938,0.035520487,98.28,United Kingdom,11,1,0,Autumn,Medium,2.8,0.3,10.5,0
2025-09-08,London Heathrow,73.75,79.91,16.84164223,10.28123167,6.560410557,98.84,United Kingdom,9,0,0,Autumn,Large,16.0,0.0,14.8,1
2023-11-23,London Gatwick,84.7,87.02,12.56227758,9.903976608,2.658300972,92.79,United Kingdom,11,3,0,Autumn,Medium,9.6,0.0,25.3,0
2025-11-04,London Gatwick,90.23,94.32,6.018796992,4.183964646,1.834832346,97.8,United Kingdom,11,1,0,Autumn,Medium,13.6,1.1,28.1,0
2023-03-26,London Gatwick,33.86,43.87,39.35109718,38.02677419,1.324322985,88.25,United Kingdom,3,6,1,Spring,Medium,7.0,9.3,20.5,1
2022-04-07,Manchester,42.25,44.44,33.35485133,31.83856683,1.516284503,97.33,United Kingdom,4,3,0,Spring,Medium,5.8,10.0,37.6,1
2025-05-10,Manchester,75.53,74.55,13.43262411,12.50024242,0.932381689,97.29,United Kingdom,5,5,1,Spring,Medium,14.3,0.0,16.9,0
2023-04-21,London Heathrow,65.29,64.01,15.67038217,16.18808386,-0.517701699,96.19,United Kingdom,4,4,0,Spring,Large,7.3,4.5,16.4,1
2025-10-22,London Heathrow,86.48,83.13,7.331352155,8.682686567,-1.351334413,98.68,United Kingdom,10,2,0,Autumn,Large,11.3,6.5,16.8,0
2024-09-25,London Heathrow,54.23,37.72,23.30609212,28.97674651,-5.670654382,96.28,United Kingdom,9,2,0,Autumn,Large,13.5,12.7,19.7,1
2025-09-08,London Stansted,73.85,66.55,14.75265018,17.904,-3.151349823,94.16,United Kingdom,9,0,0,Autumn,Medium,15.7,0.0,17.4,0
2023-05-18,London Heathrow,66.41,77.21,17.27734977,11.94186047,5.335489304,96.87,United Kingdom,5,3,0,Spring,Large,13.3,0.8,10.1,1
2023-11-08,London Heathrow,77.23,76.91,15.67197452,13.75639597,1.915578556,96.52,United Kingdom,11,2,0,Autumn,Large,9.3,4.6,30.9,1
2022-09-30,London Stansted,35.25,40.86,40.01438849,37.42371565,2.590672838,94.12,United Kingdom,9,4,0,Autumn,Medium,10.9,6.7,36.7,1
2022-05-13,Manchester,56.65,63.67,25.31178707,20.70362047,4.608166598,93.4,United Kingdom,5,4,0,Spring,Medium,13.2,0.1,27.2,1
2022-05-13,London Gatwick,64.82,70.99,19.89473684,16.64069982,3.254037026,98.11,United Kingdom,5,4,0,Spring,Medium,12.9,0.0,22.7,1
2022-12-13,Manchester,41.32,52.76,44.21556886,37.62300613,6.592562727,93.05,United Kingdom,12,1,0,Winter,Medium,-1.2,0.0,8.8,1
2024-01-10,London Gatwick,85.5,86.22,9.245,7.578741497,1.666258503,91.36,United Kingdom,1,2,0,Winter,Medium,0.9,0.0,22.7,0
2023-01-17,London Stansted,82.72,81.15,10.35078534,10.90104712,-0.55026178,93.69,United Kingdom,1,1,0,Winter,Medium,-2.2,0.0,12.1,0
2023-09-18,London Gatwick,30.55,24.17,55.67303103,60.02172196,-4.348690933,88.82,United Kingdom,9,0,0,Autumn,Medium,16.7,3.5,35.2,1
2022-09-22,London Gatwick,53.05,59.23,22.64467005,20.05358974,2.591080307,98.51,United Kingdom,9,3,0,Autumn,Medium,13.6,0.0,16.7,1
2023-03-28,London Heathrow,49.24,66.95,26.01692047,19.01660959,7.000310885,93.87,United Kingdom,3,1,0,Spring,Large,7.2,2.9,22.0,1
2024-06-10,London Stansted,50.16,54.64,26.45980707,25.46628035,0.993526721,94.89,United Kingdom,6,0,0,Summer,Medium,10.7,10.5,31.6,1
2025-08-27,London Stansted,71.62,68.69,13.69966997,17.40213244,-3.702462468,94.77,United Kingdom,8,2,0,Summer,Medium,17.8,1.1,27.8,0
2025-10-11,London Heathrow,83.59,83.59,9.191717791,8.975773994,0.215943798,99.54,United Kingdom,10,5,1,Autumn,Large,11.8,0.0,7.7,0
2023-02-22,London Stansted,90.67,89.3,8.668393782,7.004278075,1.664115708,96.62,United Kingdom,2,2,0,Winter,Medium,5.7,4.3,15.2,0
2022-11-20,London Heathrow,68.04,81.03,16.9209622,11.23133903,5.689623168,98.32,United Kingdom,11,6,1,Autumn,Large,7.3,3.8,19.9,1
2025-09-09,London Heathrow,81.63,81.87,11.15851852,9.815874195,1.342644323,97.83,United Kingdom,9,1,0,Autumn,Large,15.1,0.2,14.2,0
2022-07-26,London Stansted,55.76,60.58,23.43866171,22.07804136,1.360620348,96.18,United Kingdom,7,1,0,Summer,Medium,16.7,0.0,19.0,1
2024-04-11,London Stansted,76.04,76.82,11.89236111,11.70322953,0.189131584,96.45,United Kingdom,4,3,0,Spring,Medium,14.2,0.1,24.4,0
2024-10-22,London Stansted,71.89,73.94,12.68683274,12.87476526,-0.187932518,96.31,United Kingdom,10,1,0,Autumn,Medium,10.6,0.0,25.3,0
2025-03-07,Manchester,87.2,88.1,7.396,6.772949735,0.623050265,97.34,United Kingdom,3,4,0,Spring,Medium,11.2,5.0,22.0,0
2023-04-01,London Gatwick,33.54,43.12,48.0152439,44.43878695,3.57645695,89.04,United Kingdom,4,5,1,Spring,Medium,9.4,3.5,23.1,1
2026-02-27,London Gatwick,89.94,91.19,5.359756098,6.053900709,-0.694144612,96.25,United Kingdom,2,4,0,Winter,Medium,10.2,4.8,27.1,0
2024-08-13,London Stansted,55.48,61.18,25.5282392,27.17713816,-1.648898955,94.82,United Kingdom,8,1,0,Summer,Medium,20.3,0.0,17.3,1
2024-11-04,Manchester,68.2,81.78,17.37164751,13.39844961,3.973197897,95.64,United Kingdom,11,0,0,Autumn,Medium,10.0,0.0,12.0,1
2023-04-15,London Gatwick,51.22,65.76,26.99390244,22.97247475,4.021427692,93.33,United Kingdom,4,5,1,Spring,Medium,8.8,4.7,22.6,1
2023-07-04,London Gatwick,43.5,43.54,30.04255319,31.27515949,-1.232606298,93.45,United Kingdom,7,1,0,Summer,Medium,14.7,8.5,22.4,1
2023-03-19,London Heathrow,73.55,88.8,13.86280992,7.118939394,6.743870523,97.0,United Kingdom,3,6,1,Spring,Large,8.3,1.3,19.1,0
2023-09-14,London Heathrow,69.81,76.36,16.43049327,14.02720884,2.403284438,97.98,United Kingdom,9,3,0,Autumn,Large,16.8,0.0,13.4,1
2023-09-23,London Stansted,66.79,67.72,21.34296029,21.08888889,0.2540714,96.92,United Kingdom,9,5,1,Autumn,Medium,12.5,0.0,19.5,1
2022-07-28,Manchester,43.3,58.53,31.87739464,26.95697674,4.920417892,95.32,United Kingdom,7,3,0,Summer,Medium,16.3,2.6,17.2,1
2023-10-14,London Gatwick,74.52,70.81,13.57534247,16.11621622,-2.54087375,93.62,United Kingdom,10,5,1,Autumn,Medium,9.5,0.2,19.7,0
2025-05-10,London Stansted,80.69,75.78,11.54827586,12.87295271,-1.324676848,92.81,United Kingdom,5,5,1,Spring,Medium,13.4,0.0,20.5,0
2023-12-10,London Stansted,58.0,61.85,18.476,20.78427041,-2.308270415,95.85,United Kingdom,12,6,1,Winter,Medium,8.1,2.8,41.1,1
2022-06-13,London Heathrow,57.44,72.93,22.43079585,15.83577586,6.595019986,97.02,United Kingdom,6,0,0,Summer,Large,14.9,0.0,11.2,1
2024-08-25,London Gatwick,36.43,37.39,33.06108597,34.63849388,-1.577407911,92.31,United Kingdom,8,6,1,Summer,Medium,14.3,0.0,31.8,1
2024-06-09,London Stansted,61.94,63.86,22.97923875,25.44146199,-2.462223234,94.87,United Kingdom,6,6,1,Summer,Medium,11.4,0.0,22.3,1
2023-05-15,London Gatwick,56.44,58.87,23.39690722,24.29293059,-0.896023375,96.09,United Kingdom,5,0,0,Spring,Medium,11.7,0.7,23.4,1
2024-12-19,London Heathrow,63.28,71.6,18.1138088,14.14862595,3.965182847,98.81,United Kingdom,12,3,0,Winter,Large,6.7,1.8,29.0,1
2023-01-05,London Heathrow,74.27,72.34,12.79113779,14.82416953,-2.033031737,96.53,United Kingdom,1,3,0,Winter,Large,10.6,0.0,26.9,0
2025-04-27,London Gatwick,76.24,81.04,10.62924282,10.38575758,0.243485244,93.45,United Kingdom,4,6,1,Spring,Medium,12.4,0.0,8.4,0
2026-04-19,Manchester,71.38,75.77,11.61279461,11.70324232,-0.090447708,97.1,United Kingdom,4,6,1,Spring,Medium,7.1,0.1,13.3,0
2026-05-22,London Gatwick,64.25,74.41,17.4178744,14.5707346,2.847139799,98.35,United Kingdom,5,4,0,Spring,Medium,19.3,0.0,17.7,1
2023-01-13,London Stansted,83.61,77.96,8.594262295,12.47503401,-3.880771719,95.35,United Kingdom,1,4,0,Winter,Medium,6.6,0.0,39.7,0
2022-12-18,Manchester,33.16,44.33,56.66321244,41.64845361,15.01475883,90.56,United Kingdom,12,6,1,Winter,Medium,2.3,1.7,35.0,1
2023-08-30,London Stansted,46.31,56.31,29.79530201,26.98117179,2.814130227,95.98,United Kingdom,8,2,0,Summer,Medium,14.8,4.2,24.3,1
2022-01-02,London Heathrow,74.01,72.18,15.77958237,17.26794564,-1.488363277,95.43,United Kingdom,1,6,1,Winter,Large,11.0,2.6,26.4,1
2025-04-22,London Gatwick,83.67,83.53,7.924198251,8.187861272,-0.263663021,94.51,United Kingdom,4,1,0,Spring,Medium,9.7,0.0,17.1,0
2025-06-25,London Heathrow,84.73,83.46,9.458083832,9.318145363,0.139938469,98.24,United Kingdom,6,2,0,Summer,Large,21.1,0.0,13.3,0
2024-12-20,Manchester,62.08,66.54,19.55762082,16.32992565,3.227695167,96.79,United Kingdom,12,4,0,Winter,Medium,5.8,2.0,22.7,1
2024-05-22,London Gatwick,68.46,73.64,14.48717949,11.52579673,2.96138276,91.36,United Kingdom,5,2,0,Spring,Medium,13.1,6.0,26.0,0
2022-08-22,London Stansted,68.29,72.89,16.66440186,14.4790493,2.185352563,96.37,United Kingdom,8,0,0,Summer,Medium,18.3,0.0,21.5,1
2023-04-11,Manchester,67.58,61.84,16.91780822,18.05555556,-1.137747336,96.96,United Kingdom,4,1,0,Spring,Medium,7.4,3.2,42.5,1
2022-05-14,London Stansted,70.33,69.88,13.45121951,16.48788487,-3.036665361,98.43,United Kingdom,5,5,1,Spring,Medium,13.7,0.0,14.8,0
2026-04-27,London Stansted,80.14,82.64,10.57446809,9.639699074,0.934769011,96.96,United Kingdom,4,0,0,Spring,Medium,11.9,1.4,19.5,0
2026-02-01,London Gatwick,83.33,86.0,9.006535948,8.742722222,0.263813725,98.08,United Kingdom,2,6,1,Winter,Medium,6.7,8.3,17.2,0
2026-05-13,Manchester,68.77,69.85,17.61710037,18.70098039,-1.08388002,97.49,United Kingdom,5,2,0,Spring,Medium,7.5,18.5,26.0,1
2026-01-07,Manchester,60.12,59.41,23.31791908,25.85598039,-2.538061317,93.19,United Kingdom,1,2,0,Winter,Medium,3.0,1.6,25.1,1
2025-08-08,Manchester,62.99,67.36,19.60298507,18.58120673,1.021778349,96.58,United Kingdom,8,4,0,Summer,Medium,16.5,0.3,20.7,1
2022-01-04,London Gatwick,89.16,80.49,5.93373494,10.0495935,-4.115858556,96.53,United Kingdom,1,1,0,Winter,Medium,5.0,4.0,26.2,0
2023-09-22,London Stansted,64.71,68.21,24.87908497,19.58967991,5.289405056,94.24,United Kingdom,9,4,0,Autumn,Medium,12.4,2.1,18.8,1
2023-08-15,London Stansted,62.83,76.0,17.97368421,14.33838889,3.635295322,96.54,United Kingdom,8,1,0,Summer,Medium,17.6,0.0,15.9,1
2023-04-10,London Gatwick,53.19,63.87,23.34626039,18.19052288,5.155737512,91.94,United Kingdom,4,0,0,Spring,Medium,10.1,9.8,33.2,1
2024-08-23,London Stansted,58.44,65.94,21.659375,17.68462332,3.974751677,95.56,United Kingdom,8,4,0,Summer,Medium,18.3,3.1,38.5,1
2022-11-25,London Heathrow,80.88,85.64,10.44778761,6.423151515,4.024636095,98.1,United Kingdom,11,4,0,Autumn,Large,8.6,0.0,20.4,0
2025-09-16,London Heathrow,76.17,73.62,13.9751462,13.49900389,0.476142312,98.84,United Kingdom,9,1,0,Autumn,Large,14.6,0.0,23.1,0
2025-01-18,London Stansted,85.29,89.26,10.01260504,9.083471074,0.929133968,97.97,United Kingdom,1,5,1,Winter,Medium,2.3,0.0,12.6,0
2023-09-12,London Stansted,59.47,63.25,21.59468439,20.08857616,1.506108226,96.82,United Kingdom,9,1,0,Autumn,Medium,18.3,16.5,22.3,1
2022-09-25,London Heathrow,70.14,77.33,15.0360424,13.01051552,2.025526879,96.43,United Kingdom,9,6,1,Autumn,Large,12.4,0.0,15.1,1
2023-08-20,London Stansted,48.3,59.38,38.42176871,26.23686343,12.18490528,93.81,United Kingdom,8,6,1,Summer,Medium,18.3,0.3,17.7,1
2025-07-31,London Gatwick,27.66,37.95,53.95271868,45.05433572,8.898382956,89.12,United Kingdom,7,3,0,Summer,Medium,17.7,18.6,16.6,1
2025-03-11,London Heathrow,92.65,90.42,4.515974441,4.674973376,-0.158998935,98.43,United Kingdom,3,1,0,Spring,Large,6.3,0.4,19.9,0
2025-06-15,Manchester,61.84,56.21,20.76644737,23.50005447,-2.733607098,97.77,United Kingdom,6,6,1,Summer,Medium,15.0,3.0,16.7,1
2024-11-08,Manchester,81.57,85.43,8.517647059,5.704724409,2.812922649,97.36,United Kingdom,11,4,0,Autumn,Medium,8.9,0.0,14.6,0
2022-09-14,London Stansted,65.58,61.96,19.23913043,19.66624396,-0.427113527,96.88,United Kingdom,9,2,0,Autumn,Medium,16.4,0.4,16.7,1
2024-05-27,London Stansted,69.76,74.75,13.9347079,13.10028058,0.83442732,96.39,United Kingdom,5,0,0,Spring,Medium,12.3,0.5,22.2,0
2023-02-11,London Heathrow,75.44,83.42,13.27580071,9.033723724,4.242076988,97.1,United Kingdom,2,5,1,Winter,Large,7.9,0.0,11.6,0
2022-06-17,London Stansted,59.71,59.42,23.62230216,24.31231884,-0.690016682,96.25,United Kingdom,6,4,0,Summer,Medium,23.0,0.0,26.3,1
2026-05-05,London Gatwick,88.27,89.83,5.508379888,4.912570621,0.595809267,97.28,United Kingdom,5,1,0,Spring,Medium,12.8,0.3,14.1,0
2025-11-20,London Gatwick,86.21,82.51,8.701149425,9.682572877,-0.981423452,97.04,United Kingdom,11,3,0,Autumn,Medium,0.5,0.0,21.1,0
2023-07-16,Manchester,41.3,50.34,29.97952218,29.3930839,0.586438284,95.51,United Kingdom,7,6,1,Summer,Medium,15.3,4.3,28.0,1
2023-10-28,London Gatwick,61.54,60.53,18.03713528,20.64831111,-2.611175833,92.91,United Kingdom,10,5,1,Autumn,Medium,11.4,7.1,26.7,1
2022-01-01,London Gatwick,91.28,89.08,5.726744186,6.450478927,-0.723734741,98.3,United Kingdom,1,5,1,Winter,Medium,12.1,0.0,23.1,0
2022-06-15,London Stansted,63.53,62.88,20.20300752,23.87146465,-3.668457128,94.46,United Kingdom,6,2,0,Summer,Medium,17.3,0.0,19.5,1
2023-09-17,London Gatwick,29.93,28.75,54.48877805,53.33002545,1.15875261,85.47,United Kingdom,9,6,1,Autumn,Medium,18.0,1.0,23.4,1
2022-09-06,London Stansted,42.8,45.32,34.57195572,34.58752998,-0.015574256,94.54,United Kingdom,9,1,0,Autumn,Medium,18.2,9.9,29.9,1
2025-09-09,London Gatwick,57.5,68.4,24.515,20.86831276,3.646687243,91.99,United Kingdom,9,1,0,Autumn,Medium,14.5,0.2,15.0,1
2025-01-25,London Heathrow,89.83,90.39,7.875,7.435385048,0.439614952,97.89,United Kingdom,1,5,1,Winter,Large,5.0,1.5,14.3,0
2022-07-17,London Gatwick,36.51,46.74,45.63492063,39.59490862,6.040012019,92.68,United Kingdom,7,6,1,Summer,Medium,21.1,0.1,16.3,1
2024-05-23,London Gatwick,60.88,70.67,17.87286064,16.48245192,1.390408713,88.79,United Kingdom,5,3,0,Spring,Medium,13.8,0.0,19.9,1
2024-03-08,London Gatwick,70.87,69.58,13.64985994,13.98178404,-0.331924094,91.6,United Kingdom,3,4,0,Spring,Medium,6.1,0.0,24.0,0
2023-06-20,Manchester,38.02,41.42,37.93155894,35.19912935,2.732429582,96.79,United Kingdom,6,1,0,Summer,Medium,16.6,10.9,13.5,1
2023-09-11,London Gatwick,44.08,49.66,32.53828306,30.99008391,1.548199157,92.93,United Kingdom,9,0,0,Autumn,Medium,19.2,0.0,16.1,1
2022-08-26,London Stansted,48.25,50.52,24.31818182,25.98304297,-1.664861155,96.03,United Kingdom,8,4,0,Summer,Medium,17.4,0.0,12.9,1
2023-11-26,London Stansted,74.9,72.73,15.64609053,18.54894598,-2.902855447,97.62,United Kingdom,11,6,1,Autumn,Medium,2.6,1.7,13.8,1
2025-02-23,Manchester,52.24,52.29,27.04850746,25.92659033,1.121917132,96.13,United Kingdom,2,6,1,Winter,Medium,8.5,10.8,41.0,1
2024-01-15,London Heathrow,71.15,61.92,14.4852459,20.15386313,-5.668617233,96.55,United Kingdom,1,0,0,Winter,Large,-0.4,0.0,17.5,0
2025-01-23,London Heathrow,86.46,87.58,6.969745223,6.725981953,0.24376327,96.77,United Kingdom,1,3,0,Winter,Large,4.3,6.5,23.8,0
2025-03-01,London Gatwick,54.68,52.11,24.22960725,24.04226908,0.187338174,91.58,United Kingdom,3,5,1,Spring,Medium,2.8,0.0,11.2,1
2025-01-29,London Gatwick,91.56,93.3,4.622222222,2.828422619,1.793799603,93.78,United Kingdom,1,2,0,Winter,Medium,5.7,4.3,22.3,0
2022-07-31,London Stansted,59.11,57.62,23.56877323,25.42924411,-1.86047088,92.72,United Kingdom,7,6,1,Summer,Medium,20.4,1.9,28.1,1
2025-09-24,Manchester,58.86,62.21,18.60535117,19.4458194,-0.840468227,95.06,United Kingdom,9,2,0,Autumn,Medium,11.1,0.0,12.5,1
2024-08-15,Manchester,42.36,59.37,34.29299363,30.24994709,4.043046541,96.76,United Kingdom,8,3,0,Summer,Medium,15.5,5.6,27.7,1
2023-12-08,London Heathrow,64.29,59.75,15.9363354,17.64541405,-1.709078642,95.17,United Kingdom,12,4,0,Winter,Large,7.7,0.0,18.5,1
2023-03-25,London Stansted,71.3,69.74,17.65782609,17.27821637,0.379609713,97.12,United Kingdom,3,5,1,Spring,Medium,9.1,1.6,40.1,1
2025-06-22,Manchester,62.5,59.41,18.15131579,20.2680418,-2.116726015,98.39,United Kingdom,6,6,1,Summer,Medium,17.2,6.2,26.5,1
2024-04-08,Manchester,78.17,79.58,10.6443662,8.668627451,1.975738746,94.43,United Kingdom,4,0,0,Spring,Medium,11.4,7.0,23.4,0
2025-11-03,London Stansted,80.66,85.14,10.84590164,9.013175676,1.832725964,97.48,United Kingdom,11,0,0,Autumn,Medium,11.7,0.1,33.2,0
2025-02-01,London Stansted,79.31,80.45,11.11494253,10.15720551,0.957737015,96.69,United Kingdom,2,5,1,Winter,Medium,3.7,0.0,16.4,0
2022-08-06,Manchester,49.6,53.97,30.44,33.30515873,-2.86515873,96.58,United Kingdom,8,5,1,Summer,Medium,14.0,0.3,16.3,1
2025-10-19,London Gatwick,69.38,70.22,16.98271605,17.55074442,-0.568028367,91.89,United Kingdom,10,6,1,Autumn,Medium,13.2,11.5,25.2,1
2022-09-06,London Heathrow,41.09,45.27,36.84363636,26.36854545,10.47509091,94.89,United Kingdom,9,1,0,Autumn,Large,17.7,6.4,25.2,1
2024-07-02,London Gatwick,54.66,57.46,23.32843137,23.87131214,-0.542880771,91.01,United Kingdom,7,1,0,Summer,Medium,15.0,0.0,20.5,1
2024-08-18,London Stansted,49.13,51.57,29.54355401,30.9018583,-1.358304297,94.32,United Kingdom,8,6,1,Summer,Medium,17.8,0.0,19.3,1
2022-10-24,Manchester,56.97,66.53,22.90039841,19.14335989,3.757038513,96.6,United Kingdom,10,0,0,Autumn,Medium,12.1,8.9,22.9,1
2025-04-01,London Gatwick,73.72,75.45,14.23564955,13.93858586,0.297063688,93.0,United Kingdom,4,1,0,Spring,Medium,7.8,0.0,24.0,0
2023-05-12,London Gatwick,51.39,53.52,21.95949367,23.59623116,-1.636737485,96.59,United Kingdom,5,4,0,Spring,Medium,10.7,2.1,32.8,1
2023-12-14,Manchester,69.46,77.29,14.36453202,12.53518519,1.829346835,96.71,United Kingdom,12,3,0,Winter,Medium,5.0,3.2,19.1,0
2026-05-21,London Gatwick,72.66,81.71,13.1558753,10.70304878,2.452826519,98.59,United Kingdom,5,3,0,Spring,Medium,15.0,0.0,16.7,0
2025-06-20,London Gatwick,67.57,67.55,15.43243243,16.14983858,-0.717406147,91.72,United Kingdom,6,4,0,Summer,Medium,21.7,0.0,14.3,1
2022-03-30,Manchester,67.33,75.51,17.54455446,12.32423469,5.220319762,97.14,United Kingdom,3,2,0,Spring,Medium,4.6,1.3,17.5,1
2022-12-18,London Heathrow,35.83,57.01,39.13538324,28.17706835,10.9583149,93.86,United Kingdom,12,6,1,Winter,Large,2.1,9.7,27.8,1
2024-12-22,London Stansted,59.86,57.14,21.10034602,20.98426249,0.116083535,97.03,United Kingdom,12,6,1,Winter,Medium,4.8,0.0,34.4,1
2022-09-16,London Stansted,45.25,38.17,42.31558935,49.73396947,-7.418380112,89.23,United Kingdom,9,4,0,Autumn,Medium,11.8,0.0,27.1,1
2024-03-05,London Gatwick,92.21,91.43,4.893442623,5.22707483,-0.333632207,88.53,United Kingdom,3,1,0,Spring,Medium,6.5,7.3,19.5,0
2023-01-17,Manchester,40.15,62.96,30.9270073,17.99469136,12.93231594,94.63,United Kingdom,1,1,0,Winter,Medium,-1.7,0.2,13.9,1
2023-04-15,Manchester,63.18,62.44,17.94545455,17.42368024,0.521774304,97.82,United Kingdom,4,5,1,Spring,Medium,7.0,0.3,8.9,1
2022-11-21,Manchester,63.96,69.95,20.88324873,15.89905009,4.984198645,98.52,United Kingdom,11,0,0,Autumn,Medium,5.4,19.4,26.8,1
2025-08-03,Manchester,59.94,60.25,18.08832808,19.59237645,-1.50404837,97.27,United Kingdom,8,6,1,Summer,Medium,16.1,2.1,21.2,1
2026-05-04,London Heathrow,86.81,84.75,7.970014993,7.510737419,0.459277573,96.54,United Kingdom,5,0,0,Spring,Large,13.5,1.6,11.1,0
2023-09-04,Manchester,51.47,62.01,23.37459283,20.7094697,2.665123137,97.2,United Kingdom,9,0,0,Autumn,Medium,19.4,0.0,12.8,1
2024-12-27,London Gatwick,38.53,13.72,63.98823529,104.2640244,-40.2757891,83.53,United Kingdom,12,4,0,Winter,Medium,6.4,0.0,6.7,1
2023-10-27,London Heathrow,64.61,54.39,17.72797527,22.32986646,-4.601891191,96.01,United Kingdom,10,4,0,Autumn,Large,9.9,1.0,14.4,1
2024-08-07,London Stansted,51.82,48.84,26.07260726,29.09634551,-3.023738254,93.96,United Kingdom,8,2,0,Summer,Medium,16.7,0.1,24.6,1
2024-01-21,London Heathrow,72.16,61.73,14.25641026,20.24879663,-5.992386374,87.86,United Kingdom,1,6,1,Winter,Large,8.9,2.7,46.1,0
2022-05-03,London Gatwick,69.21,77.68,13.32926829,12.88109072,0.448177569,97.06,United Kingdom,5,1,0,Spring,Medium,12.0,0.2,8.9,0
2023-04-18,London Stansted,69.12,72.32,17.875,19.5096556,-1.634655597,97.86,United Kingdom,4,1,0,Spring,Medium,8.6,0.1,33.0,1
2022-05-26,London Heathrow,61.23,78.15,20.55087719,11.7509177,8.79995949,97.62,United Kingdom,5,3,0,Spring,Large,15.5,0.0,26.9,1
2024-10-10,London Heathrow,77.0,70.43,12.41543027,13.80440812,-1.388977856,97.83,United Kingdom,10,3,0,Autumn,Large,9.6,3.3,20.1,0
2025-02-24,London Gatwick,83.23,83.54,9.695121951,11.59375,-1.898628049,93.82,United Kingdom,2,0,0,Winter,Medium,9.5,21.2,33.3,0
2024-03-30,London Heathrow,81.83,86.64,10.68576105,7.824874791,2.860886256,96.85,United Kingdom,3,5,1,Spring,Large,8.5,0.2,12.5,0
2024-01-01,Manchester,71.92,71.9,13.39408867,14.00547619,-0.611387521,97.66,United Kingdom,1,0,0,Winter,Medium,6.0,10.2,32.4,0
2025-02-10,London Heathrow,89.95,92.74,6.561051005,5.416872746,1.144178259,99.24,United Kingdom,2,0,0,Winter,Large,3.5,3.6,19.9,0
2024-08-01,London Heathrow,30.83,46.11,51.1627543,39.63530633,11.52744797,92.8,United Kingdom,8,3,0,Summer,Large,21.9,3.0,10.6,1
2023-05-07,Manchester,62.55,70.4,17.88446215,16.18053333,1.703928818,96.59,United Kingdom,5,6,1,Spring,Medium,13.6,0.2,11.1,1
2022-02-07,Manchester,72.6,81.82,12.13013699,8.389277389,3.740859597,94.84,United Kingdom,2,0,0,Winter,Medium,5.7,1.3,27.1,0
2024-02-24,London Stansted,53.97,64.61,20.57740586,18.70418381,1.873222044,96.43,United Kingdom,2,5,1,Winter,Medium,2.4,0.1,10.9,1
2022-01-29,London Heathrow,80.3,79.71,10.8140404,12.06801932,-1.25397892,93.02,United Kingdom,1,5,1,Winter,Large,9.8,0.0,33.7,0
2025-06-09,London Stansted,77.7,75.0,8.402027027,12.19391892,-3.791891892,95.87,United Kingdom,6,0,0,Summer,Medium,14.2,0.4,19.1,0
2025-01-02,London Stansted,61.8,54.1,18.16104869,22.43414179,-4.273093102,95.77,United Kingdom,1,3,0,Winter,Medium,0.8,0.0,17.3,1
2023-11-15,Manchester,80.92,88.82,8.554913295,5.805294118,2.749619177,97.22,United Kingdom,11,2,0,Autumn,Medium,8.5,1.4,31.0,0
2022-05-20,London Heathrow,46.07,61.98,31.7183631,21.05312312,10.66523997,96.1,United Kingdom,5,4,0,Spring,Large,13.5,5.2,26.3,1
2025-05-29,Manchester,59.03,63.93,19.93548387,20.58803279,-0.652548916,96.01,United Kingdom,5,3,0,Spring,Medium,15.5,6.2,35.3,1
2024-01-10,London Stansted,88.78,87.11,7.5,10.43419244,-2.93419244,95.67,United Kingdom,1,2,0,Winter,Medium,1.1,0.0,22.7,0
2024-02-11,London Stansted,80.56,80.16,10.91666667,9.770039683,1.146626984,95.9,United Kingdom,2,6,1,Winter,Medium,6.6,1.7,21.7,0
2022-01-16,London Heathrow,76.49,78.35,13.15391904,12.91980241,0.23411663,94.88,United Kingdom,1,6,1,Winter,Large,3.8,0.1,11.2,0
2026-05-10,London Stansted,78.38,74.59,8.969594595,10.46188119,-1.492286594,96.14,United Kingdom,5,6,1,Spring,Medium,9.6,0.0,24.4,0
2023-05-02,Manchester,61.97,67.52,19.15811966,19.88190883,-0.723789174,95.95,United Kingdom,5,1,0,Spring,Medium,10.9,1.0,19.8,1
2026-01-28,Manchester,81.37,86.14,9.242236025,7.30311245,1.939123575,98.21,United Kingdom,1,2,0,Winter,Medium,4.7,0.5,18.9,0
2023-05-27,Manchester,50.57,60.85,29.12075472,26.01511628,3.105638438,94.08,United Kingdom,5,5,1,Spring,Medium,14.8,0.0,17.8,1
2025-01-13,Manchester,86.67,87.78,7.533333333,5.705354449,1.827978884,98.7,United Kingdom,1,0,0,Winter,Medium,3.0,0.2,24.0,0
2026-05-15,London Stansted,67.51,67.1,19.41955836,21.47432139,-2.05476303,94.43,United Kingdom,5,4,0,Spring,Medium,8.3,0.1,20.3,1
2026-05-24,London Stansted,77.99,79.69,10.29874214,9.6875,0.611242138,96.98,United Kingdom,5,6,1,Spring,Medium,20.6,0.0,14.4,0
2025-02-23,London Heathrow,83.31,78.94,9.061255743,11.13502525,-2.07376951,99.24,United Kingdom,2,6,1,Winter,Large,8.8,1.7,30.3,0
2024-08-31,London Stansted,64.75,55.41,19.97966102,23.38175676,-3.40209574,95.33,United Kingdom,8,5,1,Summer,Medium,16.5,1.4,25.3,1
2023-07-22,London Stansted,57.69,57.04,22.76573427,24.35627934,-1.590545077,96.71,United Kingdom,7,5,1,Summer,Medium,14.7,7.2,30.3,1
2022-12-13,London Gatwick,50.2,56.69,31.19762846,29.51062992,1.686998537,94.51,United Kingdom,12,1,0,Winter,Medium,-1.0,0.0,14.6,1
2024-08-31,London Heathrow,57.71,55.04,23.46717557,25.11258398,-1.645408407,97.19,United Kingdom,8,5,1,Summer,Large,16.9,0.2,25.2,1
2023-03-16,London Stansted,75.37,80.83,9.724137931,10.35932642,-0.635188494,94.52,United Kingdom,3,3,0,Spring,Medium,9.6,1.8,30.7,0
2023-06-29,Manchester,46.9,62.32,26.27241379,19.57441315,6.698000648,97.67,United Kingdom,6,3,0,Summer,Medium,14.8,0.9,20.8,1
2026-05-15,London Gatwick,71.65,77.11,15.21265823,12.2444859,2.968172324,98.76,United Kingdom,5,4,0,Spring,Medium,8.4,0.7,15.4,1
2025-04-14,Manchester,66.12,78.38,13.75986842,10.56126126,3.19860716,96.54,United Kingdom,4,0,0,Spring,Medium,9.1,0.5,29.6,0
2023-06-29,London Stansted,50.84,52.92,25.16835017,27.73585338,-2.567503211,95.86,United Kingdom,6,3,0,Summer,Medium,17.6,6.1,19.8,1
2023-04-29,London Gatwick,72.7,70.25,16.34603175,17.59066456,-1.244632811,94.63,United Kingdom,4,5,1,Spring,Medium,10.9,0.2,9.9,1
2025-09-01,Manchester,47.92,44.54,30.00595238,30.32905605,-0.323103666,94.81,United Kingdom,9,0,0,Autumn,Medium,15.1,12.0,26.9,1
2022-03-19,London Stansted,84.65,80.4,6.910891089,7.879480737,-0.968589648,95.79,United Kingdom,3,5,1,Spring,Medium,8.5,0.0,29.2,0
2024-05-05,London Gatwick,73.82,77.66,11.38154613,10.85118443,0.530361701,91.4,United Kingdom,5,6,1,Spring,Medium,10.4,0.6,18.0,0
2024-09-17,London Gatwick,65.78,59.22,15.2939759,20.12188511,-4.82790921,93.47,United Kingdom,9,1,0,Autumn,Medium,14.1,0.0,25.6,1
2022-02-12,London Gatwick,76.32,84.07,13.06315789,9.599450549,3.463707345,96.08,United Kingdom,2,5,1,Winter,Medium,5.0,0.0,29.4,0
2022-06-07,Manchester,37.85,49.8,33.78087649,30.89042838,2.890448114,92.86,United Kingdom,6,1,0,Summer,Medium,14.5,1.9,15.1,1
2024-08-18,Manchester,48.21,60.07,23.81758958,20.68833883,3.129250743,97.52,United Kingdom,8,6,1,Summer,Medium,14.4,0.6,20.9,1
2025-07-11,London Gatwick,59.24,64.39,17.67061611,14.81450472,2.856111397,90.83,United Kingdom,7,4,0,Summer,Medium,22.6,0.0,12.9,1
2024-02-03,Manchester,66.34,67.96,15.37560976,16.72686084,-1.351251085,97.22,United Kingdom,2,5,1,Winter,Medium,9.5,1.8,26.5,1
2022-06-15,London Gatwick,52.78,54.02,32.96388889,32.71361958,0.250269314,93.28,United Kingdom,6,2,0,Summer,Medium,17.4,0.0,14.3,1
2023-05-10,London Stansted,75.75,76.84,13.14925373,13.54852941,-0.39927568,97.14,United Kingdom,5,2,0,Spring,Medium,12.4,8.5,15.5,0
2024-12-16,London Heathrow,79.79,70.95,11.056231,14.21582569,-3.159594685,98.8,United Kingdom,12,0,0,Winter,Large,10.1,0.3,18.9,0
2022-12-23,London Gatwick,39.17,44.81,32.09792285,29.87413452,2.223788328,97.7,United Kingdom,12,4,0,Winter,Medium,9.4,11.7,27.6,1
2025-07-18,London Heathrow,78.82,82.19,13.06911765,9.62783455,3.441283097,98.41,United Kingdom,7,4,0,Summer,Large,23.4,0.0,13.9,0
2022-02-24,London Gatwick,79.64,76.79,8.706586826,9.230456349,-0.523869523,96.57,United Kingdom,2,3,0,Winter,Medium,6.0,3.3,36.0,0
2024-07-15,Manchester,40.61,51.69,37.95151515,33.23051282,4.721002331,94.62,United Kingdom,7,0,0,Summer,Medium,15.7,5.9,14.2,1
2024-08-22,London Stansted,66.03,69.61,18.26282051,15.64651416,2.616306352,96.94,United Kingdom,8,3,0,Summer,Medium,16.9,6.1,42.3,1
2025-09-02,London Gatwick,57.52,67.23,19.7038835,15.8308657,3.873017799,92.38,United Kingdom,9,1,0,Autumn,Medium,14.8,5.4,22.6,1
2023-09-21,London Stansted,51.97,59.53,34.87828947,27.69866221,7.179627266,93.71,United Kingdom,9,3,0,Autumn,Medium,13.6,5.0,17.4,1
2022-01-28,London Stansted,88.0,76.19,8.0,12.92539683,-4.925396825,57.14,United Kingdom,1,4,0,Winter,Medium,5.0,0.0,24.1,0
2024-11-12,London Heathrow,86.65,86.51,8.817170111,7.008465608,1.808704503,98.9,United Kingdom,11,1,0,Autumn,Large,8.7,0.0,22.0,0
2025-10-18,London Heathrow,87.31,84.11,8.308049536,7.421391485,0.886658051,97.73,United Kingdom,10,5,1,Autumn,Large,12.4,0.1,15.8,0
2022-03-23,London Stansted,86.49,81.56,6.578378378,6.733985102,-0.155606724,95.43,United Kingdom,3,2,0,Spring,Medium,11.5,0.0,10.0,0
2023-04-14,Manchester,70.56,72.62,14.99193548,13.56977513,1.422160352,98.83,United Kingdom,4,4,0,Spring,Medium,5.5,12.1,15.9,0
2022-03-21,Manchester,82.45,87.85,9.079787234,5.214548803,3.865238431,94.53,United Kingdom,3,0,0,Spring,Medium,6.3,0.7,17.3,0
2022-06-17,Manchester,46.67,54.51,34.82222222,30.03746867,4.784753551,92.36,United Kingdom,6,4,0,Summer,Medium,20.0,0.4,22.7,1
2023-04-02,London Stansted,58.33,54.09,24.31349206,29.14922179,-4.835729726,92.75,United Kingdom,4,6,1,Spring,Medium,6.9,0.0,23.7,1
2023-01-28,London Heathrow,82.01,86.87,10.57575758,6.594787645,3.980969931,95.68,United Kingdom,1,5,1,Winter,Large,2.9,0.0,7.6,0
2026-05-23,London Stansted,77.24,80.0,13.08974359,10.3516129,2.738130687,96.36,United Kingdom,5,5,1,Spring,Medium,21.7,0.5,13.7,0
2024-02-07,London Stansted,81.96,81.44,8.525773196,10.19063574,-1.664862543,92.96,United Kingdom,2,2,0,Winter,Medium,5.0,6.3,18.1,0
2025-08-21,Manchester,60.68,62.38,19.13312693,17.23134796,1.901778973,96.46,United Kingdom,8,3,0,Summer,Medium,14.0,0.0,11.9,1
2025-08-03,London Gatwick,49.19,58.96,26.6450116,21.64976415,4.99524745,90.23,United Kingdom,8,6,1,Summer,Medium,17.3,0.5,21.8,1
2022-06-09,London Stansted,66.79,65.95,17.93928571,21.41887694,-3.479591227,95.02,United Kingdom,6,3,0,Summer,Medium,14.7,0.5,20.6,1
2024-11-27,London Gatwick,87.76,88.8,6.784810127,6.207538036,0.577272091,93.36,United Kingdom,11,2,0,Autumn,Medium,6.7,18.6,32.7,0
2025-08-29,London Heathrow,49.34,70.76,25.7920937,16.1287037,9.663390001,98.57,United Kingdom,8,4,0,Summer,Large,16.4,23.5,18.4,1
2025-01-03,London Gatwick,57.75,54.57,21.96256684,27.08082437,-5.118257528,93.56,United Kingdom,1,4,0,Winter,Medium,-0.5,0.0,12.6,1
2024-10-22,London Gatwick,73.16,70.3,13.10126582,14.74936548,-1.648099659,94.09,United Kingdom,10,1,0,Autumn,Medium,10.9,0.5,21.0,0
2023-02-23,London Stansted,84.8,86.14,6.941176471,6.017574257,0.923602213,95.37,United Kingdom,2,3,0,Winter,Medium,5.1,2.1,24.9,0
2026-01-20,Manchester,87.1,87.26,7.987096774,9.497983015,-1.510886241,96.39,United Kingdom,1,1,0,Winter,Medium,7.8,0.5,32.3,0
2023-07-18,London Heathrow,49.17,63.5,26.73373676,20.02880879,6.704927969,98.08,United Kingdom,7,1,0,Summer,Large,16.7,0.3,18.9,1
2024-01-06,London Heathrow,79.16,78.06,13.86722689,12.97879819,0.888428705,95.09,United Kingdom,1,5,1,Winter,Large,4.6,0.0,15.5,0
2026-01-09,London Heathrow,77.8,74.25,15.52587646,14.36003344,1.165843016,92.89,United Kingdom,1,4,0,Winter,Large,3.5,3.5,31.8,1
2022-02-20,Manchester,37.43,48.63,42.69124767,31.68233151,11.00891616,89.67,United Kingdom,2,6,1,Winter,Medium,7.8,22.7,44.4,1
2023-10-29,London Heathrow,72.55,83.81,17.47177635,9.186296296,8.285480055,94.94,United Kingdom,10,6,1,Autumn,Large,10.7,5.4,20.1,1
2025-08-16,London Heathrow,74.76,77.37,16.03134796,14.50714662,1.524201338,97.26,United Kingdom,8,5,1,Summer,Large,19.7,0.0,14.9,1
2024-10-11,London Gatwick,70.81,67.97,15.06937799,16.74282804,-1.673450045,92.94,United Kingdom,10,4,0,Autumn,Medium,7.2,0.0,13.1,1
2025-09-24,London Heathrow,82.09,86.21,11.72835821,7.868015992,3.860342217,97.96,United Kingdom,9,2,0,Autumn,Large,12.8,0.0,17.0,0
2025-09-07,London Heathrow,69.85,68.2,18.36119403,15.76646943,2.594724602,98.68,United Kingdom,9,6,1,Autumn,Large,19.0,0.0,19.8,1
2025-11-07,Manchester,78.15,86.45,11.02962963,7.304700855,3.724928775,97.86,United Kingdom,11,4,0,Autumn,Medium,12.6,1.3,19.8,0
2024-05-14,London Heathrow,77.74,77.38,10.82255639,11.34575163,-0.523195243,98.1,United Kingdom,5,1,0,Spring,Large,14.8,7.2,21.3,0
2022-11-05,Manchester,72.94,80.95,13.57058824,9.524206349,4.046381886,92.86,United Kingdom,11,5,1,Autumn,Medium,9.0,1.8,25.7,0
2024-01-20,London Gatwick,84.3,80.74,8.268595041,10.08592896,-1.81733392,86.36,United Kingdom,1,5,1,Winter,Medium,2.1,0.0,26.3,0
2024-08-03,London Heathrow,58.8,65.56,20.0,17.86510582,2.13489418,94.48,United Kingdom,8,5,1,Summer,Large,20.0,0.5,18.9,1
2023-06-23,Manchester,42.96,50.0,31.82817869,31.73460265,0.093576045,97.06,United Kingdom,6,4,0,Summer,Medium,17.6,2.5,20.7,1
2022-03-29,London Heathrow,73.47,85.69,15.24561224,7.394825269,7.850786976,90.99,United Kingdom,3,1,0,Spring,Large,9.6,0.8,15.8,1
2025-07-08,London Heathrow,77.53,81.01,14.0763583,9.985262117,4.09109618,98.28,United Kingdom,7,1,0,Summer,Large,17.2,0.4,17.1,0
2025-05-01,London Stansted,72.54,74.39,15.83050847,14.48105263,1.349455843,92.9,United Kingdom,5,3,0,Spring,Medium,17.2,0.0,9.9,1
2022-08-27,London Stansted,53.76,47.04,27.98496241,29.00234568,-1.017383273,96.79,United Kingdom,8,5,1,Summer,Medium,17.8,0.0,17.6,1
2022-10-23,London Stansted,30.77,34.87,70.02136752,60.08242297,9.938944552,90.0,United Kingdom,10,6,1,Autumn,Medium,14.4,7.4,26.4,1
2023-10-23,London Gatwick,35.24,35.78,37.87841191,36.8004085,1.078003414,92.19,United Kingdom,10,0,0,Autumn,Medium,10.9,1.0,17.3,1
2025-08-14,London Heathrow,82.17,76.63,10.85586924,13.71903353,-2.863164288,97.97,United Kingdom,8,3,0,Summer,Large,21.4,0.2,13.5,0
2022-11-10,London Gatwick,88.33,89.11,5.774319066,5.935538262,-0.161219196,97.38,United Kingdom,11,3,0,Autumn,Medium,12.7,0.4,30.6,0
2023-08-09,Manchester,50.54,64.66,22.41155235,19.37243816,3.039114184,97.6,United Kingdom,8,2,0,Summer,Medium,15.9,0.0,10.7,1
2025-10-05,London Heathrow,73.9,77.66,16.34446131,11.57768616,4.766775148,97.64,United Kingdom,10,6,1,Autumn,Large,12.7,0.0,26.8,1
2024-11-22,Manchester,39.33,44.94,35.0041841,34.75013495,0.254049148,97.61,United Kingdom,11,4,0,Autumn,Medium,0.4,9.0,18.6,1
2025-02-18,Manchester,82.38,84.62,7.661904762,9.721554487,-2.059649725,98.6,United Kingdom,2,1,0,Winter,Medium,2.0,0.0,22.1,0
2025-10-13,London Stansted,79.08,73.94,10.35460993,16.0084507,-5.653840775,95.64,United Kingdom,10,0,0,Autumn,Medium,12.6,0.3,15.4,0
2022-04-04,Manchester,30.84,52.05,41.09345794,28.98188737,12.11157058,92.83,United Kingdom,4,0,0,Spring,Medium,9.0,5.5,27.7,1
2024-03-01,London Heathrow,59.6,43.82,19.18445122,25.4170229,-6.232571681,95.66,United Kingdom,3,4,0,Spring,Large,5.1,8.7,33.8,1
2025-04-27,Manchester,76.64,79.04,12.93430657,12.17199755,0.76230902,97.86,United Kingdom,4,6,1,Spring,Medium,12.8,0.0,14.2,0
2024-04-03,London Gatwick,81.47,84.91,9.220588235,7.94709073,1.273497506,91.71,United Kingdom,4,2,0,Spring,Medium,10.5,6.6,34.8,0
2024-02-24,London Gatwick,67.71,69.44,16.51724138,16.2186214,0.29861998,90.25,United Kingdom,2,5,1,Winter,Medium,2.7,2.3,12.0,1
2023-05-03,London Gatwick,57.98,73.67,20.94397759,14.87908497,6.064892624,95.23,United Kingdom,5,2,0,Spring,Medium,9.3,0.0,22.7,1
2024-09-23,Manchester,46.04,60.62,27.76829268,23.66676923,4.101523452,97.1,United Kingdom,9,0,0,Autumn,Medium,14.0,18.3,18.7,1
2024-04-30,London Gatwick,82.12,83.85,9.751396648,8.48720491,1.264191738,92.11,United Kingdom,4,1,0,Spring,Medium,11.6,0.0,21.5,0
2022-01-16,London Gatwick,91.47,87.6,4.015503876,6.449354005,-2.433850129,92.36,United Kingdom,1,6,1,Winter,Medium,5.3,0.3,12.6,0
2022-12-20,London Gatwick,64.85,74.2,19.43003413,19.73315665,-0.303122525,97.36,United Kingdom,12,1,0,Winter,Medium,9.1,4.8,36.5,1
2025-10-03,London Heathrow,71.52,60.67,17.4530303,20.33192133,-2.878891028,95.94,United Kingdom,10,4,0,Autumn,Large,15.9,12.8,33.5,1
2026-03-11,London Heathrow,90.27,90.6,6.93460925,6.681631551,0.2529777,95.02,United Kingdom,3,2,0,Spring,Large,10.0,1.5,23.8,0
2025-03-17,London Stansted,83.58,82.13,9.197761194,10.44410646,-1.24634527,97.45,United Kingdom,3,0,0,Spring,Medium,5.2,0.3,18.9,0
2022-10-21,London Heathrow,65.64,76.36,18.18363636,12.90236364,5.281272727,95.85,United Kingdom,10,4,0,Autumn,Large,14.3,9.8,27.0,1
2022-09-13,London Stansted,61.59,57.14,21.02536232,23.48382173,-2.458459415,95.27,United Kingdom,9,1,0,Autumn,Medium,16.7,3.4,17.8,1
2022-04-02,Manchester,30.19,51.0,36.03773585,29.69708333,6.340652516,92.37,United Kingdom,4,5,1,Spring,Medium,3.0,0.6,10.2,1
2022-11-15,Manchester,70.06,81.25,16.99401198,7.820625,9.173386976,95.48,United Kingdom,11,1,0,Autumn,Medium,9.5,8.1,32.9,1
2022-06-28,London Gatwick,42.39,52.05,31.68478261,31.86849315,-0.183710542,96.87,United Kingdom,6,1,0,Summer,Medium,14.9,0.2,26.5,1
2022-12-05,London Heathrow,64.73,70.72,16.73287671,14.39857306,2.334303653,98.49,United Kingdom,12,0,0,Winter,Large,6.4,0.0,16.0,1
2022-10-30,London Heathrow,62.03,81.43,22.68449198,10.69889881,11.98559317,97.01,United Kingdom,10,6,1,Autumn,Large,14.3,0.8,20.4,1
2025-07-29,Manchester,61.24,71.06,16.74267101,14.54158628,2.201084729,96.91,United Kingdom,7,1,0,Summer,Medium,15.9,0.9,10.8,1
2024-05-27,London Heathrow,73.32,71.41,14.58271237,14.59947605,-0.016763678,98.97,United Kingdom,5,0,0,Spring,Large,12.8,1.2,19.5,0
2024-09-29,Manchester,55.24,57.98,20.11111111,17.87144408,2.239667029,97.26,United Kingdom,9,6,1,Autumn,Medium,9.9,1.3,39.1,1
2022-04-27,London Heathrow,78.65,86.42,13.43071161,11.07584906,2.354862554,96.93,United Kingdom,4,2,0,Spring,Large,8.8,0.1,16.8,0
2022-01-18,Manchester,88.24,88.41,5.779411765,6.762801932,-0.983390168,71.58,United Kingdom,1,1,0,Winter,Medium,2.3,0.0,17.8,0
2022-10-25,London Heathrow,69.31,78.15,14.16049383,12.40034965,1.760144177,98.11,United Kingdom,10,1,0,Autumn,Large,13.5,0.3,19.0,0
2026-03-25,London Heathrow,76.66,82.28,12.51892744,9.905379747,2.613547698,97.99,United Kingdom,3,2,0,Spring,Large,6.7,4.0,28.7,0
2023-04-22,Manchester,77.25,77.18,10.5971564,10.6578479,-0.060691498,99.07,United Kingdom,4,5,1,Spring,Medium,9.0,2.3,17.2,0
2024-06-26,London Gatwick,52.72,55.17,28.1620462,30.511289,-2.349242794,89.69,United Kingdom,6,2,0,Summer,Medium,20.6,0.0,15.7,1
2025-01-24,London Heathrow,85.3,80.42,9.261538462,11.91224726,-2.650708794,88.79,United Kingdom,1,4,0,Winter,Large,8.8,7.0,37.6,0
2022-11-19,London Heathrow,71.71,85.04,12.45585586,7.438199513,5.017656342,96.71,United Kingdom,11,5,1,Autumn,Large,6.6,0.0,16.2,0
2023-10-31,London Gatwick,80.06,84.33,10.25080386,7.474111111,2.776692747,93.77,United Kingdom,10,1,0,Autumn,Medium,10.2,5.9,20.3,0
2022-05-02,London Gatwick,65.92,64.99,18.24788732,19.29887955,-1.050992228,97.8,United Kingdom,5,0,0,Spring,Medium,11.1,0.3,6.6,1
2022-11-14,London Stansted,37.5,43.53,35.67741935,35.86602011,-0.18860076,95.45,United Kingdom,11,0,0,Autumn,Medium,10.1,0.2,16.3,1
2026-04-26,London Gatwick,86.56,86.65,7.876344086,6.131425976,1.74491811,96.88,United Kingdom,4,6,1,Spring,Medium,12.1,0.0,14.7,0
2023-10-30,London Gatwick,56.3,70.33,21.18487395,17.70608974,3.478784206,92.88,United Kingdom,10,0,0,Autumn,Medium,10.6,0.7,23.1,1
2023-06-15,London Gatwick,42.69,47.57,35.05515588,34.51856796,0.536587914,93.11,United Kingdom,6,3,0,Summer,Medium,19.4,0.0,13.1,1
2025-07-21,Manchester,32.11,32.31,39.94189602,43.06035897,-3.11846295,96.29,United Kingdom,7,0,0,Summer,Medium,16.4,2.9,8.9,1
2025-08-02,London Stansted,57.74,55.45,24.60645161,30.22548077,-5.619029156,96.32,United Kingdom,8,5,1,Summer,Medium,16.3,0.0,17.4,1
2023-12-26,London Heathrow,83.84,82.71,10.17939609,9.078872367,1.100523726,98.09,United Kingdom,12,1,0,Winter,Large,7.3,0.0,22.0,0
2025-06-23,London Gatwick,47.6,51.57,25.94230769,24.22044177,1.721865925,90.71,United Kingdom,6,0,0,Summer,Medium,17.7,0.3,26.4,1
2026-05-25,London Gatwick,61.03,78.33,17.44362745,10.17980296,7.263824495,96.95,United Kingdom,5,0,0,Spring,Medium,24.7,0.0,12.9,1
2024-07-31,London Gatwick,42.21,42.75,32.50179856,41.49086151,-8.989062953,92.12,United Kingdom,7,2,0,Summer,Medium,21.5,0.7,17.6,1
2025-03-02,London Gatwick,83.52,81.39,8.081005587,10.4000463,-2.31904071,92.51,United Kingdom,3,6,1,Spring,Medium,2.8,0.0,8.4,0
2023-08-31,London Gatwick,45.62,57.87,29.74654378,24.95597994,4.790563841,91.44,United Kingdom,8,3,0,Summer,Medium,13.4,4.2,17.2,1
2024-12-06,London Gatwick,76.74,70.47,12.62790698,15.41038012,-2.78247314,95.1,United Kingdom,12,4,0,Winter,Medium,7.7,1.1,32.7,0
2024-02-21,London Stansted,85.85,90.91,5.660377358,5.177272727,0.483104631,96.02,United Kingdom,2,2,0,Winter,Medium,9.1,3.6,37.6,0
2022-01-15,Manchester,84.47,76.64,7.213592233,11.38598131,-4.172389075,72.37,United Kingdom,1,5,1,Winter,Medium,1.3,0.0,13.4,0
2022-08-10,London Heathrow,57.86,83.24,19.63401109,10.02612032,9.607890771,97.5,United Kingdom,8,2,0,Summer,Large,21.7,0.0,13.8,1
2022-10-08,London Gatwick,61.56,74.37,18.66573816,13.07613742,5.589600743,98.37,United Kingdom,10,5,1,Autumn,Medium,10.9,0.0,15.7,1
2025-12-04,London Heathrow,80.78,84.86,10.64114114,8.097801099,2.543340042,99.26,United Kingdom,12,3,0,Winter,Large,6.3,4.2,18.5,0
2023-07-31,London Stansted,60.0,57.24,25.06129032,28.10072952,-3.039439195,96.33,United Kingdom,7,0,0,Summer,Medium,17.2,3.6,29.5,1
2022-04-30,London Stansted,76.23,62.55,11.57377049,19.09410151,-7.520331017,97.63,United Kingdom,4,5,1,Spring,Medium,9.2,0.0,14.5,0
2025-11-16,London Heathrow,75.42,79.43,13.04704097,9.367650025,3.679390946,99.4,United Kingdom,11,6,1,Autumn,Large,9.2,0.3,14.6,0
2024-10-19,Manchester,58.48,70.82,17.01444043,13.89021352,3.12422691,96.95,United Kingdom,10,5,1,Autumn,Medium,12.4,13.8,24.8,1
2023-09-01,London Heathrow,60.63,60.75,20.56862745,20.66803483,-0.099407375,98.09,United Kingdom,9,4,0,Autumn,Large,17.6,1.4,7.7,1
2022-04-08,London Heathrow,57.94,67.81,18.8200361,16.79180229,2.028233811,93.63,United Kingdom,4,4,0,Spring,Large,6.3,0.8,16.6,1
2025-02-07,London Gatwick,81.17,81.79,10.57716049,10.89614198,-0.318981481,93.39,United Kingdom,2,4,0,Winter,Medium,3.1,3.4,27.6,0
2025-10-24,London Heathrow,81.39,75.78,10.38995569,13.05032004,-2.660364353,98.55,United Kingdom,10,4,0,Autumn,Large,8.5,0.0,21.8,0
2023-10-05,London Stansted,68.94,62.98,17.8225256,20.27520185,-2.452676248,97.36,United Kingdom,10,3,0,Autumn,Medium,14.2,0.1,24.7,1
2023-03-12,London Stansted,68.51,60.26,16.31489362,18.98133903,-2.666445414,94.49,United Kingdom,3,6,1,Spring,Medium,8.8,4.4,30.6,1
2025-01-02,Manchester,47.49,51.95,27.54054054,26.28893229,1.251608249,97.78,United Kingdom,1,3,0,Winter,Medium,-1.1,0.0,6.0,1
2025-06-17,Manchester,73.79,73.79,10.87241379,11.75931034,-0.886896552,95.79,United Kingdom,6,1,0,Summer,Medium,16.5,0.2,16.9,0
2023-09-01,London Stansted,49.36,59.68,24.39808917,22.03,2.368089172,95.58,United Kingdom,9,4,0,Autumn,Medium,16.9,3.1,10.5,1
2025-09-05,London Gatwick,51.76,61.56,23.96,19.36403302,4.595966981,92.24,United Kingdom,9,4,0,Autumn,Medium,14.8,0.3,13.5,1
2024-04-02,London Stansted,68.01,75.0,13.40808824,10.84097222,2.567116013,91.94,United Kingdom,4,1,0,Spring,Medium,9.5,6.3,24.6,0
2024-04-04,London Gatwick,73.56,68.07,14.40575916,18.235708,-3.829948841,90.44,United Kingdom,4,3,0,Spring,Medium,11.3,5.5,32.6,0
2024-12-24,London Heathrow,80.59,85.36,11.83686786,9.69661675,2.140251113,99.84,United Kingdom,12,1,0,Winter,Large,9.4,0.1,12.0,0
2026-03-13,London Stansted,81.97,86.01,10.52380952,8.959783845,1.564025679,93.15,United Kingdom,3,4,0,Spring,Medium,6.7,6.5,40.1,0
2026-02-16,Manchester,59.92,61.8,25.45801527,23.06529338,2.392721884,97.44,United Kingdom,2,0,0,Winter,Medium,4.1,16.0,23.3,1
2026-04-28,Manchester,88.45,90.08,5.625498008,4.934656085,0.690841923,98.83,United Kingdom,4,1,0,Spring,Medium,9.9,0.0,20.8,0
2024-01-17,Manchester,65.44,68.12,17.00735294,15.37608696,1.631265985,93.88,United Kingdom,1,2,0,Winter,Medium,-0.5,0.2,18.0,1
2026-01-28,London Gatwick,86.8,87.18,9.385786802,9.072393162,0.31339364,97.54,United Kingdom,1,2,0,Winter,Medium,4.7,0.1,15.8,0
2024-08-21,London Gatwick,61.23,59.06,19.06619385,21.87988235,-2.8136885,94.24,United Kingdom,8,2,0,Summer,Medium,15.4,0.0,24.9,1
2024-08-18,London Heathrow,70.27,72.97,14.88138138,15.1007007,-0.219319319,97.53,United Kingdom,8,6,1,Summer,Large,18.2,0.0,16.8,0
2026-03-20,London Stansted,71.02,73.03,13.74522293,14.57987939,-0.834656456,95.48,United Kingdom,3,4,0,Spring,Medium,6.7,0.0,10.9,0
2024-12-28,Manchester,26.64,22.96,48.99590164,57.39559014,-8.399688503,90.88,United Kingdom,12,5,1,Winter,Medium,5.1,0.0,7.9,1
2025-09-02,London Heathrow,78.51,75.62,12.76754386,13.35665688,-0.589113017,98.85,United Kingdom,9,1,0,Autumn,Large,15.6,1.3,17.4,0
2022-09-23,Manchester,30.15,43.8,41.23161765,31.49580292,9.735814727,95.53,United Kingdom,9,4,0,Autumn,Medium,12.3,0.1,15.2,1
2023-10-26,London Stansted,57.33,63.67,21.76333333,21.93143022,-0.168096886,96.47,United Kingdom,10,3,0,Autumn,Medium,10.2,1.7,16.3,1
2022-02-17,London Stansted,72.83,66.67,15.11560694,19.53972222,-4.424115286,93.62,United Kingdom,2,3,0,Winter,Medium,7.8,0.2,41.2,1
2024-01-24,London Stansted,76.77,67.17,10.05555556,11.64082492,-1.58526936,95.73,United Kingdom,1,2,0,Winter,Medium,8.4,0.2,41.9,0
2022-03-21,London Stansted,94.09,94.03,4.078817734,3.823963516,0.254854218,96.3,United Kingdom,3,0,0,Spring,Medium,6.5,0.0,13.6,0
2025-02-03,Manchester,78.24,85.71,8.669456067,6.509663866,2.159792201,97.96,United Kingdom,2,0,0,Winter,Medium,7.2,0.0,21.3,0
2024-12-10,London Heathrow,76.53,83.33,12.63536776,9.883748702,2.75161906,98.62,United Kingdom,12,1,0,Winter,Large,6.8,0.0,20.6,0
2023-08-15,London Heathrow,68.45,81.26,14.85823171,10.73760881,4.1206229,97.93,United Kingdom,8,1,0,Summer,Large,17.8,0.0,15.5,0
2023-06-19,London Gatwick,40.53,42.65,36.83495146,38.5397992,-1.70484774,91.45,United Kingdom,6,0,0,Summer,Medium,17.6,1.1,22.1,1
2023-02-14,London Stansted,56.16,62.69,26.38423645,16.50794473,9.876291721,97.62,United Kingdom,2,1,0,Winter,Medium,4.7,0.0,11.2,1
2025-04-09,London Gatwick,87.01,89.7,6.951661631,6.121767677,0.829893955,87.83,United Kingdom,4,2,0,Spring,Medium,7.0,0.0,18.9,0
2022-05-18,London Gatwick,72.33,71.35,13.1556196,16.52578797,-3.370168369,98.31,United Kingdom,5,2,0,Spring,Medium,15.6,5.9,15.9,0
2023-09-02,London Heathrow,69.76,74.64,17.38897638,14.63908507,2.749891306,96.96,United Kingdom,9,5,1,Autumn,Large,18.7,0.5,14.7,1
2022-07-16,Manchester,36.55,53.91,34.40160643,25.32510288,9.076503545,95.86,United Kingdom,7,5,1,Summer,Medium,16.8,0.0,9.8,1
2023-08-03,London Gatwick,46.51,54.77,33.39534884,29.78689394,3.608454898,92.13,United Kingdom,8,3,0,Summer,Medium,16.5,0.2,20.1,1
2025-06-19,London Gatwick,68.26,71.46,13.21479714,14.55251799,-1.33772085,91.56,United Kingdom,6,3,0,Summer,Medium,21.7,0.0,12.0,0
2022-01-06,London Heathrow,73.12,84.02,16.70854271,10.82517182,5.883370892,96.65,United Kingdom,1,3,0,Winter,Large,1.8,1.6,25.5,1
2025-10-03,Manchester,55.88,48.84,25.85620915,30.11843854,-4.262229388,93.49,United Kingdom,10,4,0,Autumn,Medium,15.2,19.8,44.0,1
2023-07-19,London Heathrow,59.82,75.23,20.14155251,13.23648036,6.905072149,97.77,United Kingdom,7,2,0,Summer,Large,17.7,0.7,18.1,1
2023-03-09,Manchester,39.36,54.3,33.04255319,28.85636201,4.186191184,91.74,United Kingdom,3,3,0,Spring,Medium,1.4,6.5,46.4,1
2024-12-17,London Gatwick,75.65,81.23,9.902597403,9.232632147,0.669965256,93.66,United Kingdom,12,1,0,Winter,Medium,8.0,1.4,22.4,0
2022-07-18,London Stansted,47.9,51.33,34.1328479,33.15561111,0.977236785,91.22,United Kingdom,7,0,0,Summer,Medium,26.5,0.0,14.7,1
2022-02-17,London Heathrow,76.44,79.25,11.25890411,9.042722372,2.216181738,97.14,United Kingdom,2,3,0,Winter,Large,8.8,0.1,33.6,0
2022-08-06,London Heathrow,60.04,75.09,19.89165103,14.17150943,5.720141598,96.21,United Kingdom,8,5,1,Summer,Large,17.3,0.0,13.5,1
2025-08-09,London Stansted,64.03,64.69,20.62706271,19.41765677,1.209405941,96.26,United Kingdom,8,5,1,Summer,Medium,18.5,0.0,24.2,1
2024-02-21,London Gatwick,86.75,88.54,6.208835341,5.302042161,0.906793181,91.58,United Kingdom,2,2,0,Winter,Medium,9.4,5.6,34.8,0
2022-11-29,London Gatwick,83.17,83.67,9.633663366,10.20926871,-0.575605341,96.67,United Kingdom,11,1,0,Autumn,Medium,6.2,0.2,13.3,0
2025-07-26,London Heathrow,70.0,79.13,17.52769231,12.60955348,4.918138829,98.49,United Kingdom,7,5,1,Summer,Large,19.9,0.3,12.1,1
2022-11-01,London Gatwick,59.92,68.42,20.97165992,15.48070175,5.490958165,94.83,United Kingdom,11,1,0,Autumn,Medium,12.1,6.1,48.3,1
2023-12-08,Manchester,58.97,65.35,18.16666667,16.20343567,1.963230994,97.54,United Kingdom,12,4,0,Winter,Medium,7.0,1.5,24.1,1
2022-12-21,London Stansted,67.2,67.89,18.676,17.45379404,1.222205962,96.59,United Kingdom,12,2,0,Winter,Medium,6.3,0.4,20.5,1
2022-03-26,Manchester,71.19,77.09,17.18644068,10.3707635,6.815677177,98.88,United Kingdom,3,5,1,Spring,Medium,11.0,0.0,13.9,1
2024-03-22,Manchester,75.11,77.49,11.94420601,11.63838384,0.30582217,96.4,United Kingdom,3,4,0,Spring,Medium,8.2,5.0,29.9,0
2023-09-30,London Gatwick,64.69,65.19,18.17783505,18.38406926,-0.206234213,93.11,United Kingdom,9,5,1,Autumn,Medium,14.1,0.0,18.6,1
2023-04-28,London Stansted,66.9,61.87,16.30604982,17.45497602,-1.148926197,96.0,United Kingdom,4,4,0,Spring,Medium,11.8,1.5,25.1,1
2024-10-16,London Heathrow,72.28,72.24,14.78539493,13.61131841,1.174076525,97.27,United Kingdom,10,2,0,Autumn,Large,16.9,4.7,23.6,0
2025-03-16,London Gatwick,84.57,82.04,7.044077135,7.738029466,-0.693952331,92.86,United Kingdom,3,6,1,Spring,Medium,3.4,0.0,20.2,0
2022-04-13,London Heathrow,72.49,87.03,14.01119929,7.520278271,6.490921023,95.32,United Kingdom,4,2,0,Spring,Large,12.5,0.2,19.5,0
2023-12-22,London Stansted,40.14,34.6,35.7266436,38.29561707,-2.568973472,96.72,United Kingdom,12,4,0,Winter,Medium,9.2,0.1,35.7,1
2024-01-27,Manchester,70.33,72.25,13.99521531,14.53732057,-0.542105263,99.07,United Kingdom,1,5,1,Winter,Medium,5.4,0.0,23.0,0
2025-05-06,Manchester,74.37,72.73,11.23104693,12.16248485,-0.931437917,95.24,United Kingdom,5,1,0,Spring,Medium,9.5,0.0,10.9,0
2023-07-24,London Heathrow,51.06,62.65,25.78851964,20.56312751,5.225392127,97.94,United Kingdom,7,0,0,Summer,Large,15.8,4.6,16.9,1
2023-06-13,London Stansted,63.73,60.21,17.13732394,20.29049296,-3.153169014,95.99,United Kingdom,6,1,0,Summer,Medium,19.3,0.0,22.4,1
2023-06-30,London Gatwick,22.72,24.17,45.68852459,48.73404423,-3.045519644,90.79,United Kingdom,6,4,0,Summer,Medium,15.5,1.1,32.4,1
2023-05-02,London Gatwick,66.11,68.66,15.46498599,17.89529915,-2.430313151,95.5,United Kingdom,5,1,0,Spring,Medium,10.5,0.0,17.2,1
2023-01-14,Manchester,63.87,66.15,21.5078534,23.75043403,-2.242580625,96.6,United Kingdom,1,5,1,Winter,Medium,6.4,7.7,33.6,1
2024-07-15,London Gatwick,37.64,35.25,34.08314088,40.80894777,-6.725806895,93.53,United Kingdom,7,0,0,Summer,Medium,15.8,5.8,21.4,1
2026-04-08,Manchester,74.44,80.45,12.48148148,8.991353383,3.490128098,96.15,United Kingdom,4,2,0,Spring,Medium,13.7,0.0,16.3,0
2024-05-22,London Heathrow,57.63,62.33,23.16592593,23.07592319,0.090002735,98.26,United Kingdom,5,2,0,Spring,Large,13.6,11.4,18.4,1
2025-10-02,Manchester,63.36,60.4,19.60958904,20.9401566,-1.330567558,95.27,United Kingdom,10,3,0,Autumn,Medium,13.9,1.8,30.2,1
2026-05-05,London Heathrow,91.72,88.48,5.733128834,7.003968254,-1.27083942,96.04,United Kingdom,5,1,0,Spring,Large,13.5,0.4,14.8,0
2023-05-20,London Heathrow,66.88,77.38,15.06168831,10.41838798,4.643300334,97.32,United Kingdom,5,5,1,Spring,Large,13.2,0.0,19.4,1
2025-07-09,London Stansted,65.68,61.04,22.34323432,24.06975108,-1.726516759,92.84,United Kingdom,7,2,0,Summer,Medium,18.4,0.6,13.3,1
2022-07-05,Manchester,35.32,52.59,39.88492063,31.08027888,8.80464175,93.82,United Kingdom,7,1,0,Summer,Medium,14.6,1.6,22.2,1
2024-03-23,Manchester,64.96,71.61,15.1965812,15.55960452,-0.363023323,98.35,United Kingdom,3,5,1,Spring,Medium,5.0,13.8,36.7,1
2023-01-06,London Gatwick,80.69,84.57,9.735202492,8.336934156,1.398268336,98.18,United Kingdom,1,4,0,Winter,Medium,9.4,3.8,33.9,0
2024-05-18,London Stansted,65.59,72.76,17.01433692,15.36433692,1.65,96.93,United Kingdom,5,5,1,Spring,Medium,13.8,0.5,16.6,1
2022-01-19,London Stansted,85.56,85.42,10.76666667,13.75555556,-2.988888889,51.09,United Kingdom,1,2,0,Winter,Medium,4.8,0.1,24.6,0
2025-04-17,London Heathrow,82.67,84.75,9.72246696,7.690981565,2.031485396,98.84,United Kingdom,4,3,0,Spring,Large,11.0,0.0,13.0,0
2024-03-15,London Gatwick,57.42,60.16,22.54120879,21.83296703,0.708241758,91.75,United Kingdom,3,4,0,Spring,Medium,10.7,1.7,33.0,1
2025-06-30,London Stansted,67.59,62.71,17.14137931,20.31644068,-3.175061368,93.71,United Kingdom,6,0,0,Summer,Medium,22.6,0.0,18.9,1
2024-12-16,London Gatwick,73.58,80.52,12.28977273,10.86934097,1.420431753,93.63,United Kingdom,12,0,0,Winter,Medium,9.7,0.0,21.9,0
2023-07-29,London Gatwick,31.25,41.1,39.7025,37.21766917,2.484830827,89.62,United Kingdom,7,5,1,Summer,Medium,17.5,3.1,27.6,1
2022-08-01,London Stansted,55.24,60.14,23.17132867,22.69456522,0.476763454,94.17,United Kingdom,8,0,0,Summer,Medium,18.7,0.5,15.9,1
2025-03-21,London Heathrow,50.0,89.06,64.0,5.5390625,58.4609375,1.2,United Kingdom,3,4,0,Spring,Large,12.7,1.0,17.3,1
2022-12-22,London Heathrow,45.42,54.5,27.93559322,28.32631579,-0.390722569,97.22,United Kingdom,12,3,0,Winter,Large,8.0,0.5,16.4,1
2024-11-10,Manchester,73.62,79.05,12.52362205,8.586231884,3.937390163,97.33,United Kingdom,11,6,1,Autumn,Medium,9.5,1.2,14.0,0
2022-01-25,London Gatwick,84.75,92.45,12.03389831,6.005660377,6.028237928,88.24,United Kingdom,1,1,0,Winter,Medium,1.8,0.0,7.5,0
2026-01-29,London Heathrow,81.08,72.3,11.75834658,15.3829576,-3.624611013,97.37,United Kingdom,1,3,0,Winter,Large,3.9,0.0,16.6,0
2025-01-03,London Heathrow,61.69,67.93,18.7933635,16.39604135,2.397322148,98.67,United Kingdom,1,4,0,Winter,Large,0.1,0.0,11.4,1
2025-01-12,London Gatwick,71.72,62.67,16.05723906,20.37344444,-4.316205387,90.88,United Kingdom,1,6,1,Winter,Medium,-0.0,0.0,9.0,1
2022-08-21,London Gatwick,46.65,60.3,28.60049628,22.72952854,5.870967742,98.3,United Kingdom,8,6,1,Summer,Medium,17.2,0.0,14.5,1
2026-04-01,London Stansted,76.41,80.43,13.04225352,11.05865955,1.983593972,96.95,United Kingdom,4,2,0,Spring,Medium,10.3,0.0,10.4,0
2024-06-02,London Heathrow,50.15,63.11,26.93292683,19.85754573,7.075381098,97.06,United Kingdom,6,6,1,Summer,Large,15.5,0.0,12.2,1
2024-12-11,Manchester,78.77,88.21,10.25943396,6.555581761,3.703852201,96.4,United Kingdom,12,2,0,Winter,Medium,3.7,0.0,8.7,0
2024-11-15,Manchester,41.77,63.89,31.85943775,21.31415344,10.54528431,96.2,United Kingdom,11,4,0,Autumn,Medium,6.5,0.0,13.3,1
2026-04-23,London Stansted,71.57,72.33,16.63545151,14.99394444,1.641507061,97.1,United Kingdom,4,3,0,Spring,Medium,9.9,0.0,16.8,1
2022-11-06,London Stansted,69.75,73.71,14.72689076,14.30797414,0.418916618,94.94,United Kingdom,11,6,1,Autumn,Medium,11.7,20.4,26.0,0
2025-01-24,London Stansted,70.09,72.17,15.10683761,14.32130435,0.785533259,89.85,United Kingdom,1,4,0,Winter,Medium,7.9,4.1,43.3,1
2024-10-06,London Gatwick,63.86,65.77,15.12289157,14.94751426,0.175377304,91.47,United Kingdom,10,6,1,Autumn,Medium,13.4,2.3,24.5,1
2025-01-06,Manchester,7.46,13.3,123.8026316,107.1798283,16.62280325,85.95,United Kingdom,1,0,0,Winter,Medium,1.7,24.3,21.2,1
2024-05-21,London Stansted,57.54,64.21,19.76491228,17.97894737,1.785964912,97.97,United Kingdom,5,1,0,Spring,Medium,12.6,10.8,15.1,1
2025-08-12,London Heathrow,80.18,85.21,11.3979442,9.251405325,2.146538874,99.27,United Kingdom,8,1,0,Summer,Large,25.3,0.3,12.1,0
2022-08-17,Manchester,31.4,48.45,36.30620155,31.62745478,4.67874677,96.35,United Kingdom,8,2,0,Summer,Medium,16.0,6.6,19.8,1
2023-06-06,London Heathrow,58.49,66.14,19.98584906,17.56923688,2.416612173,95.65,United Kingdom,6,1,0,Summer,Large,13.3,0.0,19.6,1
2024-12-05,London Gatwick,67.58,66.33,16.53242321,17.88294052,-1.350517308,92.5,United Kingdom,12,3,0,Winter,Medium,11.2,13.5,38.8,1
2023-03-02,Manchester,80.43,81.28,8.820652174,8.88368984,-0.063037666,97.95,United Kingdom,3,3,0,Spring,Medium,4.2,0.0,9.8,0
2022-09-06,Manchester,37.85,44.09,39.84063745,32.71141732,7.129220127,95.56,United Kingdom,9,1,0,Autumn,Medium,16.4,6.9,23.0,1
2022-07-01,London Gatwick,33.6,44.09,43.95733333,41.60061242,2.35672091,92.44,United Kingdom,7,4,0,Summer,Medium,14.3,0.3,24.9,1
2022-10-21,London Stansted,53.36,56.25,31.18181818,28.60384115,2.577977036,85.48,United Kingdom,10,4,0,Autumn,Medium,13.8,2.6,31.6,1
2023-07-20,London Stansted,60.8,59.87,21.82059801,23.98543689,-2.164838887,94.74,United Kingdom,7,3,0,Summer,Medium,16.3,0.1,20.4,1
2023-06-28,London Stansted,67.93,70.21,17.23258621,17.10508274,0.127503465,93.38,United Kingdom,6,2,0,Summer,Medium,19.7,1.6,18.0,1
2023-02-06,Manchester,74.75,83.16,13.26262626,8.592346939,4.670279324,97.13,United Kingdom,2,0,0,Winter,Medium,1.6,0.0,13.0,0
2023-07-11,London Stansted,47.35,56.86,28.12251656,26.42056856,1.701947994,97.19,United Kingdom,7,1,0,Summer,Medium,18.7,5.8,28.6,1
2023-07-26,London Heathrow,63.83,73.61,18.57100149,13.45889555,5.112105943,98.25,United Kingdom,7,2,0,Summer,Large,15.4,9.5,20.2,1
2022-08-06,London Gatwick,44.27,53.85,31.26041667,27.95755968,3.302856985,98.46,United Kingdom,8,5,1,Summer,Medium,17.3,0.0,15.0,1
2025-03-09,Manchester,78.71,78.33,10.66539924,9.734283904,0.931115336,96.75,United Kingdom,3,6,1,Spring,Medium,11.6,0.0,14.5,0
2023-08-28,Manchester,39.63,46.97,57.62933948,78.43712121,-20.80778173,68.42,United Kingdom,8,0,0,Summer,Medium,13.5,1.2,19.8,1
2022-08-15,London Heathrow,68.62,82.29,15.83486239,9.799169742,6.035692644,97.33,United Kingdom,8,0,0,Summer,Large,22.8,0.0,14.3,1
2023-02-02,London Heathrow,80.96,86.21,10.19376787,8.206149425,1.987618442,98.15,United Kingdom,2,3,0,Winter,Large,8.0,0.0,24.2,0
2025-07-09,London Gatwick,57.78,73.59,19.69135802,14.03863081,5.652727218,92.71,United Kingdom,7,2,0,Summer,Medium,18.2,0.4,13.0,1
2024-12-15,London Stansted,60.0,64.13,20.22142857,20.72240338,-0.50097481,94.63,United Kingdom,12,6,1,Winter,Medium,8.6,0.0,23.1,1
2023-01-01,London Stansted,76.53,70.33,11.28169014,18.25215311,-6.970462969,97.33,United Kingdom,1,6,1,Winter,Medium,9.6,5.2,33.9,0
2022-09-12,Manchester,32.96,47.78,39.94756554,28.2282716,11.71929394,94.12,United Kingdom,9,0,0,Autumn,Medium,16.8,8.8,22.0,1
2025-08-19,London Stansted,77.21,70.85,10.91836735,15.57480226,-4.656434913,95.21,United Kingdom,8,1,0,Summer,Medium,17.9,0.0,22.2,0
2022-08-10,Manchester,53.73,69.08,25.16862745,16.018257,9.150370454,97.73,United Kingdom,8,2,0,Summer,Medium,20.2,0.0,10.2,1
2026-03-23,London Gatwick,79.03,84.0,11.76595745,9.408974359,2.356983088,97.92,United Kingdom,3,0,0,Spring,Medium,7.9,0.0,12.1,0
2023-10-04,London Stansted,75.64,65.43,12.78909091,15.98370508,-3.194614171,94.58,United Kingdom,10,2,0,Autumn,Medium,13.3,0.0,27.2,0
2022-03-07,Manchester,63.19,79.43,18.4547619,10.99657143,7.458190476,96.34,United Kingdom,3,0,0,Spring,Medium,2.6,0.0,22.3,1
2022-01-13,London Gatwick,93.1,89.77,3.977011494,5.509469697,-1.532458203,89.11,United Kingdom,1,3,0,Winter,Medium,1.6,0.0,8.9,0
2026-04-30,Manchester,81.88,81.95,10.2173913,10.12478941,0.092601894,97.55,United Kingdom,4,3,0,Spring,Medium,13.3,0.0,24.5,0
2023-03-25,London Heathrow,53.12,60.57,26.70409982,22.02479092,4.679308902,93.9,United Kingdom,3,5,1,Spring,Large,10.0,0.7,34.2,1
2023-10-28,London Stansted,50.18,54.38,24.44,25.20723844,-0.767238443,97.23,United Kingdom,10,5,1,Autumn,Medium,10.6,3.4,23.8,1
2025-04-18,London Heathrow,85.65,87.12,8.655929722,6.708028306,1.947901415,99.13,United Kingdom,4,4,0,Spring,Large,12.3,0.2,23.3,0
2025-04-03,Manchester,74.28,79.64,12.87318841,11.57472727,1.298461133,95.24,United Kingdom,4,3,0,Spring,Medium,10.5,0.0,23.1,0
2025-12-25,Manchester,87.06,91.67,9.811764706,3.841071429,5.970693277,95.56,United Kingdom,12,3,0,Winter,Medium,3.8,0.0,27.3,0
2022-04-05,London Gatwick,77.39,74.11,11.2614841,12.98888889,-1.72740479,91.08,United Kingdom,4,1,0,Spring,Medium,10.6,0.2,25.0,0
2024-09-28,London Stansted,58.98,63.57,18.77966102,16.77147766,2.008183354,96.2,United Kingdom,9,5,1,Autumn,Medium,8.6,0.0,19.5,1
2022-01-11,London Gatwick,91.67,89.86,5.583333333,6.820531401,-1.237198068,89.02,United Kingdom,1,1,0,Winter,Medium,8.4,2.2,17.0,0
2023-09-07,London Stansted,63.64,68.3,26.5487013,23.30969499,3.23900631,96.28,United Kingdom,9,3,0,Autumn,Medium,22.5,0.0,12.3,1
2023-01-31,London Stansted,72.87,72.68,10.23404255,12.19253188,-1.958489323,96.55,United Kingdom,1,1,0,Winter,Medium,6.1,0.1,31.3,0
2026-02-23,London Heathrow,93.49,85.88,4.055374593,7.557278139,-3.501903546,93.34,United Kingdom,2,0,0,Winter,Large,10.4,0.6,24.0,0
2025-02-08,London Stansted,76.69,77.69,10.82330827,10.12141026,0.701898014,97.81,United Kingdom,2,5,1,Winter,Medium,4.2,2.1,19.6,0
2023-02-19,London Stansted,73.6,73.68,13.012,14.79075574,-1.778755735,97.3,United Kingdom,2,6,1,Winter,Medium,8.3,0.0,23.9,0
2023-01-12,Manchester,74.23,76.69,13.97546012,14.72372188,-0.748261759,95.48,United Kingdom,1,3,0,Winter,Medium,8.9,10.6,35.9,0
2023-06-28,Manchester,56.51,67.03,18.63197026,14.69964158,3.932328683,98.55,United Kingdom,6,2,0,Summer,Medium,18.3,2.2,20.9,1
2024-03-29,London Stansted,78.93,84.5,9.6,8.395571956,1.204428044,93.53,United Kingdom,3,4,0,Spring,Medium,8.7,1.4,32.8,0
2024-05-24,London Stansted,55.08,63.43,21.59852459,17.48106796,4.117456629,95.2,United Kingdom,5,4,0,Spring,Medium,12.0,0.1,13.9,1
2024-01-14,London Gatwick,81.64,74.83,8.481967213,13.21308725,-4.731120035,91.15,United Kingdom,1,6,1,Winter,Medium,2.9,0.2,17.9,0
2023-12-07,Manchester,63.96,61.81,25.38071066,25.19656616,0.184144496,95.28,United Kingdom,12,3,0,Winter,Medium,5.7,14.1,35.9,1
2025-04-01,London Heathrow,85.54,87.23,8.121987952,8.022796353,0.099191599,97.13,United Kingdom,4,1,0,Spring,Large,9.3,0.0,19.8,0
2023-05-14,London Stansted,48.52,58.06,25.26296296,23.25758662,2.005376344,97.16,United Kingdom,5,6,1,Spring,Medium,11.9,0.0,9.9,1
2022-06-27,Manchester,34.24,45.53,36.35797665,32.87872892,3.47924773,91.1,United Kingdom,6,0,0,Summer,Medium,13.5,6.0,20.9,1
2024-09-27,London Heathrow,56.57,55.01,22.38073394,22.79062661,-0.40989266,93.2,United Kingdom,9,4,0,Autumn,Large,10.7,3.1,26.5,1
2023-09-06,London Heathrow,66.31,75.57,17.89441088,14.64069884,3.253712032,97.08,United Kingdom,9,2,0,Autumn,Large,21.9,0.0,7.9,1
2025-06-27,London Gatwick,55.56,62.14,21.80917874,20.13329288,1.675885864,91.23,United Kingdom,6,4,0,Summer,Medium,18.4,2.4,29.3,1
2024-11-20,London Gatwick,84.03,84.45,8.768907563,8.842647059,-0.073739496,93.73,United Kingdom,11,2,0,Autumn,Medium,1.0,0.0,20.6,0
2023-05-17,Manchester,64.82,67.42,18.53142292,16.51685606,2.014566864,95.59,United Kingdom,5,2,0,Spring,Medium,11.6,1.1,12.5,1
2022-09-08,London Gatwick,16.09,8.61,98.66876972,137.0763797,-38.40760997,77.78,United Kingdom,9,3,0,Autumn,Medium,14.9,9.6,22.6,1
2026-05-16,London Gatwick,83.06,82.97,8.885245902,10.60824176,-1.722995857,99.73,United Kingdom,5,5,1,Spring,Medium,9.7,1.6,19.3,0
2024-12-04,London Gatwick,88.36,87.15,6.023972603,6.54837963,-0.524407027,95.74,United Kingdom,12,2,0,Winter,Medium,5.7,0.4,22.8,0
2025-01-29,London Stansted,92.86,91.43,3.814285714,3.53702381,0.277261905,94.0,United Kingdom,1,2,0,Winter,Medium,5.2,0.0,25.0,0
2024-05-14,Manchester,79.64,83.96,10.60727273,9.572325871,1.034946857,97.89,United Kingdom,5,1,0,Spring,Medium,15.0,8.0,22.6,0
2025-04-19,London Heathrow,88.92,88.8,6.976923077,6.415163297,0.56175978,99.24,United Kingdom,4,5,1,Spring,Large,13.1,0.6,21.6,0
2025-03-29,Manchester,67.58,72.55,13.21875,12.45006536,0.768684641,98.85,United Kingdom,3,5,1,Spring,Medium,7.5,1.1,29.2,0
2022-06-27,London Stansted,53.76,50.37,27.63799283,34.3091358,-6.671142971,95.59,United Kingdom,6,0,0,Summer,Medium,14.9,1.1,29.3,1
2025-09-14,London Gatwick,42.63,45.56,29.54147465,28.13847352,1.403001134,92.36,United Kingdom,9,6,1,Autumn,Medium,12.9,4.7,36.2,1
2022-07-23,London Stansted,48.34,47.94,29.67158672,32.60137328,-2.929786568,92.86,United Kingdom,7,5,1,Summer,Medium,19.4,0.6,25.3,1
2022-06-18,Manchester,34.45,42.31,42.11344538,39.34458689,2.768858484,92.8,United Kingdom,6,5,1,Summer,Medium,13.7,0.7,17.1,1
2026-04-21,London Heathrow,89.55,88.16,6.193447738,6.162902388,0.03054535,94.71,United Kingdom,4,1,0,Spring,Large,9.8,0.0,22.9,0
2022-02-05,London Gatwick,86.44,79.03,5.949152542,11.31989247,-5.370739931,98.41,United Kingdom,2,5,1,Winter,Medium,5.6,0.1,33.0,0
2025-08-12,London Gatwick,63.55,75.48,17.6235012,13.53725962,4.086241584,92.09,United Kingdom,8,1,0,Summer,Medium,22.6,0.0,16.2,1
2025-11-06,Manchester,76.76,86.38,11.80082988,7.036453901,4.764375975,97.21,United Kingdom,11,3,0,Autumn,Medium,13.7,0.0,15.0,0
2025-09-28,London Heathrow,72.17,77.81,16.47916667,9.80668146,6.672485207,98.54,United Kingdom,9,6,1,Autumn,Large,12.6,1.0,10.6,1
2022-11-16,Manchester,70.7,86.09,13.96178344,8.615011038,5.346772402,95.27,United Kingdom,11,2,0,Autumn,Medium,7.1,0.4,17.8,0
2024-11-04,London Heathrow,78.55,83.56,14.54783951,10.23307732,4.314762189,96.47,United Kingdom,11,0,0,Autumn,Large,11.0,0.0,9.5,0
2022-10-06,London Gatwick,67.1,71.61,17.07712082,14.67352431,2.403596517,98.73,United Kingdom,10,3,0,Autumn,Medium,12.1,0.0,22.9,1
2024-10-26,London Heathrow,68.22,68.33,15.28217054,15.999948,-0.717777455,96.87,United Kingdom,10,5,1,Autumn,Large,11.5,0.2,9.0,1
2025-08-16,Manchester,46.69,61.22,22.9022082,22.51212607,0.390082134,96.98,United Kingdom,8,5,1,Summer,Medium,18.0,0.0,11.3,1
2024-06-25,London Heathrow,59.76,77.63,26.61861862,14.76023524,11.85838338,97.09,United Kingdom,6,1,0,Summer,Large,21.4,0.0,16.8,1
2024-11-05,London Gatwick,79.84,81.71,12.31620553,13.04613821,-0.729932678,89.16,United Kingdom,11,1,0,Autumn,Medium,10.1,0.0,8.9,0
2023-11-27,London Gatwick,84.78,82.13,7.23183391,8.422050401,-1.190216491,92.38,United Kingdom,11,0,0,Autumn,Medium,7.8,4.6,23.5,0
2023-05-22,Manchester,64.64,68.05,20.77946768,20.17587719,0.603590488,97.46,United Kingdom,5,0,0,Spring,Medium,13.0,0.0,19.8,1
2025-06-22,London Gatwick,39.34,49.76,29.12796209,32.04624803,-2.91828594,90.49,United Kingdom,6,6,1,Summer,Medium,19.8,0.0,27.7,1
2025-05-03,London Heathrow,65.28,67.13,19.50462963,19.41492731,0.089702319,98.49,United Kingdom,5,5,1,Spring,Large,14.9,0.0,20.4,1
2022-02-09,London Stansted,86.58,88.44,8.436241611,10.55102041,-2.114778797,92.73,United Kingdom,2,2,0,Winter,Medium,9.0,1.9,23.2,0
2022-05-14,London Gatwick,62.65,73.86,17.56024096,12.08216819,5.478072777,100.0,United Kingdom,5,5,1,Spring,Medium,13.1,0.0,11.9,1
2026-02-22,London Gatwick,69.38,63.11,18.22764228,20.68378871,-2.45614643,95.63,United Kingdom,2,6,1,Winter,Medium,10.4,3.1,26.6,1
2025-07-03,London Gatwick,41.12,49.61,40.57106599,38.73256213,1.838503865,85.16,United Kingdom,7,3,0,Summer,Medium,17.8,0.0,15.5,1
2022-11-30,London Gatwick,89.66,81.46,5.315270936,8.713252033,-3.397981097,97.62,United Kingdom,11,2,0,Autumn,Medium,6.1,0.0,11.4,0
2025-09-03,London Gatwick,38.77,44.74,33.28888889,30.99849226,2.290396631,92.33,United Kingdom,9,2,0,Autumn,Medium,17.0,16.8,38.9,1
2025-07-08,London Gatwick,50.36,68.05,23.20963855,16.08126016,7.128378392,91.61,United Kingdom,7,1,0,Summer,Medium,16.1,0.3,19.8,1
2022-11-30,Manchester,80.12,87.43,8.722891566,6.348203593,2.374687973,96.57,United Kingdom,11,2,0,Autumn,Medium,4.4,0.0,15.7,0
2025-11-09,London Heathrow,77.36,70.74,15.25379939,15.63366013,-0.379860739,99.25,United Kingdom,11,6,1,Autumn,Large,9.7,0.2,18.5,1
2026-05-19,London Stansted,83.33,85.12,8.114583333,8.747404844,-0.632821511,97.06,United Kingdom,5,1,0,Spring,Medium,13.1,5.2,29.1,0
2026-02-06,London Stansted,70.31,76.6,20.2116041,15.15472813,5.056875963,94.86,United Kingdom,2,4,0,Winter,Medium,7.9,10.1,19.5,1
2024-08-19,London Gatwick,53.46,57.24,24.02761137,25.00965517,-0.982043805,93.39,United Kingdom,8,0,0,Summer,Medium,15.9,11.0,26.5,1
2025-04-09,London Stansted,66.79,71.69,15.35036496,13.8807598,1.46960516,92.03,United Kingdom,4,2,0,Spring,Medium,6.6,0.0,18.4,1
2025-11-03,London Heathrow,79.63,78.02,11.97243492,11.29949109,0.672943822,98.21,United Kingdom,11,0,0,Autumn,Large,12.8,1.6,23.4,0
2023-04-21,London Stansted,68.0,67.77,18.58545455,18.24163614,0.343818404,94.56,United Kingdom,4,4,0,Spring,Medium,7.4,9.1,21.9,1
2022-05-05,London Gatwick,70.57,75.93,16.01714286,13.32340019,2.693742666,98.05,United Kingdom,5,3,0,Spring,Medium,12.7,0.0,18.4,1
2025-11-08,Manchester,83.82,87.1,7.887966805,6.215524194,1.672442611,98.4,United Kingdom,11,5,1,Autumn,Medium,10.9,1.0,14.7,0
2025-08-14,Manchester,71.96,74.69,13.81619938,12.70848958,1.107709794,96.46,United Kingdom,8,3,0,Summer,Medium,19.6,2.1,13.2,0
2025-12-29,London Gatwick,74.86,76.45,14.65606936,13.89854651,0.757522853,97.75,United Kingdom,12,0,0,Winter,Medium,4.2,0.0,17.4,0
2023-03-14,Manchester,64.33,68.0,18.78362573,14.87942857,3.90419716,92.82,United Kingdom,3,1,0,Spring,Medium,3.4,8.2,26.8,1
2022-09-09,London Heathrow,44.38,56.4,31.32246377,25.42025356,5.902210212,94.12,United Kingdom,9,4,0,Autumn,Large,16.1,2.3,16.5,1
2025-10-25,London Heathrow,74.45,69.55,13.64797508,15.30512622,-1.657151146,98.62,United Kingdom,10,5,1,Autumn,Large,9.0,0.3,19.4,0
2023-11-20,London Heathrow,71.68,73.96,15.0304,13.4129393,1.617460703,96.62,United Kingdom,11,0,0,Autumn,Large,10.0,2.5,21.3,1
2026-02-06,London Gatwick,86.0,85.37,11.08333333,10.70759637,0.375736961,98.05,United Kingdom,2,4,0,Winter,Medium,8.6,8.6,20.5,0
2023-06-06,London Stansted,59.93,60.22,21.64981949,24.12591241,-2.476092914,91.0,United Kingdom,6,1,0,Summer,Medium,12.1,0.2,21.1,1
2024-01-14,Manchester,79.91,75.23,10.14285714,12.31719219,-2.174335049,98.69,United Kingdom,1,6,1,Winter,Medium,1.3,0.3,14.6,0
2023-08-29,London Heathrow,48.63,59.34,39.26079698,33.46234177,5.798455212,91.64,United Kingdom,8,1,0,Summer,Large,15.4,0.2,16.9,1
2022-09-17,Manchester,32.39,36.29,48.94736842,48.44462366,0.502744765,96.17,United Kingdom,9,5,1,Autumn,Medium,10.7,0.0,20.0,1
2023-09-23,London Heathrow,70.03,75.0,16.61074919,14.09918301,2.511566179,94.52,United Kingdom,9,5,1,Autumn,Large,12.6,0.0,15.4,1
2024-07-21,Manchester,35.03,44.78,42.5952381,44.6979798,-2.102741703,89.55,United Kingdom,7,6,1,Summer,Medium,14.8,0.9,17.4,1
2023-11-18,London Stansted,70.4,65.75,12.92825112,15.96917808,-3.040926961,98.25,United Kingdom,11,5,1,Autumn,Medium,11.0,7.0,27.0,0
2024-11-23,Manchester,51.61,58.14,23.39631336,22.33085271,1.065460651,95.28,United Kingdom,11,5,1,Autumn,Medium,6.9,18.1,42.8,1
2022-04-24,London Gatwick,73.16,68.77,13.53354633,17.09011567,-3.556569342,99.05,United Kingdom,4,6,1,Spring,Medium,12.1,0.0,23.4,0
2025-03-21,Manchester,79.76,86.64,12.5,6.75708502,5.74291498,95.15,United Kingdom,3,4,0,Spring,Medium,11.8,6.3,24.6,0
2023-08-23,Manchester,52.61,63.83,25.41811847,21.39355792,4.024560547,97.04,United Kingdom,8,2,0,Summer,Medium,16.5,3.0,14.0,1
2022-02-15,Manchester,72.09,78.46,12.36925065,9.280128205,3.089122441,96.35,United Kingdom,2,1,0,Winter,Medium,5.8,5.6,28.1,0
2022-06-07,London Gatwick,38.11,54.77,39.49189189,29.91298819,9.578903699,96.13,United Kingdom,6,1,0,Summer,Medium,14.0,4.0,22.3,1
2026-04-07,London Gatwick,86.25,86.99,6.736389685,5.431984586,1.304405099,98.59,United Kingdom,4,1,0,Spring,Medium,11.8,0.0,18.7,0
2022-11-20,Manchester,65.52,76.38,23.3591133,12.64137353,10.71773977,96.71,United Kingdom,11,6,1,Autumn,Medium,6.8,4.4,26.0,1
2022-02-24,London Heathrow,62.27,78.18,17.25065963,12.10844156,5.142218072,97.99,United Kingdom,2,3,0,Winter,Large,6.3,3.7,32.5,1
2025-11-11,London Gatwick,90.65,90.57,4.560747664,4.636792453,-0.076044789,96.86,United Kingdom,11,1,0,Autumn,Medium,11.8,1.7,29.8,0
2022-07-07,London Heathrow,48.16,68.72,26.45008757,16.54809607,9.901991491,94.33,United Kingdom,7,3,0,Summer,Large,19.3,0.0,18.3,1
2022-06-24,London Gatwick,38.01,40.96,39.2722372,42.46338652,-3.191149328,94.44,United Kingdom,6,4,0,Summer,Medium,16.5,2.9,25.7,1
2025-10-31,London Gatwick,84.25,86.23,9.455801105,7.198301194,2.257499911,96.57,United Kingdom,10,4,0,Autumn,Medium,13.9,11.2,31.2,0
2025-06-16,London Heathrow,71.92,75.3,14.53343239,13.63162651,0.901805886,97.69,United Kingdom,6,0,0,Summer,Large,19.3,0.0,12.0,0
2025-05-08,Manchester,74.66,75.5,12.05479452,10.83870246,1.21609206,95.19,United Kingdom,5,3,0,Spring,Medium,10.3,0.0,11.7,0
2022-04-09,London Stansted,62.93,52.61,19.12931034,29.91326087,-10.78395052,96.31,United Kingdom,4,5,1,Spring,Medium,4.9,2.0,21.9,1
2022-08-20,Manchester,37.84,51.67,33.94980695,28.8925,5.05730695,96.32,United Kingdom,8,5,1,Summer,Medium,16.8,0.1,28.9,1
2023-07-31,Manchester,40.34,47.87,31.01016949,31.25480874,-0.244639252,97.75,United Kingdom,7,0,0,Summer,Medium,15.9,11.8,22.3,1
2024-10-01,London Heathrow,73.68,67.22,13.60937343,16.06117794,-2.451804511,96.68,United Kingdom,10,1,0,Autumn,Large,12.3,12.4,26.0,0
2024-07-16,London Stansted,49.22,52.43,26.78056426,26.44714132,0.333422947,95.03,United Kingdom,7,1,0,Summer,Medium,16.6,4.3,21.7,1
2023-03-24,Manchester,66.19,66.5,21.66666667,18.7157767,2.950889968,97.27,United Kingdom,3,4,0,Spring,Medium,8.8,1.3,30.9,1
2023-07-20,London Heathrow,59.43,73.87,19.33031674,13.38413413,5.946182608,98.23,United Kingdom,7,3,0,Summer,Large,17.1,0.0,12.2,1
2023-10-19,London Gatwick,65.08,58.06,18.58542714,23.79633419,-5.21090705,93.68,United Kingdom,10,3,0,Autumn,Medium,15.3,10.0,35.3,1
2023-04-19,London Stansted,70.63,70.0,18.24535316,18.96378205,-0.718428891,97.86,United Kingdom,4,2,0,Spring,Medium,9.3,0.2,28.0,1
2025-03-08,London Gatwick,73.86,79.22,10.1337386,8.63062249,1.503116112,91.46,United Kingdom,3,5,1,Spring,Medium,10.3,0.0,15.0,0
2023-02-15,Manchester,76.19,81.93,14.80357143,10.33855422,4.465017212,96.67,United Kingdom,2,2,0,Winter,Medium,6.5,1.3,24.5,0
2022-02-11,Manchester,71.51,84.7,13.15116279,5.946812386,7.204350405,95.05,United Kingdom,2,4,0,Winter,Medium,3.7,0.0,22.0,0
2025-10-12,London Gatwick,64.71,71.22,22.89460784,17.86141439,5.033193451,91.72,United Kingdom,10,6,1,Autumn,Medium,11.1,0.0,13.5,1
2025-04-13,London Stansted,83.58,87.82,6.78358209,6.310332103,0.473249986,92.51,United Kingdom,4,6,1,Spring,Medium,11.9,1.3,19.0,0
2026-05-09,London Gatwick,81.67,82.02,11.28611111,12.29831461,-1.012203496,96.79,United Kingdom,5,5,1,Spring,Medium,14.3,0.1,19.0,0
2022-08-02,London Heathrow,50.37,80.4,22.17216117,11.72177858,10.45038259,97.7,United Kingdom,8,1,0,Summer,Large,21.2,0.2,23.0,1
2025-03-22,Manchester,80.57,84.34,9.178137652,9.199799197,-0.021661545,97.67,United Kingdom,3,5,1,Spring,Medium,12.2,7.2,20.5,0
2024-01-23,Manchester,76.76,77.14,11.87323944,15.17428571,-3.301046278,95.42,United Kingdom,1,1,0,Winter,Medium,8.3,6.5,35.8,0
2022-01-20,Manchester,66.67,79.35,14.13978495,10.43007246,3.709712482,75.61,United Kingdom,1,3,0,Winter,Medium,0.8,0.0,11.5,0
2025-11-26,Manchester,70.11,76.5,16.93478261,14.20892532,2.72585729,96.39,United Kingdom,11,2,0,Autumn,Medium,2.7,0.4,23.5,1
2022-11-07,London Gatwick,81.59,85.66,9.693140794,9.714575866,-0.021435072,96.22,United Kingdom,11,0,0,Autumn,Medium,12.6,5.1,35.0,0
2023-07-28,London Gatwick,33.72,33.41,40.69515012,44.86102088,-4.165870766,92.39,United Kingdom,7,4,0,Summer,Medium,17.9,0.9,23.9,1
2024-09-06,London Heathrow,50.0,44.76,24.53405573,27.69400104,-3.159945316,92.43,United Kingdom,9,4,0,Autumn,Large,18.2,17.9,16.2,1
2023-09-19,Manchester,52.14,60.64,22.68214286,17.96205674,4.72008612,98.28,United Kingdom,9,1,0,Autumn,Medium,15.0,9.9,38.7,1
2022-07-19,Manchester,28.28,57.68,50.66393443,25.6126556,25.05127882,91.7,United Kingdom,7,1,0,Summer,Medium,27.1,0.2,23.9,1
2022-05-11,London Gatwick,77.44,78.83,13.41158537,11.43343558,1.978149783,98.51,United Kingdom,5,2,0,Spring,Medium,12.3,7.9,33.9,0
2025-11-14,London Heathrow,70.66,78.46,17.38023952,12.41317771,4.96706181,99.11,United Kingdom,11,4,0,Autumn,Large,12.9,18.5,15.1,1
2023-11-13,Manchester,50.22,53.42,28.46753247,25.77521368,2.692318792,94.12,United Kingdom,11,0,0,Autumn,Medium,10.1,7.9,39.8,1
2022-02-21,Manchester,22.88,35.95,63.70795207,46.09455338,17.61339869,87.83,United Kingdom,2,0,0,Winter,Medium,5.7,2.6,49.4,1
2025-05-04,Manchester,73.65,72.3,13.70758123,13.45323741,0.254343817,96.22,United Kingdom,5,6,1,Spring,Medium,9.4,0.1,18.3,0
2024-07-21,London Gatwick,37.56,43.03,42.85479675,46.52212714,-3.667330391,86.04,United Kingdom,7,6,1,Summer,Medium,18.6,0.4,15.5,1
2024-03-20,London Gatwick,90.16,94.84,4.519685039,3.447222222,1.072462817,91.1,United Kingdom,3,2,0,Spring,Medium,11.0,3.1,9.8,0
2024-12-10,Manchester,86.08,89.34,7.283505155,5.287901861,1.995603293,97.52,United Kingdom,12,1,0,Winter,Medium,4.0,0.0,16.8,0
2025-12-21,London Heathrow,80.39,83.48,11.33031674,9.420095095,1.910221647,99.25,United Kingdom,12,6,1,Winter,Large,8.7,3.1,19.3,0
2024-04-19,London Heathrow,55.21,45.78,24.26785714,26.57289157,-2.305034423,98.98,United Kingdom,4,4,0,Spring,Large,10.4,0.6,26.8,1
2022-04-12,Manchester,54.77,66.01,22.23978224,17.78940887,4.450373378,93.58,United Kingdom,4,1,0,Spring,Medium,11.1,2.0,20.7,1
2023-09-16,London Stansted,68.42,64.29,16.35789474,21.70646259,-5.348567848,96.04,United Kingdom,9,5,1,Autumn,Medium,18.3,1.1,18.1,1
2023-06-18,London Heathrow,44.3,59.19,32.94214876,27.80891599,5.133232771,92.58,United Kingdom,6,6,1,Summer,Large,19.4,11.9,15.9,1
2022-12-08,London Stansted,67.14,69.19,15.59047619,14.55094787,1.039528323,95.96,United Kingdom,12,3,0,Winter,Medium,-1.4,0.0,12.9,1
2023-09-13,Manchester,50.17,63.64,21.80622837,19.80926573,1.996962639,96.45,United Kingdom,9,2,0,Autumn,Medium,13.1,0.4,17.1,1
2025-04-23,London Heathrow,87.98,86.32,6.747774481,9.212034314,-2.464259833,99.27,United Kingdom,4,2,0,Spring,Large,10.2,8.3,21.8,0
2022-09-10,London Stansted,49.43,48.84,32.1245283,31.92648579,0.198042514,96.48,United Kingdom,9,5,1,Autumn,Medium,15.9,0.8,16.7,1
2024-05-30,London Gatwick,53.37,59.66,22.82692308,20.3247182,2.50220488,90.5,United Kingdom,5,3,0,Spring,Medium,13.1,3.5,25.1,1
2024-05-04,London Gatwick,70.56,75.79,12.98333333,13.48552632,-0.502192982,89.49,United Kingdom,5,5,1,Spring,Medium,10.9,1.9,14.4,0
2026-01-25,Manchester,84.21,79.17,9.522267206,12.63381944,-3.111552238,98.42,United Kingdom,1,6,1,Winter,Medium,5.7,4.7,34.3,0
2024-09-08,London Stansted,45.3,40.5,31.85017422,34.97275986,-3.122585641,94.57,United Kingdom,9,6,1,Autumn,Medium,16.3,2.4,16.2,1
2023-11-04,Manchester,63.04,67.84,20.50434783,18.49251101,2.011836813,98.32,United Kingdom,11,5,1,Autumn,Medium,7.2,2.2,22.3,1
2024-05-07,London Gatwick,82.83,84.31,7.074792244,6.846825397,0.227966847,91.5,United Kingdom,5,1,0,Spring,Medium,13.7,0.0,15.6,0
2026-04-07,London Heathrow,89.64,86.46,7.41576507,7.584333333,-0.168568264,95.58,United Kingdom,4,1,0,Spring,Large,12.5,0.0,14.7,0
2025-01-09,London Heathrow,79.06,75.99,12.45669291,16.35492364,-3.898230731,98.3,United Kingdom,1,3,0,Winter,Large,0.8,0.4,13.4,0
2024-10-07,Manchester,60.2,67.76,17.84921962,16.39517544,1.454044182,97.76,United Kingdom,10,0,0,Autumn,Medium,12.6,0.3,24.7,1
2023-03-03,London Gatwick,82.2,80.9,9.87537092,11.13621891,-1.260847986,98.55,United Kingdom,3,4,0,Spring,Medium,3.5,0.2,20.4,0
2025-06-15,London Heathrow,72.87,70.6,16.22713415,15.74420398,0.482930166,97.06,United Kingdom,6,6,1,Summer,Large,17.5,0.4,16.9,1
2025-05-28,London Gatwick,59.59,63.64,20.40664962,20.85656566,-0.44991604,91.65,United Kingdom,5,2,0,Spring,Medium,15.8,1.0,25.8,1
2024-06-05,London Heathrow,72.28,70.58,15.03278689,16.23390292,-1.201116037,98.39,United Kingdom,6,2,0,Summer,Large,12.1,0.1,19.6,1
2022-03-28,London Gatwick,70.0,68.75,12.70344828,14.97667824,-2.273229965,95.11,United Kingdom,3,0,0,Spring,Medium,9.3,0.0,11.6,0
2025-09-27,London Stansted,71.62,70.76,14.2972973,16.75631229,-2.459014995,95.87,United Kingdom,9,5,1,Autumn,Medium,11.9,0.0,19.3,0
2025-11-20,London Stansted,79.36,77.06,12.37155963,11.45466361,0.916896024,95.32,United Kingdom,11,3,0,Autumn,Medium,0.5,0.1,24.3,0
2024-01-13,London Gatwick,74.49,72.47,11.80658436,14.82327935,-3.01669499,87.59,United Kingdom,1,5,1,Winter,Medium,2.3,0.0,10.5,0
2022-10-22,London Gatwick,52.53,64.77,24.57865169,19.61652462,4.962127064,95.99,United Kingdom,10,5,1,Autumn,Medium,14.3,0.5,24.0,1
2024-11-05,Manchester,78.17,91.58,12.49746193,5.432982456,7.064479473,95.26,United Kingdom,11,1,0,Autumn,Medium,10.0,0.0,11.1,0
2023-03-07,London Heathrow,67.53,69.07,16.54639175,15.2666953,1.279696449,94.08,United Kingdom,3,1,0,Spring,Large,3.2,3.8,12.6,1
2023-07-20,Manchester,40.88,55.63,31.09797297,25.2983504,5.799622575,97.39,United Kingdom,7,3,0,Summer,Medium,13.8,0.0,17.9,1
2025-11-13,Manchester,75.95,78.02,11.34177215,11.84518678,-0.50341463,99.17,United Kingdom,11,3,0,Autumn,Medium,11.8,2.5,24.5,0
2026-05-26,London Stansted,86.1,86.96,7.376271186,6.903010033,0.473261153,98.35,United Kingdom,5,1,0,Spring,Medium,24.6,0.0,16.9,0
2025-07-11,London Stansted,72.73,72.3,15.41233766,14.12105856,1.291279104,93.82,United Kingdom,7,4,0,Summer,Medium,22.5,0.0,14.2,1
2024-07-17,London Stansted,50.34,58.76,26.51020408,24.62434135,1.88586273,93.85,United Kingdom,7,2,0,Summer,Medium,17.1,0.0,13.0,1
2024-10-31,Manchester,74.73,85.51,10.12455516,7.457832744,2.666722416,96.26,United Kingdom,10,3,0,Autumn,Medium,9.9,0.0,10.4,0
2024-06-26,Manchester,38.51,53.72,39.61824324,38.70484234,0.913400901,95.37,United Kingdom,6,2,0,Summer,Medium,20.1,0.0,16.3,1
2023-11-28,London Stansted,74.77,79.05,11.94392523,13.01253968,-1.068614449,96.44,United Kingdom,11,1,0,Autumn,Medium,3.1,0.1,24.5,0
2025-05-23,London Heathrow,76.76,74.34,13.33823529,14.94794721,-1.60971192,99.13,United Kingdom,5,4,0,Spring,Large,13.0,0.2,16.9,0
2023-02-13,Manchester,81.19,86.43,8.866336634,6.726884422,2.139452212,98.1,United Kingdom,2,0,0,Winter,Medium,5.8,0.0,18.9,0
2024-03-28,London Stansted,65.66,69.7,17.86037736,15.77114899,2.089228369,95.8,United Kingdom,3,3,0,Spring,Medium,7.3,6.9,45.9,1
2022-11-22,Manchester,78.48,83.02,14.41139241,8.495702306,5.915690099,96.99,United Kingdom,11,1,0,Autumn,Medium,5.6,4.7,14.8,0
2025-05-04,London Stansted,75.69,65.38,15.47569444,19.20815851,-3.732464064,93.63,United Kingdom,5,6,1,Spring,Medium,8.3,0.2,23.8,1
2023-06-21,London Gatwick,41.06,45.14,31.71536524,33.33237739,-1.617012151,91.65,United Kingdom,6,2,0,Summer,Medium,18.1,1.5,18.4,1
2022-10-18,Manchester,59.47,67.11,20.3215859,20.12488889,0.196697014,98.71,United Kingdom,10,1,0,Autumn,Medium,10.3,0.0,21.8,1
2025-05-24,London Stansted,70.96,72.37,13.1650165,12.88092105,0.284095449,90.03,United Kingdom,5,5,1,Spring,Medium,15.4,7.7,25.0,0
2022-09-29,London Heathrow,50.27,64.75,26.88426763,22.5397482,4.34451943,93.31,United Kingdom,9,3,0,Autumn,Large,10.8,0.1,10.3,1
2024-11-02,London Heathrow,80.33,88.8,12.6,7.021471719,5.578528281,96.84,United Kingdom,11,5,1,Autumn,Large,12.1,0.0,12.2,0
2026-01-17,London Stansted,87.88,88.99,8.887445887,6.77856094,2.108884948,97.08,United Kingdom,1,5,1,Winter,Medium,6.8,0.2,17.5,0
2023-12-28,London Heathrow,62.54,46.61,18.5096463,25.46465054,-6.955004235,93.86,United Kingdom,12,3,0,Winter,Large,10.6,0.5,38.4,1
2025-08-10,London Gatwick,55.91,66.9,19.59545455,16.10831418,3.487140369,92.28,United Kingdom,8,6,1,Summer,Medium,18.4,0.0,11.3,1
2025-12-17,Manchester,51.38,66.82,24.64678899,19.62749616,5.019292831,98.24,United Kingdom,12,2,0,Winter,Medium,5.8,8.4,37.0,1
2026-04-29,London Stansted,89.82,88.73,5.796491228,5.516606061,0.279885167,96.33,United Kingdom,4,2,0,Spring,Medium,11.2,0.0,27.5,0
2025-04-10,London Heathrow,83.66,85.89,8.263001486,6.847522523,1.415478963,98.55,United Kingdom,4,3,0,Spring,Large,10.1,0.0,10.5,0
2024-01-26,Manchester,75.24,69.8,13.81067961,14.44785479,-0.637175174,97.21,United Kingdom,1,4,0,Winter,Medium,7.1,1.6,38.9,0
2023-06-01,London Heathrow,63.21,63.14,19.56723338,17.81376361,1.753469777,97.44,United Kingdom,6,3,0,Summer,Large,13.4,0.0,20.6,1
2023-01-07,Manchester,65.45,66.49,19.63874346,16.17879581,3.459947644,97.03,United Kingdom,1,5,1,Winter,Medium,9.7,4.0,38.4,1
2025-11-27,Manchester,72.44,76.55,13.04888889,11.5329646,1.515924287,96.64,United Kingdom,11,3,0,Autumn,Medium,11.5,1.1,27.1,0
2025-12-08,London Gatwick,78.79,84.71,9.327272727,7.617380224,1.709892503,97.36,United Kingdom,12,0,0,Winter,Medium,11.4,2.8,21.9,0
2025-07-23,London Heathrow,77.71,85.07,12.41495601,8.22442655,4.190529462,98.55,United Kingdom,7,2,0,Summer,Large,18.4,2.3,12.8,0
2025-05-20,London Stansted,51.93,60.69,26.14035088,23.70385057,2.436500302,90.65,United Kingdom,5,1,0,Spring,Medium,13.2,0.0,12.7,1
2026-01-23,Manchester,85.89,86.48,6.149377593,6.926434426,-0.777056833,97.99,United Kingdom,1,4,0,Winter,Medium,6.5,0.9,27.4,0
2024-10-02,London Stansted,59.44,56.03,22.8006993,24.2464539,-1.4457546,96.69,United Kingdom,10,2,0,Autumn,Medium,13.0,1.9,31.3,1
2025-04-03,London Stansted,74.83,74.2,10.54827586,11.60859835,-1.060322489,92.45,United Kingdom,4,3,0,Spring,Medium,11.1,0.0,19.5,0
2025-02-27,Manchester,83.26,87.27,8.7239819,7.145,1.5789819,96.58,United Kingdom,2,3,0,Winter,Medium,3.9,0.0,15.3,0
2023-02-04,London Heathrow,82.88,85.06,9.184114114,8.582452945,0.601661169,97.39,United Kingdom,2,5,1,Winter,Large,7.5,0.3,12.2,0
2025-01-02,London Gatwick,74.02,63.35,14.21787709,20.30535038,-6.087473284,94.78,United Kingdom,1,3,0,Winter,Medium,1.8,0.0,15.6,0
2025-09-07,Manchester,67.1,69.33,15.58306189,15.12736954,0.455692347,97.21,United Kingdom,9,6,1,Autumn,Medium,17.6,4.5,31.7,1
2023-08-01,London Heathrow,64.7,74.51,16.96818182,12.97341932,3.994762496,98.22,United Kingdom,8,1,0,Summer,Large,17.5,0.2,23.1,1
2022-02-14,London Heathrow,80.77,88.58,13.64606227,8.011049211,5.63501306,96.59,United Kingdom,2,0,0,Winter,Large,7.4,3.1,26.1,0
2026-04-25,Manchester,85.54,89.24,6.469879518,5.558432935,0.911446583,97.67,United Kingdom,4,5,1,Spring,Medium,11.6,0.0,19.1,0
2025-12-04,Manchester,63.75,67.09,17.17916667,16.97116737,0.207999297,96.47,United Kingdom,12,3,0,Winter,Medium,6.1,10.3,25.0,1
2022-10-01,London Gatwick,32.39,40.0,45.01704545,43.50238095,1.514664502,93.67,United Kingdom,10,5,1,Autumn,Medium,14.6,0.3,23.7,1
2024-01-01,London Heathrow,82.78,84.26,9.970695971,9.629135802,0.341560168,97.52,United Kingdom,1,0,0,Winter,Large,7.8,8.5,30.1,0
2022-04-15,London Heathrow,65.94,76.78,15.68123862,13.41998781,2.261250803,92.99,United Kingdom,4,4,0,Spring,Large,13.4,0.0,9.1,1
2025-10-31,London Heathrow,79.36,76.3,11.67431193,12.10259939,-0.428287462,98.23,United Kingdom,10,4,0,Autumn,Large,14.2,6.2,26.3,0
2025-09-02,Manchester,63.96,57.51,16.81168831,19.98146965,-3.169781337,96.96,United Kingdom,9,1,0,Autumn,Medium,14.7,0.7,17.5,1
2022-10-04,London Heathrow,54.38,77.02,23.45437956,12.47770796,10.9766716,96.37,United Kingdom,10,1,0,Autumn,Large,15.4,0.2,24.7,1
2023-12-06,London Gatwick,75.19,78.41,13.2037037,14.20789141,-1.00418771,94.74,United Kingdom,12,2,0,Winter,Medium,3.3,0.0,14.2,0
2025-11-22,Manchester,65.52,71.19,17.00431034,16.95621469,0.048095656,97.93,United Kingdom,11,5,1,Autumn,Medium,4.2,5.5,30.1,1
2024-06-27,London Gatwick,39.81,39.57,42.33255269,44.38779621,-2.055243515,89.09,United Kingdom,6,3,0,Summer,Medium,18.5,0.0,25.9,1
2022-05-03,Manchester,47.27,60.73,26.85454545,17.68949772,9.165047738,94.14,United Kingdom,5,1,0,Spring,Medium,10.9,1.6,9.5,1
2023-11-14,London Heathrow,67.37,67.21,21.20065253,18.12118506,3.079467464,96.01,United Kingdom,11,1,0,Autumn,Large,10.5,4.4,25.1,1
2025-09-04,London Stansted,67.97,68.11,15.58823529,15.93161683,-0.343381539,94.19,United Kingdom,9,3,0,Autumn,Medium,15.1,6.6,27.0,1
2022-10-13,London Gatwick,61.1,58.49,17.3002611,18.97132289,-1.671061793,98.46,United Kingdom,10,3,0,Autumn,Medium,13.5,17.4,14.8,1
2023-10-07,London Stansted,77.49,80.37,13.76383764,12.75358025,1.010257391,95.83,United Kingdom,10,5,1,Autumn,Medium,17.6,0.0,23.3,0
2024-02-06,London Stansted,89.22,83.33,8.480392157,9.169281046,-0.688888889,96.31,United Kingdom,2,1,0,Winter,Medium,11.0,11.2,43.2,0
2023-08-04,London Heathrow,59.16,70.41,22.23873874,17.16970157,5.069037171,96.96,United Kingdom,8,4,0,Summer,Large,16.2,0.6,17.6,1
2024-04-11,London Gatwick,75.84,78.55,13.35844156,12.40236865,0.956072911,91.12,United Kingdom,4,3,0,Spring,Medium,13.0,0.7,22.9,0
2026-03-21,London Gatwick,63.96,72.87,15.1951952,12.39939024,2.795804951,96.25,United Kingdom,3,5,1,Spring,Medium,6.7,0.0,12.2,1
2026-01-14,London Heathrow,73.46,69.54,13.68720379,13.78681552,-0.099611732,99.06,United Kingdom,1,2,0,Winter,Large,3.7,2.7,15.0,0
2023-03-16,Manchester,77.25,75.38,12.21164021,11.95478632,0.256853887,95.63,United Kingdom,3,3,0,Spring,Medium,9.4,5.0,28.9,0
2025-01-13,London Gatwick,90.79,87.45,5.175732218,6.968688982,-1.792956764,93.75,United Kingdom,1,0,0,Winter,Medium,2.8,0.0,17.6,0
2026-01-14,London Gatwick,86.73,88.08,7.010204082,6.44671848,0.563485601,98.5,United Kingdom,1,2,0,Winter,Medium,4.9,1.6,20.9,0
2023-01-20,London Gatwick,87.17,85.06,6.543396226,7.497573436,-0.954177209,98.51,United Kingdom,1,4,0,Winter,Medium,1.5,0.0,20.9,0
2025-04-08,Manchester,78.97,77.56,11.94047619,10.9816273,0.958848894,92.81,United Kingdom,4,1,0,Spring,Medium,8.7,0.0,12.7,0
2024-12-22,London Heathrow,72.82,67.38,14.29194631,17.44242175,-3.150475438,90.95,United Kingdom,12,6,1,Winter,Large,5.6,2.3,30.0,0
2025-03-06,London Stansted,90.72,92.77,5.5907173,5.06212766,0.52858964,96.02,United Kingdom,3,3,0,Spring,Medium,8.3,0.1,18.9,0
2023-06-01,London Gatwick,53.75,53.37,23.01,24.88291771,-1.872917706,93.27,United Kingdom,6,3,0,Summer,Medium,12.9,0.0,23.9,1
2023-03-17,London Heathrow,66.33,80.34,17.04713805,12.68545198,4.36168607,95.51,United Kingdom,3,4,0,Spring,Large,10.8,3.0,17.7,1
2024-12-15,Manchester,60.31,73.75,16.82442748,13.97406692,2.850360557,95.67,United Kingdom,12,6,1,Winter,Medium,10.1,1.2,23.2,1
2022-05-19,London Stansted,63.91,59.77,18.47744361,23.17662835,-4.699184743,95.71,United Kingdom,5,3,0,Spring,Medium,16.0,1.1,25.9,1
2023-04-18,London Gatwick,76.97,77.91,12.16666667,12.12505112,0.041615542,94.86,United Kingdom,4,1,0,Spring,Medium,8.2,0.7,30.8,0
2023-11-30,London Gatwick,62.93,70.83,19.3707483,16.03813657,3.332611725,91.69,United Kingdom,11,3,0,Autumn,Medium,0.6,0.4,19.9,1
2022-01-22,London Stansted,87.13,74.76,6.564356436,11.6684466,-5.104090166,52.79,United Kingdom,1,5,1,Winter,Medium,2.3,0.0,17.4,0
2023-03-26,London Stansted,60.48,50.59,21.33467742,30.10287582,-8.768198398,97.29,United Kingdom,3,6,1,Spring,Medium,6.4,5.9,23.9,1
2022-03-02,London Heathrow,71.18,86.72,14.24835796,11.22330827,3.025049693,97.88,United Kingdom,3,2,0,Spring,Large,6.5,8.2,14.9,0
2024-10-18,London Heathrow,47.06,43.88,37.90359477,49.39828711,-11.49469234,88.81,United Kingdom,10,4,0,Autumn,Large,11.2,0.9,17.0,1
2022-10-07,Manchester,58.21,61.23,18.41791045,15.702657,2.715253443,96.76,United Kingdom,10,4,0,Autumn,Medium,12.4,9.2,32.4,1
2024-11-24,London Heathrow,48.1,24.58,44.89632446,68.57126329,-23.67493883,80.42,United Kingdom,11,6,1,Autumn,Large,15.5,9.4,35.8,1
2024-01-11,London Heathrow,79.7,80.37,10.98679868,10.4692457,0.517552978,97.6,United Kingdom,1,3,0,Winter,Large,2.5,0.0,22.9,0
2022-10-16,London Heathrow,73.36,78.05,11.85435169,10.97982301,0.874528679,97.42,United Kingdom,10,6,1,Autumn,Large,13.6,5.1,22.4,0
2024-09-09,Manchester,47.45,60.54,22.63963964,19.08865462,3.550985021,97.14,United Kingdom,9,0,0,Autumn,Medium,13.5,6.9,25.4,1
2025-07-26,London Stansted,63.17,57.19,19.67619048,23.47805011,-3.801859633,94.64,United Kingdom,7,5,1,Summer,Medium,18.0,2.1,14.1,1
2022-04-02,London Heathrow,41.37,68.84,37.7920354,18.11508772,19.67694768,85.34,United Kingdom,4,5,1,Spring,Large,3.6,0.4,13.4,1
2025-02-28,London Heathrow,86.75,89.04,7.961479199,5.982561728,1.97891747,96.43,United Kingdom,2,4,0,Winter,Large,4.3,0.0,6.9,0
2025-08-22,London Gatwick,54.52,59.26,23.01160093,21.50833333,1.503267595,91.91,United Kingdom,8,4,0,Summer,Medium,15.2,0.0,14.9,1
2025-03-05,London Heathrow,88.79,87.48,5.87250384,7.612728221,-1.740224381,98.94,United Kingdom,3,2,0,Spring,Large,5.4,0.0,8.0,0
2024-04-03,London Stansted,68.92,75.88,16.56972112,11.97535668,4.594364436,92.62,United Kingdom,4,2,0,Spring,Medium,10.6,1.4,37.0,1
2023-04-21,London Gatwick,63.66,69.41,20.49859155,18.3095373,2.18905425,95.45,United Kingdom,4,4,0,Spring,Medium,6.8,3.1,17.7,1
2025-03-09,London Gatwick,79.67,73.33,10.29395604,13.48027778,-3.186321734,91.02,United Kingdom,3,6,1,Spring,Medium,10.8,0.0,15.3,0
2022-05-13,London Stansted,74.09,73.98,13.10218978,13.88711276,-0.784922982,96.88,United Kingdom,5,4,0,Spring,Medium,13.7,0.0,28.6,0
2024-10-17,London Stansted,62.58,64.51,17.67880795,17.80466439,-0.125856444,96.23,United Kingdom,10,3,0,Autumn,Medium,14.3,2.6,18.5,1
2025-02-19,London Stansted,77.93,81.19,10.78378378,11.36750765,-0.583723861,96.17,United Kingdom,2,2,0,Winter,Medium,3.4,0.0,19.1,0
2024-02-02,London Stansted,77.22,82.61,12.22014157,9.89400527,2.3261363,95.31,United Kingdom,2,4,0,Winter,Medium,8.4,0.0,33.7,0
2023-08-06,London Stansted,62.24,67.44,19.45104895,17.83482835,1.616220601,95.13,United Kingdom,8,6,1,Summer,Medium,14.0,0.6,29.7,1
2023-08-01,Manchester,38.49,47.46,34.92805755,29.82717391,5.100883641,96.62,United Kingdom,8,1,0,Summer,Medium,14.7,2.0,25.7,1
2023-10-18,London Heathrow,52.37,42.42,23.91271057,26.15216947,-2.239458908,95.91,United Kingdom,10,2,0,Autumn,Large,12.7,13.3,30.3,1
2024-03-16,London Stansted,82.07,77.34,9.501992032,16.94615885,-7.444166822,96.21,United Kingdom,3,5,1,Spring,Medium,8.7,0.4,18.7,0
2024-02-27,Manchester,86.86,80.92,6.28,7.838535645,-1.558535645,96.81,United Kingdom,2,1,0,Winter,Medium,3.4,1.6,23.2,0
2022-04-10,London Heathrow,55.98,77.29,24.86328502,14.13946886,10.72381616,92.37,United Kingdom,4,6,1,Spring,Large,7.0,0.0,15.9,1
2026-03-26,Manchester,74.9,73.49,14.58299595,15.27121821,-0.688222255,98.43,United Kingdom,3,3,0,Spring,Medium,4.2,0.0,16.4,0
2022-09-20,London Gatwick,73.83,72.45,13.85674931,15.04678604,-1.190036731,95.58,United Kingdom,9,1,0,Autumn,Medium,13.5,0.0,10.8,0
2025-06-23,London Stansted,63.05,53.62,19.50847458,24.32006579,-4.811591213,95.83,United Kingdom,6,0,0,Summer,Medium,17.4,0.3,28.5,1
2025-01-24,Manchester,59.71,65.02,18.9223301,18.4909688,0.431361296,88.24,United Kingdom,1,4,0,Winter,Medium,6.8,6.1,47.2,1
2022-10-06,London Heathrow,68.59,82.0,15.22382671,10.2003268,5.023499917,95.73,United Kingdom,10,3,0,Autumn,Large,12.9,0.0,21.3,1
2022-04-04,London Heathrow,49.81,68.87,26.2,16.07201258,10.12798742,89.92,United Kingdom,4,0,0,Spring,Large,9.1,6.4,26.0,1
2025-09-19,Manchester,59.7,65.78,18.15820896,17.13765978,1.020549172,95.82,United Kingdom,9,4,0,Autumn,Medium,17.5,0.7,22.0,1
2026-02-06,London Heathrow,81.48,82.84,11.29984301,8.887597504,2.41224551,97.41,United Kingdom,2,4,0,Winter,Large,8.6,5.1,15.5,0
2022-11-18,Manchester,73.71,76.92,11.79896907,11.47982906,0.319140012,96.6,United Kingdom,11,4,0,Autumn,Medium,8.3,4.6,23.2,0
2023-01-04,London Stansted,69.62,66.8,16.48523207,18.12503458,-1.639802511,96.0,United Kingdom,1,2,0,Winter,Medium,11.2,0.6,36.8,1
2026-01-09,London Gatwick,72.69,72.2,16.4095941,20.17541828,-3.765824179,98.91,United Kingdom,1,4,0,Winter,Medium,3.0,6.9,35.6,1
2025-05-13,London Gatwick,79.03,71.97,9.782258065,13.45309973,-3.670841666,92.86,United Kingdom,5,1,0,Spring,Medium,15.8,3.4,15.6,0
2024-08-28,London Gatwick,62.56,63.1,17.78436019,17.72952381,0.05483638,94.0,United Kingdom,8,2,0,Summer,Medium,19.2,0.0,15.2,1
2023-07-13,London Gatwick,34.66,40.56,39.33333333,41.35400155,-2.020668221,92.64,United Kingdom,7,3,0,Summer,Medium,16.6,0.8,23.2,1
2022-01-12,London Heathrow,80.72,87.62,13.1626506,10.64226006,2.52039054,95.99,United Kingdom,1,2,0,Winter,Large,3.9,0.0,8.4,0
2023-08-28,London Heathrow,49.28,71.61,47.01431493,31.3578853,15.65642962,73.04,United Kingdom,8,0,0,Summer,Large,15.6,0.3,15.8,1
2025-10-11,London Gatwick,72.77,75.2,16.59947644,14.72602263,1.873453811,91.63,United Kingdom,10,5,1,Autumn,Medium,12.9,0.0,7.7,1
2024-01-19,London Stansted,65.49,70.5,18.15294118,18.49093231,-0.337991135,96.64,United Kingdom,1,4,0,Winter,Medium,-0.6,0.0,17.6,1
2023-02-12,London Stansted,89.24,90.18,5.686098655,4.509375,1.176723655,97.01,United Kingdom,2,6,1,Winter,Medium,6.8,0.0,12.4,0
2025-03-14,London Stansted,63.51,69.89,15.61754386,14.26397849,1.353565365,96.31,United Kingdom,3,4,0,Spring,Medium,2.3,1.3,14.9,1
2025-08-13,London Heathrow,81.3,83.36,11.82032401,10.73689249,1.083431517,98.55,United Kingdom,8,2,0,Summer,Large,21.6,0.0,14.8,0
2022-08-31,London Stansted,69.0,61.68,17.78597786,22.12822384,-4.342245985,96.18,United Kingdom,8,2,0,Summer,Medium,17.4,0.0,25.7,1
2022-09-05,London Heathrow,55.16,63.77,21.38078292,18.48460145,2.896181469,96.93,United Kingdom,9,0,0,Autumn,Large,19.1,5.0,16.9,1
2022-09-03,Manchester,36.59,42.57,36.97154472,34.78674699,2.184797727,97.64,United Kingdom,9,5,1,Autumn,Medium,18.4,0.3,20.3,1
2023-02-25,Manchester,68.97,73.0,13.89162562,13.15483333,0.736792282,98.57,United Kingdom,2,5,1,Winter,Medium,2.7,0.0,22.2,0
2025-06-09,London Heathrow,87.44,87.21,6.911373708,7.113382353,-0.202008645,98.55,United Kingdom,6,0,0,Summer,Large,15.1,0.1,16.8,0
2023-07-08,Manchester,31.82,34.96,43.90530303,44.14091479,-0.235611757,96.11,United Kingdom,7,5,1,Summer,Medium,20.3,28.0,29.1,1
2023-01-09,Manchester,74.46,81.62,11.70652174,9.856306306,1.850215433,98.45,United Kingdom,1,0,0,Winter,Medium,4.9,6.4,28.9,0
2023-11-26,London Gatwick,68.0,57.41,13.42769231,20.23518519,-6.807492877,93.16,United Kingdom,11,6,1,Autumn,Medium,3.5,4.5,22.2,0
2024-01-07,Manchester,69.91,66.52,17.2920354,19.34608696,-2.054051558,97.05,United Kingdom,1,6,1,Winter,Medium,0.9,0.0,7.1,1
2022-05-26,London Stansted,62.02,65.48,16.65156794,17.12443654,-0.472868592,96.01,United Kingdom,5,3,0,Spring,Medium,15.1,0.0,35.0,1
2025-05-09,London Stansted,64.88,63.51,15.33110368,17.37443694,-2.043333258,90.99,United Kingdom,5,4,0,Spring,Medium,10.6,0.0,21.0,1
2026-02-13,Manchester,54.61,53.55,20.74822695,21.59379433,-0.845567376,97.61,United Kingdom,2,4,0,Winter,Medium,2.5,4.4,24.3,1
2023-11-08,London Gatwick,89.7,89.32,4.051502146,7.224928775,-3.173426629,93.57,United Kingdom,11,2,0,Autumn,Medium,9.4,8.0,34.0,0
2024-02-13,London Heathrow,87.64,90.15,7.582520325,5.642568659,1.939951666,98.56,United Kingdom,2,1,0,Winter,Large,7.8,3.9,24.7,0
2022-11-23,London Stansted,84.18,87.76,7.540816327,7.50952381,0.031292517,95.17,United Kingdom,11,2,0,Autumn,Medium,6.9,6.3,37.0,0
2025-08-11,London Gatwick,48.95,55.56,24.14219114,21.89143519,2.250755957,92.06,United Kingdom,8,0,0,Summer,Medium,20.6,0.0,13.9,1
2023-05-04,London Heathrow,70.47,62.83,15.26940639,19.35990783,-4.090501441,98.21,United Kingdom,5,3,0,Spring,Large,12.9,0.6,22.2,1
2025-04-07,Manchester,78.52,82.71,10.10738255,8.608813559,1.498568991,96.47,United Kingdom,4,0,0,Spring,Medium,7.4,0.0,13.7,0
2022-12-08,London Heathrow,54.93,73.47,22.23639456,13.95671769,8.279676871,98.5,United Kingdom,12,3,0,Winter,Large,-1.2,0.0,9.5,1
2022-01-05,London Gatwick,92.2,81.82,4.078014184,8.752447552,-4.674433368,95.27,United Kingdom,1,2,0,Winter,Medium,2.1,0.0,22.8,0
2025-04-10,Manchester,71.74,76.62,13.59782609,14.52302158,-0.925195496,94.93,United Kingdom,4,3,0,Spring,Medium,8.1,0.0,7.9,0
2022-08-05,London Stansted,55.05,57.73,23.71498258,25.10761741,-1.392634833,96.98,United Kingdom,8,4,0,Summer,Medium,17.0,0.0,22.9,1
2024-10-29,Manchester,69.35,78.93,16.8045977,13.89565773,2.908939974,84.01,United Kingdom,10,1,0,Autumn,Medium,12.3,0.5,14.3,1
2026-01-22,London Stansted,89.25,89.95,8.376344086,8.202116402,0.174227684,97.93,United Kingdom,1,3,0,Winter,Medium,7.3,5.6,25.0,0
2022-07-01,Manchester,28.36,43.66,51.04104478,41.08090796,9.960136816,93.47,United Kingdom,7,4,0,Summer,Medium,14.3,3.0,21.2,1
2024-03-05,Manchester,85.88,87.57,7.220338983,6.018455744,1.201883239,97.81,United Kingdom,3,1,0,Spring,Medium,6.5,0.5,28.4,0
2022-11-08,London Gatwick,89.24,90.87,5.062780269,6.430669711,-1.367889442,96.57,United Kingdom,11,1,0,Autumn,Medium,12.6,4.4,38.1,0
2023-01-01,London Gatwick,72.96,72.96,15.17924528,14.23595388,0.943291405,98.45,United Kingdom,1,6,1,Winter,Medium,9.9,4.8,39.5,1
2022-05-28,London Gatwick,36.31,49.7,37.77233429,32.83836292,4.933971375,93.14,United Kingdom,5,5,1,Spring,Medium,12.2,0.3,15.3,1
2023-09-15,London Heathrow,58.82,62.26,21.7586727,18.83160401,2.92706869,97.8,United Kingdom,9,4,0,Autumn,Large,17.3,0.0,11.2,1
2025-09-14,Manchester,44.9,49.68,30.02866242,29.38105096,0.647611465,94.03,United Kingdom,9,6,1,Autumn,Medium,11.7,10.8,36.9,1
2024-04-15,London Stansted,59.42,53.33,20.79347826,23.61064327,-2.817165014,94.97,United Kingdom,4,0,0,Spring,Medium,7.5,5.1,41.0,1
2024-05-12,London Heathrow,69.11,71.47,17.07186544,15.27512513,1.796740318,96.77,United Kingdom,5,6,1,Spring,Large,17.8,0.0,14.8,1
2022-09-17,London Heathrow,51.43,60.75,27.29511111,24.77943396,2.515677149,93.97,United Kingdom,9,5,1,Autumn,Large,11.3,0.0,16.5,1
2024-02-09,London Heathrow,77.01,78.03,12.16062992,10.58343949,1.577190431,96.25,United Kingdom,2,4,0,Winter,Large,10.4,6.5,28.6,0
2024-05-15,Manchester,78.24,77.27,12.1870229,10.81565657,1.371366335,97.79,United Kingdom,5,2,0,Spring,Medium,14.9,3.9,17.1,0
2023-06-15,Manchester,50.18,59.22,28.65263158,23.77015366,4.882477915,96.03,United Kingdom,6,3,0,Summer,Medium,19.1,0.0,17.7,1
2025-04-30,Manchester,84.27,81.47,7.082397004,9.977284427,-2.894887424,97.47,United Kingdom,4,2,0,Spring,Medium,16.7,0.0,12.6,0
2022-03-15,London Heathrow,76.02,87.44,11.77753797,7.501972625,4.275565345,96.8,United Kingdom,3,1,0,Spring,Large,8.1,0.0,11.0,0
2024-10-12,London Stansted,60.7,62.41,17.95438596,19.69261229,-1.738226328,96.68,United Kingdom,10,5,1,Autumn,Medium,9.1,3.3,26.9,1
2023-05-29,London Stansted,66.06,66.55,15.50902527,15.83054545,-0.321520184,95.65,United Kingdom,5,0,0,Spring,Medium,11.3,0.0,25.1,1
2022-10-14,London Gatwick,65.96,69.58,17.20478723,15.48690476,1.717882472,99.21,United Kingdom,10,4,0,Autumn,Medium,12.1,0.6,16.0,1
2023-12-12,Manchester,75.77,76.29,13.3556701,13.23608247,0.119587629,94.29,United Kingdom,12,1,0,Winter,Medium,7.4,3.7,21.4,0
2022-08-14,London Heathrow,61.97,82.23,19.94332724,11.8989011,8.044426141,97.86,United Kingdom,8,6,1,Summer,Large,25.2,0.0,13.9,1
2025-12-03,London Heathrow,82.26,85.24,11.54434251,6.841349569,4.702992939,99.24,United Kingdom,12,2,0,Winter,Large,5.6,0.1,11.8,0
2024-01-17,London Stansted,67.51,66.5,16.24873096,17.3536379,-1.104906937,94.34,United Kingdom,1,2,0,Winter,Medium,-0.7,0.0,19.7,1
2023-10-08,London Stansted,76.62,78.25,12.98201439,15.31760234,-2.335587951,96.92,United Kingdom,10,6,1,Autumn,Medium,16.7,0.0,14.3,0
2025-02-16,London Heathrow,86.82,83.03,8.003100775,9.954204893,-1.951104118,99.54,United Kingdom,2,6,1,Winter,Large,2.9,0.0,15.9,0
2025-04-25,London Gatwick,80.67,75.39,10.05412371,12.58687392,-2.532750209,91.8,United Kingdom,4,4,0,Spring,Medium,9.7,0.0,14.1,0
2024-11-01,London Heathrow,83.38,89.4,10.88461538,6.215360983,4.669254402,98.52,United Kingdom,11,4,0,Autumn,Large,9.8,0.0,12.0,0
2024-11-13,London Gatwick,83.82,85.83,7.31120332,7.767777778,-0.456574458,93.41,United Kingdom,11,2,0,Autumn,Medium,8.3,0.0,14.5,0
2022-05-02,London Stansted,78.4,78.33,12.808,10.16768061,2.640319392,96.2,United Kingdom,5,0,0,Spring,Medium,11.3,0.0,8.9,0
2025-11-20,London Heathrow,84.38,85.95,10.66156202,8.532442748,2.129119273,98.5,United Kingdom,11,3,0,Autumn,Large,1.0,0.0,19.8,0
2024-06-28,London Gatwick,24.66,26.9,59.21138211,63.25807953,-4.046697412,79.28,United Kingdom,6,4,0,Summer,Medium,15.5,0.0,22.0,1
2023-09-06,London Stansted,74.24,74.57,13.00638418,14.65183276,-1.64544858,95.24,United Kingdom,9,2,0,Autumn,Medium,21.8,0.0,12.1,0
2025-11-18,London Gatwick,90.09,92.49,7.202830189,6.101956182,1.100874007,96.38,United Kingdom,11,1,0,Autumn,Medium,2.7,1.2,15.9,0
2023-08-24,London Stansted,40.13,36.0,58.53721683,63.80072222,-5.263505394,96.31,United Kingdom,8,3,0,Summer,Medium,19.8,2.8,16.1,1
2023-03-29,London Heathrow,60.77,67.89,18.2687813,16.12201784,2.146763465,93.57,United Kingdom,3,2,0,Spring,Large,11.4,3.6,25.6,1
2022-04-09,London Gatwick,58.17,60.78,19.9248366,19.69738562,0.22745098,98.72,United Kingdom,4,5,1,Spring,Medium,5.5,0.8,16.7,1
2026-01-04,London Heathrow,36.39,51.89,39.97310127,31.00283912,8.970262149,95.06,United Kingdom,1,6,1,Winter,Large,-1.0,0.0,12.0,1
2026-02-04,London Gatwick,91.26,93.17,6.902912621,4.238536585,2.664376036,97.18,United Kingdom,2,2,0,Winter,Medium,6.8,0.4,24.9,0
2024-03-19,London Heathrow,74.04,73.2,11.7611465,13.44715256,-1.686006063,95.65,United Kingdom,3,1,0,Spring,Large,11.3,0.1,22.6,0
2022-01-16,Manchester,79.2,86.92,8.872,8.381666667,0.490333333,76.33,United Kingdom,1,6,1,Winter,Medium,4.1,1.1,14.2,0
2024-09-09,London Stansted,58.31,61.11,25.63050847,24.71556713,0.914941345,94.43,United Kingdom,9,0,0,Autumn,Medium,14.7,0.2,25.7,1
2023-07-08,London Stansted,50.88,43.06,28.43109541,33.57989324,-5.148797832,96.0,United Kingdom,7,5,1,Summer,Medium,20.9,7.8,21.2,1
2025-03-04,Manchester,93.07,91.04,4.366336634,5.724461028,-1.358124395,97.61,United Kingdom,3,1,0,Spring,Medium,5.9,0.0,16.6,0
2022-11-12,Manchester,81.11,83.72,8.361111111,7.053875969,1.307235142,93.0,United Kingdom,11,5,1,Autumn,Medium,11.9,0.0,22.0,0
2025-07-02,London Gatwick,50.62,57.25,27.98503741,25.79654167,2.18849574,91.59,United Kingdom,7,2,0,Summer,Medium,20.4,6.0,19.1,1
2025-09-04,London Heathrow,62.92,68.09,18.19854015,18.20979813,-0.011257983,98.85,United Kingdom,9,3,0,Autumn,Large,15.8,8.8,22.2,1
2025-05-20,Manchester,76.12,74.92,10.84429066,10.55932203,0.284968624,94.82,United Kingdom,5,1,0,Spring,Medium,13.6,0.4,13.3,0
2026-03-25,Manchester,66.19,64.59,19.4952381,21.68532695,-2.190088859,95.98,United Kingdom,3,2,0,Spring,Medium,4.4,14.1,35.7,1
2025-03-08,London Heathrow,87.28,88.22,7.489533011,6.574386252,0.915146759,98.89,United Kingdom,3,5,1,Spring,Large,10.8,0.0,12.8,0
2025-05-06,London Gatwick,83.61,83.1,8.06284153,8.468513389,-0.405671859,92.68,United Kingdom,5,1,0,Spring,Medium,9.0,0.0,19.0,0
2026-04-07,Manchester,81.03,82.24,10.56126482,9.017503218,1.543761605,98.08,United Kingdom,4,1,0,Spring,Medium,11.9,0.0,22.7,0
2024-12-12,London Stansted,70.05,71.82,13.80645161,11.57659091,2.229860704,93.67,United Kingdom,12,3,0,Winter,Medium,6.4,0.5,16.6,0
2024-11-13,Manchester,75.94,84.49,13.44919786,10.40534759,3.043850267,97.92,United Kingdom,11,2,0,Autumn,Medium,6.1,0.0,12.0,0
2024-05-19,London Heathrow,68.38,72.03,15.43721634,13.40107769,2.036138645,98.51,United Kingdom,5,6,1,Spring,Large,15.2,0.1,19.0,1
2025-03-20,Manchester,81.43,84.32,10.08860759,8.487358757,1.601248838,97.98,United Kingdom,3,3,0,Spring,Medium,10.3,0.0,21.2,0
2026-02-01,London Heathrow,88.38,88.85,7.657770801,8.366012559,-0.708241758,98.61,United Kingdom,2,6,1,Winter,Large,6.6,9.6,10.9,0
2023-03-22,London Heathrow,63.82,72.61,17.9375,15.80910341,2.12839659,97.14,United Kingdom,3,2,0,Spring,Large,11.4,2.7,31.9,1
2022-02-19,London Gatwick,55.38,50.53,36.24731183,40.46507092,-4.217759094,94.23,United Kingdom,2,5,1,Winter,Medium,5.3,7.4,40.0,1
2022-03-04,London Gatwick,90.05,89.01,4.984293194,6.418411867,-1.434118674,96.04,United Kingdom,3,4,0,Spring,Medium,6.8,1.1,16.1,0
2023-01-08,London Stansted,77.03,74.67,10.72522523,11.24948148,-0.524256256,97.82,United Kingdom,1,6,1,Winter,Medium,6.5,1.0,31.7,0
2024-07-17,London Heathrow,57.79,64.77,21.48031863,18.49471248,2.985606152,97.72,United Kingdom,7,2,0,Summer,Large,17.5,0.0,14.3,1
2023-05-27,London Stansted,71.38,65.56,14.89492754,16.75395062,-1.859023081,94.9,United Kingdom,5,5,1,Spring,Medium,12.1,0.0,16.9,0
2023-12-16,London Stansted,63.75,71.77,17.7689243,13.0921371,4.676787206,94.16,United Kingdom,12,5,1,Winter,Medium,8.4,0.0,21.2,1
2023-02-09,London Stansted,81.64,85.35,8.690821256,9.446632997,-0.755811741,94.55,United Kingdom,2,3,0,Winter,Medium,2.4,0.0,15.0,0
2022-03-25,London Heathrow,64.97,83.16,18.1910828,9.759719298,8.431363504,97.74,United Kingdom,3,4,0,Spring,Large,8.9,0.0,14.6,1
2024-06-16,London Gatwick,45.86,50.47,26.44444444,26.69075829,-0.246313849,91.67,United Kingdom,6,6,1,Summer,Medium,14.0,0.4,23.7,1
2025-09-26,London Stansted,76.8,69.54,11.83660131,14.51666667,-2.680065359,95.11,United Kingdom,9,4,0,Autumn,Medium,11.4,0.0,19.9,0
2025-03-14,London Heathrow,90.09,91.79,7.347560976,4.423530902,2.924030074,98.5,United Kingdom,3,4,0,Spring,Large,3.1,0.3,13.8,0
2024-09-27,London Stansted,39.67,46.38,37.17704918,36.01112939,1.165919794,94.88,United Kingdom,9,4,0,Autumn,Medium,10.2,11.0,33.3,1
2026-02-08,Manchester,70.72,73.68,12.31178707,12.87863409,-0.566847013,97.48,United Kingdom,2,6,1,Winter,Medium,7.6,3.2,21.1,0
2026-05-19,London Heathrow,89.43,85.06,6.782477341,8.317073171,-1.534595829,98.52,United Kingdom,5,1,0,Spring,Large,13.9,5.6,23.9,0
2022-06-21,London Stansted,61.71,59.62,21.9739777,23.36647436,-1.392496664,96.45,United Kingdom,6,1,0,Summer,Medium,15.2,0.0,11.4,1
2025-10-10,London Gatwick,80.94,80.45,9.660891089,10.775,-1.114108911,92.68,United Kingdom,10,4,0,Autumn,Medium,13.6,0.0,9.2,0
2025-11-10,London Gatwick,86.88,92.25,6.989361702,4.598591549,2.390770153,97.58,United Kingdom,11,0,0,Autumn,Medium,11.2,8.5,26.0,0
2026-03-29,London Heathrow,78.77,75.53,18.22528363,23.89268624,-5.667402612,89.13,United Kingdom,3,6,1,Spring,Large,6.8,0.7,25.1,1
2023-11-08,Manchester,75.0,81.28,14.74456522,13.31265597,1.431909246,93.1,United Kingdom,11,2,0,Autumn,Medium,7.8,2.5,34.1,0
2023-08-10,Manchester,48.97,66.09,24.42928082,18.16326413,6.266016693,97.7,United Kingdom,8,3,0,Summer,Medium,20.6,0.0,17.7,1
2023-05-06,London Gatwick,57.8,65.89,22.88439306,18.98046647,3.903926591,94.32,United Kingdom,5,5,1,Spring,Medium,11.6,5.9,20.6,1
2022-05-10,London Gatwick,76.47,78.22,13.0,12.72965235,0.270347648,97.6,United Kingdom,5,1,0,Spring,Medium,14.5,0.4,26.0,0
2023-03-03,London Stansted,79.28,70.52,12.32669323,16.03964143,-3.712948207,95.86,United Kingdom,3,4,0,Spring,Medium,4.1,0.3,18.2,0
2025-04-28,London Gatwick,78.18,76.32,12.4281768,15.42706592,-2.998889128,88.81,United Kingdom,4,0,0,Spring,Medium,14.2,0.0,9.2,0
2023-08-16,London Stansted,61.3,58.92,18.94178082,21.66049383,-2.718713005,95.56,United Kingdom,8,2,0,Summer,Medium,18.0,0.6,13.8,1
2024-05-29,London Stansted,62.84,69.33,16.32432432,14.84577778,1.478546547,96.21,United Kingdom,5,2,0,Spring,Medium,14.4,0.4,23.8,1
2024-01-02,London Gatwick,64.07,65.41,17.66101695,18.18984018,-0.528823233,92.05,United Kingdom,1,1,0,Winter,Medium,10.7,18.4,50.2,1
2022-01-09,Manchester,76.07,76.51,10.88844581,12.13192771,-1.243481903,90.22,United Kingdom,1,6,1,Winter,Medium,4.1,6.2,23.8,0
2022-08-06,London Stansted,51.52,50.38,24.21212121,25.29987469,-1.087753475,96.1,United Kingdom,8,5,1,Summer,Medium,16.7,0.0,16.4,1
2023-12-29,London Stansted,66.79,63.91,16.25283019,20.20162907,-3.948798884,95.39,United Kingdom,12,4,0,Winter,Medium,7.0,3.4,29.5,1
2023-05-30,London Stansted,65.41,66.78,17.58219178,18.28438228,-0.702190504,97.06,United Kingdom,5,1,0,Spring,Medium,11.5,0.0,24.7,1
2026-02-24,London Gatwick,88.85,89.89,5.194244604,5.272503008,-0.078258404,98.94,United Kingdom,2,1,0,Winter,Medium,10.9,0.9,22.1,0
2022-02-16,London Gatwick,91.89,82.31,4.576463964,7.417687075,-2.841223111,95.54,United Kingdom,2,2,0,Winter,Medium,11.8,4.2,43.7,0
2026-03-28,London Heathrow,83.06,85.62,10.51993355,8.929877369,1.590056186,97.58,United Kingdom,3,5,1,Spring,Large,6.6,1.4,22.8,0
2023-07-04,Manchester,53.38,65.45,23.41729323,20.86672727,2.55056596,97.52,United Kingdom,7,1,0,Summer,Medium,13.5,0.4,18.2,1
2025-12-05,London Stansted,65.22,70.13,23.7090301,18.87768456,4.831345537,97.11,United Kingdom,12,4,0,Winter,Medium,3.8,5.5,34.9,1
2024-01-13,Manchester,77.56,71.29,11.48292683,11.93500797,-0.452081145,98.58,United Kingdom,1,5,1,Winter,Medium,4.2,0.5,12.3,0
2023-06-11,London Heathrow,42.31,57.99,43.8231405,30.17579872,13.64734177,92.27,United Kingdom,6,6,1,Summer,Large,20.9,5.1,18.1,1
2025-02-08,London Heathrow,88.14,92.93,6.886326194,4.978070175,1.908256019,98.23,United Kingdom,2,5,1,Winter,Large,4.5,2.5,15.8,0
2023-11-23,Manchester,79.08,83.33,11.6122449,7.631397306,3.980847592,96.21,United Kingdom,11,3,0,Autumn,Medium,10.9,3.2,32.1,0
2023-04-12,London Stansted,56.37,49.81,29.34620335,28.97027027,0.375933076,96.06,United Kingdom,4,2,0,Spring,Medium,6.7,5.1,40.6,1
2025-09-16,Manchester,48.68,42.38,29.76973684,31.90071744,-2.130980597,97.19,United Kingdom,9,1,0,Autumn,Medium,12.8,4.0,28.2,1
2024-03-17,London Gatwick,74.73,70.99,12.58516484,13.79484346,-1.209678627,92.27,United Kingdom,3,6,1,Spring,Medium,10.5,7.9,21.4,0
2025-05-19,London Gatwick,69.33,72.08,14.19845361,13.59137056,0.60708305,91.75,United Kingdom,5,0,0,Spring,Medium,12.6,0.4,16.5,0
2024-01-28,London Heathrow,89.07,89.54,6.088091354,6.399291939,-0.311200585,98.72,United Kingdom,1,6,1,Winter,Large,6.0,0.0,14.6,0
2023-03-03,Manchester,84.16,84.42,8.079207921,9.053266332,-0.974058411,99.52,United Kingdom,3,4,0,Spring,Medium,3.4,0.0,10.9,0
2023-10-15,Manchester,47.81,58.06,27.39781022,22.86935484,4.52845538,97.91,United Kingdom,10,6,1,Autumn,Medium,5.2,0.0,13.5,1
2022-02-03,Manchester,82.93,85.83,8.983739837,6.355,2.628739837,92.54,United Kingdom,2,3,0,Winter,Medium,8.4,0.4,27.0,0
2023-06-22,London Heathrow,53.02,61.46,27.4124031,24.62293602,2.789467084,95.99,United Kingdom,6,3,0,Summer,Large,20.1,0.0,11.3,1
2024-08-22,Manchester,54.97,66.06,21.10869565,17.85173293,3.256962727,97.6,United Kingdom,8,3,0,Summer,Medium,15.6,11.9,35.0,1
2022-02-14,Manchester,71.08,85.89,14.94136546,7.481799591,7.459565871,93.96,United Kingdom,2,0,0,Winter,Medium,5.6,6.5,28.0,0
2022-12-10,London Heathrow,28.5,57.09,46.02699115,25.15777977,20.86921138,96.15,United Kingdom,12,5,1,Winter,Large,-1.3,0.0,9.5,1
2023-03-14,London Gatwick,79.03,76.43,11.07116105,13.1464512,-2.075290155,98.17,United Kingdom,3,1,0,Spring,Medium,6.1,4.2,28.6,0
2022-12-10,London Gatwick,47.41,62.5,33.89641434,26.74294355,7.153470794,96.68,United Kingdom,12,5,1,Winter,Medium,-1.1,0.0,9.9,1
2022-04-23,London Gatwick,66.67,70.31,19.32901235,17.10870307,2.220309274,99.66,United Kingdom,4,5,1,Spring,Medium,12.1,0.4,31.1,1
2026-04-12,Manchester,72.52,72.54,14.70198675,11.71129944,2.99068732,98.08,United Kingdom,4,6,1,Spring,Medium,8.2,5.4,35.8,0
2022-04-02,London Gatwick,66.33,69.52,19.54421769,19.64178082,-0.097563135,88.99,United Kingdom,4,5,1,Spring,Medium,2.7,1.1,17.3,1
2022-12-24,London Gatwick,72.09,73.26,13.0,12.55116279,0.448837209,97.74,United Kingdom,12,5,1,Winter,Medium,8.4,0.2,21.7,0
2024-08-07,London Heathrow,57.76,70.43,23.69104478,15.72511144,7.965933335,97.68,United Kingdom,8,2,0,Summer,Large,17.0,0.0,21.6,1
2026-03-01,Manchester,78.28,74.35,11.58801498,13.91815366,-2.330138674,92.44,United Kingdom,3,6,1,Spring,Medium,8.8,0.0,31.9,0
2022-08-25,London Gatwick,26.9,29.31,43.39593909,43.11435304,0.281586044,98.27,United Kingdom,8,3,0,Summer,Medium,18.5,18.4,12.8,1
2022-10-17,London Gatwick,58.99,66.14,18.37301587,16.37808399,1.994931884,99.74,United Kingdom,10,0,0,Autumn,Medium,14.8,3.8,22.3,1
2026-02-23,Manchester,59.71,55.31,18.83150183,23.0545177,-4.223015873,97.19,United Kingdom,2,0,0,Winter,Medium,8.9,5.0,28.2,1
2026-04-12,London Heathrow,87.06,82.14,8.423728814,9.057251908,-0.633523095,96.74,United Kingdom,4,6,1,Spring,Large,10.1,0.6,22.3,0
2022-05-25,London Heathrow,58.58,74.2,21.56499133,15.47311543,6.091875905,97.82,United Kingdom,5,2,0,Spring,Large,13.2,0.1,26.9,1
2025-08-26,London Stansted,77.26,73.51,11.46153846,12.16865342,-0.70711496,94.72,United Kingdom,8,1,0,Summer,Medium,19.7,0.5,21.2,0
2022-03-05,London Heathrow,74.07,84.78,12.93055556,8.650117096,4.28043846,97.16,United Kingdom,3,5,1,Spring,Large,5.9,1.0,27.5,0
2022-03-05,Manchester,65.36,80.79,22.74860335,14.05367232,8.694931036,97.31,United Kingdom,3,5,1,Spring,Medium,3.3,0.0,25.3,1
2025-03-31,London Heathrow,86.15,82.14,8.496923077,10.50478372,-2.007860638,95.82,United Kingdom,3,0,0,Spring,Large,10.4,0.0,12.1,0
2022-04-12,London Stansted,66.53,64.23,16.48333333,20.49993225,-4.016598916,95.8,United Kingdom,4,1,0,Spring,Medium,12.3,0.9,22.3,1
2023-11-07,London Heathrow,87.18,88.29,6.855769231,5.749446203,1.106323028,97.21,United Kingdom,11,1,0,Autumn,Large,7.9,0.1,23.9,0
2022-06-12,London Heathrow,52.82,66.9,24.85811966,17.47467124,7.383448417,97.85,United Kingdom,6,6,1,Summer,Large,15.5,0.3,18.9,1
2023-03-12,Manchester,65.89,60.55,20.8364486,19.78769113,1.048757467,96.49,United Kingdom,3,6,1,Spring,Medium,8.3,10.0,29.9,1
2024-02-26,London Heathrow,50.55,45.63,24.07350026,23.2890567,0.784443557,95.31,United Kingdom,2,0,0,Winter,Large,6.2,0.9,38.3,1
2022-04-22,London Stansted,78.17,71.37,12.33419312,13.92901961,-1.594826486,96.95,United Kingdom,4,4,0,Spring,Medium,10.7,0.4,31.2,0
2022-08-16,Manchester,49.0,64.94,27.66666667,18.34541833,9.32124834,96.98,United Kingdom,8,1,0,Summer,Medium,17.3,4.3,13.8,1
2024-02-21,London Heathrow,82.13,75.49,8.945983607,11.13164488,-2.185661274,95.34,United Kingdom,2,2,0,Winter,Large,9.9,3.8,32.4,0
2024-12-08,London Heathrow,54.0,56.16,27.87709497,32.40099638,-4.523901405,82.02,United Kingdom,12,6,1,Winter,Large,6.9,5.3,33.9,1
2023-07-10,London Stansted,55.7,58.59,22.35234899,24.69438833,-2.342039334,93.62,United Kingdom,7,0,0,Summer,Medium,18.2,0.0,29.2,1
2025-09-13,London Heathrow,58.55,60.75,24.63020031,21.0575026,3.572697712,98.34,United Kingdom,9,5,1,Autumn,Large,14.0,1.9,19.6,1
2023-11-24,London Heathrow,79.11,76.46,10.31170886,10.13070887,0.180999986,96.5,United Kingdom,11,4,0,Autumn,Large,7.2,0.1,24.7,0
2025-12-18,London Gatwick,62.35,71.3,19.68823529,18.86533531,0.822899988,97.14,United Kingdom,12,3,0,Winter,Medium,10.3,26.3,42.5,1
2022-06-29,Manchester,32.4,49.6,45.072,37.48240741,7.589592593,92.5,United Kingdom,6,2,0,Summer,Medium,15.7,6.7,23.7,1
2023-01-07,London Stansted,58.44,57.64,23.57575758,26.49657933,-2.920821755,97.18,United Kingdom,1,5,1,Winter,Medium,9.6,4.3,37.3,1
2024-08-27,Manchester,59.12,70.25,18.68867925,14.4021097,4.286569541,95.85,United Kingdom,8,1,0,Summer,Medium,16.6,2.1,31.8,1
2023-02-07,London Heathrow,47.16,54.55,32.56060606,34.24479167,-1.684185606,90.92,United Kingdom,2,1,0,Winter,Large,1.7,0.0,6.3,1
2022-08-25,London Stansted,25.44,40.14,62.01045296,54.31129032,7.699162639,96.08,United Kingdom,8,3,0,Summer,Medium,17.9,15.1,16.9,1
2025-01-08,Manchester,34.21,50.0,40.45394737,29.76969697,10.6842504,95.21,United Kingdom,1,2,0,Winter,Medium,-3.5,0.0,11.9,1
2022-04-21,London Heathrow,80.34,84.91,11.45839576,7.829528302,3.628867453,89.02,United Kingdom,4,3,0,Spring,Large,12.0,0.0,21.9,0
2023-12-09,London Stansted,69.47,69.06,14.64159292,21.33475336,-6.693160443,96.64,United Kingdom,12,5,1,Winter,Medium,8.4,7.9,37.9,0
2025-10-15,Manchester,78.18,79.78,9.894545455,9.326474128,0.568071327,97.54,United Kingdom,10,2,0,Autumn,Medium,8.4,0.0,4.3,0
2025-04-12,London Gatwick,68.61,73.57,15.91944444,13.00154405,2.917900394,93.16,United Kingdom,4,5,1,Spring,Medium,12.4,0.0,14.2,1
2024-06-20,London Gatwick,47.9,49.77,25.08878505,24.82589147,0.262893574,90.72,United Kingdom,6,3,0,Summer,Medium,15.4,0.0,13.3,1
2022-02-23,London Stansted,85.33,82.89,6.946666667,9.342872807,-2.39620614,94.41,United Kingdom,2,2,0,Winter,Medium,6.0,0.1,34.4,0
2023-10-19,London Heathrow,60.74,53.63,18.32457496,21.45996909,-3.135394127,95.03,United Kingdom,10,3,0,Autumn,Large,15.7,6.5,30.0,1
2024-09-21,Manchester,46.67,52.9,29.4,25.21143345,4.188566553,98.38,United Kingdom,9,5,1,Autumn,Medium,16.3,0.0,21.8,1
2025-11-22,London Stansted,80.71,78.8,13.31889764,11.35646667,1.962430971,98.47,United Kingdom,11,5,1,Autumn,Medium,4.1,8.9,27.2,0
2025-09-20,London Heathrow,46.57,70.8,40.97663551,17.09994767,23.87668784,96.84,United Kingdom,9,5,1,Autumn,Large,16.2,0.1,26.1,1
2023-08-25,London Heathrow,43.63,48.96,36.38853503,31.19944,5.189095032,92.57,United Kingdom,8,4,0,Summer,Large,16.4,0.1,16.1,1
2024-11-08,London Heathrow,84.71,84.81,8.619190405,7.877092732,0.742097673,99.4,United Kingdom,11,4,0,Autumn,Large,9.0,0.1,12.6,0
2026-02-21,Manchester,53.65,52.71,22.5620438,25.32839952,-2.766355723,95.9,United Kingdom,2,5,1,Winter,Medium,9.6,8.5,25.2,1
2022-12-02,London Heathrow,62.44,73.12,18.77664975,15.95542237,2.821227372,97.85,United Kingdom,12,4,0,Winter,Large,5.2,0.2,18.1,1
2024-12-26,Manchester,27.07,37.61,44.34061135,41.95890313,2.38170822,93.77,United Kingdom,12,3,0,Winter,Medium,7.1,0.0,8.0,1
2024-06-04,London Stansted,64.12,72.76,22.77718715,15.69678848,7.080398671,93.96,United Kingdom,6,1,0,Summer,Medium,14.8,2.3,26.5,1
2022-08-20,London Stansted,55.13,53.82,27.121673,32.04910941,-4.927436411,95.73,United Kingdom,8,5,1,Summer,Medium,18.0,0.2,22.4,1
2023-09-26,London Heathrow,58.67,70.44,19.63046757,16.06551031,3.564957265,97.93,United Kingdom,9,1,0,Autumn,Large,16.8,4.6,25.0,1
2022-08-24,London Stansted,67.66,71.22,14.99628253,13.99883149,0.99745104,96.47,United Kingdom,8,2,0,Summer,Medium,22.0,0.2,22.3,0
